,y_test,top1_digit,top1_prob,top2_digit,top2_prob
0,7,7,0.9999309,3,5.6519213e-05
1,2,2,0.9999735,1,2.6462969e-05
2,1,1,0.9999953,8,2.3645416e-06
3,0,0,0.99992484,6,7.425298e-05
4,4,4,0.9999984,9,1.1581214e-06
5,1,1,0.99999243,7,5.3516264e-06
6,4,4,0.9984657,8,0.0014440402
7,9,9,0.99945796,8,0.00049470883
8,5,5,0.9969631,8,0.0021071467
9,9,9,0.99995536,4,1.5783433e-05
10,0,0,0.99999815,2,1.6665417e-06
11,6,6,0.9999998,0,7.06963e-08
12,9,9,0.99996454,8,3.177915e-05
13,0,0,0.9999972,6,2.601817e-06
14,1,1,0.99998635,8,1.0842183e-05
15,5,5,0.9999959,3,4.0258806e-06
16,9,9,0.9999873,8,1.0253969e-05
17,7,7,0.999935,2,4.2333366e-05
18,3,3,0.6589366,5,0.31550825
19,4,4,0.9999986,2,7.978448e-07
20,9,9,0.99960905,7,0.00037468056
21,6,6,0.9999787,5,2.1257074e-05
22,6,6,0.9999992,4,6.9929325e-07
23,5,5,0.99999994,3,5.7537996e-08
24,4,4,0.99997896,9,1.440532e-05
25,0,0,0.99982476,6,9.9454475e-05
26,7,7,0.99955696,2,0.00041692017
27,4,4,0.99999994,2,4.637828e-08
28,0,0,0.9999923,2,6.1755763e-06
29,1,1,0.99989885,4,4.5646782e-05
30,3,3,0.9999998,5,1.5838144e-07
31,1,1,0.99959415,8,0.00021228797
32,3,3,0.9999996,5,3.6595887e-07
33,4,4,0.9994508,2,0.00029164407
34,7,7,0.9999773,3,2.0786894e-05
35,2,2,0.99999994,7,2.5163063e-08
36,7,7,0.9854815,2,0.01446147
37,1,1,0.99998504,4,5.018393e-06
38,2,2,0.9999611,1,3.715679e-05
39,1,1,0.9999098,8,7.137607e-05
40,1,1,0.99982953,8,5.4480763e-05
41,7,7,0.99503195,2,0.0047212923
42,4,4,0.9999221,9,5.5737855e-05
43,2,2,0.99999434,1,1.9456627e-06
44,3,3,0.99998575,5,1.35900345e-05
45,5,5,0.9999996,8,1.9997564e-07
46,1,1,0.9973727,2,0.0017221331
47,2,2,0.9999998,4,6.6572454e-08
48,4,4,0.9999799,8,1.02057675e-05
49,4,4,0.99999994,9,1.5900232e-08
50,6,6,0.9999966,5,2.8912273e-06
51,3,3,0.9999998,8,8.734026e-08
52,5,5,0.9999967,3,3.1650584e-06
53,5,5,0.9999996,3,3.538896e-07
54,6,6,0.99999994,5,1.8005712e-08
55,0,0,0.9999973,8,1.3350989e-06
56,4,4,0.99999994,5,9.1433305e-10
57,1,1,0.99997205,7,1.3591636e-05
58,9,9,0.9999973,4,2.4344502e-06
59,5,5,0.99876904,9,0.0009636469
60,7,7,0.9999276,3,5.2689058e-05
61,8,8,0.9999997,2,2.5558722e-07
62,9,5,0.6237283,9,0.37594682
63,3,3,0.99821496,8,0.0011761514
64,7,7,0.9999195,3,7.9303994e-05
65,4,4,0.9995201,5,0.0003053923
66,6,6,0.9999991,0,5.0889753e-07
67,4,4,0.9847065,9,0.015193841
68,3,3,0.99999946,8,5.1256336e-07
69,0,0,0.9999576,6,3.8706265e-05
70,7,7,0.9994265,2,0.00038374806
71,0,0,0.9999983,6,1.0519332e-06
72,2,2,0.99985576,0,0.0001423284
73,9,9,0.829444,8,0.16879115
74,1,1,0.99996823,4,1.0108416e-05
75,7,7,0.99999934,4,2.7332226e-07
76,3,3,0.99999624,5,3.205302e-06
77,2,2,0.9999222,0,6.0634575e-05
78,9,9,0.99453187,8,0.005382057
79,7,7,0.9998176,2,7.994521e-05
80,7,7,0.9997697,9,0.00014981591
81,6,6,0.9999624,5,3.5783618e-05
82,2,2,0.99999994,8,7.94111e-09
83,7,7,0.9999828,3,8.7191465e-06
84,8,8,0.99999934,5,4.5437625e-07
85,4,4,0.99999803,5,1.1119637e-06
86,7,7,0.99957055,9,0.00025855526
87,3,3,0.9966565,7,0.0028601359
88,6,6,0.99999994,5,5.4860536e-08
89,1,1,0.9995757,8,0.0003222515
90,3,3,0.99999815,5,1.6847735e-06
91,6,6,0.9999998,5,1.7552357e-07
92,9,9,0.9673272,8,0.020618316
93,3,3,0.9999555,5,4.0364877e-05
94,1,1,0.9999177,2,3.5871777e-05
95,4,4,0.94266933,8,0.05568585
96,1,1,0.988252,4,0.005862907
97,7,7,0.9998219,2,0.00014303127
98,6,6,0.9999475,5,3.126833e-05
99,9,9,0.9999996,8,2.5428477e-07
100,6,6,0.9999983,5,1.3392753e-06
101,0,0,0.9999966,6,3.3891731e-06
102,5,5,0.9999955,3,4.3698833e-06
103,4,4,0.99999934,2,5.6320494e-07
104,9,9,0.9992197,8,0.00059684
105,9,9,0.9999965,8,3.1717718e-06
106,2,2,0.9999997,8,2.7280257e-07
107,1,1,0.99996907,8,1.2822216e-05
108,9,9,0.99995476,4,3.7169746e-05
109,4,4,0.99999994,8,4.033198e-08
110,8,8,0.99999994,2,9.0000185e-09
111,7,7,0.9818165,2,0.016167762
112,3,3,0.99999946,5,3.308853e-07
113,9,9,0.99998873,8,9.950129e-06
114,7,7,0.99955374,2,0.00041293353
115,4,9,0.6559698,4,0.26622728
116,4,4,0.99998087,8,1.218843e-05
117,4,4,0.99999994,9,3.5400227e-08
118,9,9,0.9986944,8,0.0013036228
119,2,2,0.9986856,7,0.0011856868
120,5,5,0.9999996,9,3.9787813e-07
121,4,4,0.99987906,8,0.00011780892
122,7,7,0.99960405,3,0.00024108509
123,6,6,0.99999994,5,5.0805777e-08
124,7,7,0.99993855,4,5.93369e-05
125,9,9,0.9995077,8,0.00033683106
126,0,0,0.99978065,9,0.00020847036
127,5,5,0.9999996,9,2.4126615e-07
128,8,8,0.99999994,3,3.0102346e-08
129,5,5,0.99999994,9,1.5834912e-09
130,6,6,0.99997574,5,2.3378767e-05
131,6,6,0.9999965,5,2.920413e-06
132,5,5,0.9999996,3,3.482725e-07
133,7,7,0.9995728,3,0.0003960077
134,8,8,0.99999994,2,6.132015e-09
135,1,1,0.9999803,8,7.1933982e-06
136,0,0,0.99999267,2,5.0640606e-06
137,1,1,0.99995345,2,3.5312656e-05
138,6,6,0.99999994,0,5.2390416e-09
139,4,4,0.999758,8,0.00014829813
140,6,6,0.9999991,5,4.2116002e-07
141,7,7,0.9999717,3,1.4028815e-05
142,3,3,0.9999972,8,2.625807e-06
143,1,1,0.9999977,2,1.2860444e-06
144,7,7,0.99997157,2,1.4874309e-05
145,1,1,0.999978,4,1.706278e-05
146,8,8,0.99999994,9,2.197216e-08
147,2,2,0.99999994,8,3.3570835e-08
148,0,0,0.9999991,6,7.7734927e-07
149,2,2,0.9985666,8,0.0013409031
150,9,9,0.9999921,8,5.7640473e-06
151,9,9,0.8720797,8,0.1278872
152,5,5,0.9999009,9,9.43905e-05
153,5,5,0.9999997,8,2.5500412e-07
154,1,1,0.999927,8,2.7516746e-05
155,5,5,0.99999946,9,4.3530693e-07
156,6,6,0.9999996,0,1.8103619e-07
157,0,0,0.999999,2,5.906309e-07
158,3,3,0.9884306,2,0.011101243
159,4,4,0.9992831,9,0.00070770766
160,4,4,0.9540094,6,0.03423513
161,6,6,0.99999946,5,3.1053457e-07
162,5,5,0.99999994,8,9.932448e-11
163,4,4,0.99999994,9,1.9723272e-08
164,6,6,0.9999983,4,9.756275e-07
165,5,5,0.99999994,3,2.4659851e-08
166,4,4,0.9999991,6,6.8336254e-07
167,5,5,0.9995864,6,0.00030089155
168,1,1,0.9999667,8,2.3408516e-05
169,4,4,0.9999997,2,1.11044734e-07
170,4,4,0.9999998,9,1.2149665e-07
171,7,7,0.8988619,2,0.047904108
172,2,2,0.9999898,8,6.693555e-06
173,3,3,0.99994224,5,3.006296e-05
174,2,2,0.9999986,8,1.2869301e-06
175,7,7,0.7514693,2,0.088997476
176,1,1,0.9999681,8,1.0644498e-05
177,8,8,0.99999946,2,1.8915462e-07
178,1,1,0.9999905,8,5.502035e-06
179,8,8,0.99999994,2,2.9694498e-08
180,1,1,0.9999593,9,1.7259868e-05
181,8,8,0.99999994,5,2.132829e-09
182,5,5,0.99999255,8,6.6013918e-06
183,0,0,0.9999992,2,4.1945253e-07
184,8,8,0.99995846,3,2.6173262e-05
185,9,9,0.9998236,4,0.00010569067
186,2,2,0.9999991,3,2.8666548e-07
187,5,5,0.99999994,3,3.2547138e-09
188,0,0,0.9999996,8,1.7910853e-07
189,1,1,0.9984374,4,0.0009116978
190,1,1,0.9954055,2,0.0027033924
191,1,1,0.99653137,4,0.0021819668
192,0,0,0.9999818,2,1.7229126e-05
193,9,9,0.9995491,8,0.00044222453
194,0,0,0.999999,2,7.985477e-07
195,3,3,0.9980097,8,0.000979642
196,1,1,0.99990624,2,3.758803e-05
197,6,6,0.9999891,5,1.0661707e-05
198,4,4,0.99999684,9,1.8491932e-06
199,2,2,0.9982134,3,0.0017287489
200,3,3,0.99994415,5,5.3778615e-05
201,6,6,0.99999994,4,1.9582181e-08
202,1,1,0.9999805,2,1.7698032e-05
203,1,1,0.9997238,9,0.00015871457
204,1,1,0.99998385,8,1.2148511e-05
205,3,3,0.99999815,5,1.7453651e-06
206,9,9,0.9997318,8,0.00025607998
207,5,5,0.9999208,3,7.9136604e-05
208,2,2,0.9999997,7,2.0776339e-07
209,9,9,0.9897235,4,0.0048654308
210,4,4,0.99999994,9,9.93458e-09
211,5,5,0.9975681,8,0.0016038098
212,9,9,0.9999997,5,1.2027417e-07
213,3,3,0.99999815,7,7.9692273e-07
214,9,9,0.99980307,8,0.00018465637
215,0,0,0.99999315,8,3.3062693e-06
216,3,3,0.99999994,5,1.4258416e-09
217,6,6,0.99308115,5,0.004070095
218,5,5,0.9999997,8,2.0300651e-07
219,5,5,0.99998564,3,1.4270648e-05
220,7,7,0.9994458,2,0.00033821227
221,2,2,0.99998397,0,8.0785585e-06
222,2,2,0.9999948,3,2.5438121e-06
223,7,7,0.999231,3,0.0004951415
224,1,1,0.99978423,2,0.00018943803
225,2,2,0.9999475,8,3.8080398e-05
226,8,8,0.9999997,5,8.710069e-08
227,4,4,0.9999868,1,8.0031405e-06
228,1,1,0.99999803,7,7.5887135e-07
229,7,7,0.99489653,3,0.0034821136
230,3,3,0.9999811,5,1.820078e-05
231,3,3,0.999876,8,0.00012119147
232,8,8,0.9998698,5,9.797864e-05
233,8,8,0.9999992,3,5.058859e-07
234,7,7,0.9915385,3,0.0055877403
235,9,9,0.9994938,8,0.0003735478
236,2,2,0.9999992,0,7.180166e-07
237,2,2,0.9999997,1,1.0732383e-07
238,4,4,0.9999996,8,2.2832033e-07
239,1,1,0.99998766,4,3.7387601e-06
240,5,5,0.9999997,3,1.7964912e-07
241,9,9,0.9988893,5,0.00065038557
242,8,8,0.9996562,2,0.00031932394
243,7,7,0.98811466,2,0.01188297
244,2,2,0.9999266,8,6.643665e-05
245,3,3,0.99997467,7,1.5461368e-05
246,0,0,0.9999967,6,3.0993801e-06
247,4,2,0.85146815,6,0.10768417
248,4,4,0.99991006,9,8.234084e-05
249,2,2,0.9999594,3,2.322771e-05
250,4,4,0.9999059,9,7.2241804e-05
251,1,1,0.99857175,4,0.00067735807
252,9,9,0.999999,4,6.023789e-07
253,5,5,0.9999983,3,1.6772758e-06
254,7,7,0.99411094,3,0.0043662754
255,7,7,0.93478113,3,0.032989003
256,2,2,0.9998703,1,6.4858854e-05
257,8,8,0.99988896,3,6.670638e-05
258,2,2,0.9999929,3,4.342627e-06
259,6,6,0.97973806,0,0.019898104
260,8,8,0.99999994,2,5.2927685e-08
261,5,5,0.99990386,3,7.082222e-05
262,7,7,0.9996111,3,0.00024637737
263,7,7,0.9998243,3,7.967539e-05
264,9,9,0.9995255,8,0.00033384463
265,1,1,0.9999731,8,1.9245457e-05
266,8,8,0.9998667,2,5.4466214e-05
267,1,1,0.9999899,8,4.894799e-06
268,8,8,0.99991316,2,7.0616035e-05
269,0,0,0.99995416,2,3.2681073e-05
270,3,3,0.9999965,5,3.5073374e-06
271,0,0,0.99999803,6,1.2263675e-06
272,1,1,0.9999655,9,1.1552589e-05
273,9,9,0.9992097,8,0.0007900069
274,9,9,0.99999326,3,5.9774393e-06
275,4,4,0.9999953,9,4.254596e-06
276,1,1,0.9999977,8,1.124499e-06
277,8,8,0.99999934,2,5.933433e-07
278,2,2,0.999312,8,0.00068800914
279,1,1,0.99998397,8,5.814612e-06
280,2,2,0.9999947,1,3.1893771e-06
281,9,9,0.9999973,8,2.5067409e-06
282,7,7,0.9883381,3,0.007994376
283,5,5,0.9999971,9,2.6832965e-06
284,9,9,0.99942744,4,0.00054534787
285,2,2,0.99999994,8,2.9785257e-08
286,6,6,0.99966407,5,0.00032103638
287,4,4,0.99999005,8,5.1455704e-06
288,1,1,0.9999886,8,6.1630863e-06
289,5,5,0.99999386,1,5.409437e-06
290,8,8,0.9983469,6,0.0013278687
291,2,2,0.9986393,1,0.001358926
292,9,9,0.9990544,8,0.00030656692
293,2,2,0.999999,8,6.9742765e-07
294,0,0,0.9999992,8,3.6266854e-07
295,4,4,0.9999997,7,1.8658065e-07
296,0,0,0.9999817,2,1.7383505e-05
297,0,0,0.99923694,6,0.0007541809
298,2,2,0.99987245,8,0.00012190671
299,8,8,0.99999994,5,2.2450736e-08
300,4,4,0.9989061,2,0.0009901995
301,7,7,0.99920565,2,0.00045326268
302,1,1,0.9999761,8,1.2541497e-05
303,2,2,0.9999433,3,2.208382e-05
304,4,4,0.9999803,8,1.9641002e-05
305,0,0,0.99999493,6,4.806745e-06
306,2,2,0.9999997,1,1.8500373e-07
307,7,7,0.9995101,3,0.00046577604
308,4,4,0.9862912,8,0.013692278
309,3,3,0.9999997,8,1.8218536e-07
310,3,3,0.9999992,5,7.690847e-07
311,0,0,0.9998226,6,0.00015672711
312,0,0,0.9999961,2,2.533782e-06
313,3,3,0.9999859,5,1.3123466e-05
314,1,1,0.9999897,8,6.629315e-06
315,9,9,0.99999493,8,4.590081e-06
316,6,6,0.99894196,5,0.00083900016
317,5,5,0.9989619,8,0.0010310665
318,2,2,0.9999922,8,3.709268e-06
319,5,5,0.9999996,6,3.032121e-07
320,9,9,0.98623127,8,0.013654342
321,2,2,0.71887666,7,0.24751553
322,9,9,0.9999606,4,3.7880993e-05
323,3,3,0.9999991,8,8.835587e-07
324,0,0,0.992386,6,0.007240754
325,4,4,0.9996842,8,0.00031486904
326,2,2,0.9527263,1,0.04686626
327,0,0,0.9999928,2,4.6781656e-06
328,7,7,0.9997276,3,0.00018619711
329,1,1,0.99997455,8,1.8226663e-05
330,1,1,0.9999903,8,2.88047e-06
331,2,2,0.99999994,8,2.0528281e-09
332,1,1,0.99998957,8,5.112351e-06
333,5,5,0.99972606,9,0.00023353045
334,3,3,0.9999997,8,1.667895e-07
335,3,3,0.99999267,8,7.044598e-06
336,9,9,0.99538887,8,0.004092685
337,7,7,0.9141288,3,0.058208663
338,8,8,0.99999696,2,2.498754e-06
339,6,6,0.99978876,5,0.00020564771
340,5,3,0.7036922,5,0.29618707
341,6,6,0.99949557,5,0.0004537543
342,1,1,0.99998564,9,4.389718e-06
343,3,3,0.999983,5,1.692934e-05
344,8,8,0.9999983,5,1.1569135e-06
345,1,1,0.9999835,7,1.058862e-05
346,0,0,0.9999967,2,1.6815655e-06
347,5,5,0.99942815,8,0.0003783105
348,1,1,0.99998325,8,1.4870001e-05
349,3,3,0.9999922,9,3.7915167e-06
350,1,1,0.9993871,8,0.00039790306
351,5,5,0.99999994,6,1.3368993e-09
352,5,5,0.9996194,3,0.0003784991
353,6,6,0.9999873,8,9.151294e-06
354,1,1,0.9999934,2,5.6160457e-06
355,8,8,0.9999997,5,1.2423973e-07
356,5,5,0.99999994,3,3.288167e-08
357,1,1,0.99949485,4,0.00014129361
358,7,7,0.99976397,4,0.00013155994
359,9,9,0.6539503,8,0.34252506
360,4,4,0.99999994,9,8.463981e-09
361,6,6,0.9999998,5,1.2168253e-07
362,2,2,0.99967027,3,0.00013340017
363,2,2,0.9999295,1,7.013315e-05
364,5,5,0.99999994,9,6.8178965e-09
365,0,0,0.9999885,8,9.618312e-06
366,6,6,0.99870455,0,0.0008035005
367,5,5,0.9999998,3,1.2792391e-07
368,6,6,0.999955,5,4.4502154e-05
369,3,3,0.99994785,5,2.7626944e-05
370,7,7,0.99846584,3,0.0011620205
371,2,2,0.9999996,1,2.61133e-07
372,0,0,0.99991244,6,8.497451e-05
373,8,8,0.9999998,9,1.4908913e-07
374,8,8,0.99999887,2,1.0563632e-06
375,5,5,0.99999994,6,1.8325785e-08
376,4,4,0.9999736,9,2.6142052e-05
377,1,1,0.99998385,7,7.675771e-06
378,1,1,0.9999457,8,3.21029e-05
379,4,4,0.9999997,2,2.8096852e-07
380,0,0,0.99999005,6,9.884844e-06
381,3,3,0.99865097,2,0.00068990584
382,3,3,0.9999996,5,2.5912556e-07
383,7,7,0.997084,3,0.002139389
384,6,6,0.99999994,5,1.7356165e-08
385,1,1,0.99997634,8,1.6722375e-05
386,6,6,0.99998206,5,1.658857e-05
387,2,2,0.9999884,8,7.73524e-06
388,1,1,0.9999971,2,1.2768011e-06
389,9,9,0.999751,8,0.00020572859
390,2,2,0.99999136,3,4.072285e-06
391,8,8,0.99986243,2,0.00013746062
392,6,6,0.9999998,5,1.5293327e-07
393,1,1,0.9999433,9,1.8155106e-05
394,9,9,0.9991102,8,0.0007988282
395,5,5,0.99999815,3,1.8116917e-06
396,2,2,0.99999994,3,2.5555229e-08
397,5,5,0.999989,8,9.53929e-06
398,4,4,0.9999998,5,6.228666e-08
399,4,4,0.99999744,2,1.8944372e-06
400,2,2,0.9999905,3,3.917705e-06
401,8,8,0.99999994,3,1.4861861e-08
402,3,3,0.9999992,8,4.273585e-07
403,8,8,0.99992925,9,6.3670384e-05
404,2,2,0.9995907,7,0.00039954198
405,4,4,0.99999994,8,9.8902255e-09
406,5,5,0.99997824,6,1.837573e-05
407,0,0,0.9999996,6,2.014163e-07
408,3,3,0.9999965,5,3.2699961e-06
409,1,1,0.9993069,8,0.00038642788
410,7,7,0.9999867,3,7.642972e-06
411,7,7,0.98987055,2,0.006813299
412,5,5,0.99863786,3,0.0013602945
413,7,7,0.9999179,2,3.2320604e-05
414,9,9,0.99998647,8,1.2932488e-05
415,7,7,0.9996923,9,0.00013497601
416,1,1,0.99998075,8,1.5911239e-05
417,9,9,0.9990335,8,0.0007917459
418,2,2,0.9999998,7,5.7780927e-08
419,1,1,0.99997,8,1.0854183e-05
420,4,4,0.9904404,9,0.0058218436
421,2,2,0.99936527,0,0.00059161015
422,9,9,0.99999017,8,9.238113e-06
423,2,2,0.99999887,3,7.190744e-07
424,0,0,0.9999997,2,1.4655977e-07
425,4,4,0.99993366,6,6.5857326e-05
426,9,9,0.9999979,8,1.2876461e-06
427,1,1,0.9999539,4,1.631519e-05
428,4,4,0.9999859,8,8.254133e-06
429,8,8,0.99999994,9,3.062612e-08
430,1,1,0.9999984,8,6.613828e-07
431,8,8,0.99998325,2,1.472628e-05
432,4,4,0.9997785,2,0.00017069344
433,5,5,0.99997884,8,1.6526114e-05
434,9,9,0.99993616,3,5.814637e-05
435,8,8,0.9954679,9,0.004258097
436,8,8,0.9999986,9,1.1701641e-06
437,3,3,0.9999965,5,2.0247485e-06
438,7,7,0.9962653,2,0.0033654142
439,6,6,0.99964654,5,0.00032924768
440,0,0,0.99999636,2,2.3193516e-06
441,0,0,0.9999952,6,4.292191e-06
442,3,3,0.9999991,5,7.9118723e-07
443,0,0,0.9998467,8,0.000107598615
444,2,2,0.9907628,8,0.008743108
445,6,6,0.7405193,0,0.25825128
446,6,6,0.99995166,5,4.436078e-05
447,4,4,0.97031516,9,0.026377894
448,9,8,0.88682973,9,0.11175688
449,3,3,0.5917643,5,0.40818477
450,3,3,0.982193,5,0.017802458
451,3,3,0.9999986,8,1.0310415e-06
452,2,2,0.99990577,1,9.400234e-05
453,3,3,0.99999994,8,2.441181e-09
454,9,9,0.9999029,4,7.891581e-05
455,1,1,0.9998854,2,6.357561e-05
456,2,2,0.9997213,1,0.0002762631
457,6,6,0.9992441,5,0.00065024494
458,8,8,0.99999994,9,4.5841344e-09
459,0,0,0.99999815,6,7.805049e-07
460,5,5,0.99693227,9,0.0028856958
461,6,6,0.99999994,4,1.3594872e-08
462,6,6,0.9988965,5,0.0010839398
463,6,6,0.99999994,5,5.709064e-09
464,3,3,0.99899244,8,0.00093508506
465,8,8,0.9999973,9,2.3525733e-06
466,8,8,0.9999998,2,1.406813e-07
467,2,2,0.99999255,7,5.9054073e-06
468,7,7,0.9970718,3,0.0015698405
469,5,5,0.99994284,8,5.6187968e-05
470,8,8,0.9999991,3,4.823211e-07
471,9,9,0.99956566,3,0.00017176823
472,6,6,0.9999998,0,8.604934e-08
473,1,1,0.9997649,4,0.000101255646
474,8,8,0.9999998,3,9.180246e-08
475,4,4,0.9999743,9,2.5479518e-05
476,1,1,0.99998635,2,8.5868405e-06
477,2,2,0.9999998,1,8.323835e-08
478,5,5,0.99994415,6,4.9785496e-05
479,9,9,0.9987295,5,0.0011121138
480,1,1,0.9999991,2,4.3701007e-07
481,9,9,0.9999997,4,1.3682504e-07
482,7,7,0.99988216,2,9.319374e-05
483,5,5,0.99998075,7,8.101547e-06
484,4,4,0.9999998,8,6.596499e-08
485,0,0,0.9999955,9,3.1650789e-06
486,8,8,0.99999994,2,4.8280356e-08
487,9,9,0.99997836,5,1.2011938e-05
488,9,9,0.9984711,8,0.0015261382
489,1,1,0.99999434,8,3.577935e-06
490,0,0,0.9783261,4,0.018406376
491,5,5,0.9999942,9,5.6183703e-06
492,2,2,0.94584405,8,0.053994607
493,3,3,0.99999994,5,1.1404366e-10
494,7,7,0.9997587,3,0.00023317065
495,8,8,0.99610937,2,0.0026970773
496,9,9,0.99999684,8,2.9125483e-06
497,4,4,0.93910956,8,0.057821807
498,0,0,0.99508816,8,0.0048201876
499,6,6,0.99985385,8,8.979143e-05
500,3,3,0.99999994,8,2.2866558e-09
501,9,9,0.9999985,8,1.2161039e-06
502,5,5,0.9999806,3,1.226286e-05
503,2,2,0.99999994,8,1.4486607e-08
504,1,1,0.9999239,9,2.7156715e-05
505,3,3,0.999993,8,6.9574708e-06
506,1,1,0.9999978,2,1.7822039e-06
507,3,3,0.9996094,5,0.00033826623
508,6,6,0.9998722,5,7.2560986e-05
509,5,5,0.9999978,3,2.0153727e-06
510,7,7,0.97159475,3,0.028383125
511,4,4,0.9904956,8,0.0077188406
512,2,2,0.99999994,1,7.697816e-09
513,2,2,0.99999017,8,9.771229e-06
514,6,6,0.99999994,4,4.5271275e-08
515,3,3,0.9999917,8,7.3247757e-06
516,2,2,0.99999994,4,1.3896337e-08
517,6,6,0.99999946,4,3.1312416e-07
518,5,5,0.9999997,8,2.7878122e-07
519,4,4,0.9995485,9,0.00024793477
520,8,8,0.9999998,2,7.4849275e-08
521,9,9,0.99999315,8,4.1228927e-06
522,7,7,0.99631095,3,0.0036615669
523,1,1,0.9980361,7,0.0011289606
524,3,3,0.9999197,2,7.2113464e-05
525,0,0,0.9999992,2,3.9447758e-07
526,3,3,0.99997634,5,2.364915e-05
527,8,8,0.9999977,2,1.941569e-06
528,3,3,0.999585,8,0.00038645708
529,1,1,0.9999954,8,1.9187323e-06
530,9,9,0.9998848,8,0.00010794486
531,3,3,0.99979305,6,0.00018125714
532,4,4,0.9997213,9,0.00016428632
533,4,4,0.99999994,2,2.139712e-08
534,6,6,0.9999692,5,2.9239798e-05
535,4,4,0.99999946,2,4.5868478e-07
536,2,2,0.9999996,1,3.0231672e-07
537,1,1,0.9999979,8,9.081703e-07
538,8,8,0.9999991,2,8.012345e-07
539,2,2,0.9999992,8,7.194135e-07
540,5,5,0.9999992,9,7.0136105e-07
541,4,4,0.99998325,9,1.5595253e-05
542,8,8,0.99620795,9,0.0014560285
543,8,8,0.9946316,3,0.0021554998
544,4,4,0.9999998,5,1.664501e-07
545,0,0,0.9999861,2,1.0263956e-05
546,0,0,0.9999986,6,1.3466105e-06
547,2,2,0.99965274,8,0.0003464346
548,3,3,0.9999985,5,1.384576e-06
549,2,2,0.9999979,0,1.9716126e-06
550,7,7,0.99736774,2,0.0013582457
551,7,7,0.94467163,2,0.039981548
552,0,0,0.99465376,6,0.0033931972
553,8,8,0.9999966,6,2.2547886e-06
554,7,7,0.9999561,4,2.7119155e-05
555,4,4,0.9999992,8,4.2392927e-07
556,4,4,0.99999815,9,7.2334853e-07
557,7,7,0.84891945,2,0.13496752
558,9,9,0.99999136,8,7.5506437e-06
559,6,6,0.9999884,4,1.1328752e-05
560,9,9,0.99990815,8,8.2505045e-05
561,0,0,0.9998811,6,9.80911e-05
562,9,9,0.99869,8,0.0013040206
563,8,8,0.9999985,2,1.0801841e-06
564,0,0,0.9999679,6,3.1586547e-05
565,4,4,0.99928236,8,0.00067029416
566,6,6,0.9994415,5,0.0003932805
567,0,0,0.9999873,2,4.5540914e-06
568,6,6,0.99999887,5,8.349065e-07
569,3,3,0.99999684,8,2.228076e-06
570,5,5,0.99999803,3,9.636982e-07
571,4,4,0.9796111,9,0.020284912
572,8,8,0.9999936,9,5.554256e-06
573,3,3,0.9999996,5,3.6793924e-07
574,3,3,0.99996907,8,2.9634106e-05
575,9,9,0.9999376,4,3.0080142e-05
576,3,3,0.9999971,5,2.4530143e-06
577,3,3,0.9999998,8,9.3042225e-08
578,3,3,0.9999704,8,2.3847657e-05
579,7,7,0.99999756,3,1.3186566e-06
580,8,8,0.9999983,3,1.3684331e-06
581,0,0,0.999958,6,4.1776297e-05
582,8,8,0.8359558,2,0.16267107
583,2,2,0.98323256,7,0.013661407
584,1,1,0.9999582,4,1.8986035e-05
585,7,7,0.99970794,2,0.00015553973
586,0,0,0.99998885,6,1.0562203e-05
587,6,6,0.9999986,5,1.1608939e-06
588,5,5,0.99999577,3,4.1180074e-06
589,4,4,0.99999934,9,3.7483807e-07
590,3,3,0.9999996,5,3.2425683e-07
591,8,8,0.9966137,3,0.0021114645
592,0,0,0.99999934,2,3.2069462e-07
593,9,9,0.8843086,8,0.11434318
594,6,6,0.9999911,5,8.638621e-06
595,3,3,0.99998516,8,1.220188e-05
596,8,8,0.9999898,2,7.47724e-06
597,0,0,0.9999811,6,1.3522769e-05
598,9,9,0.9995671,8,0.00043209904
599,9,9,0.9999959,8,3.8438707e-06
600,6,6,0.9999991,5,8.7728495e-07
601,8,8,0.9999934,2,3.6298907e-06
602,6,6,0.99999994,4,3.6731e-09
603,8,8,0.9999942,9,3.1472857e-06
604,5,5,0.99999994,8,1.6364552e-08
605,7,7,0.999957,9,2.2472259e-05
606,8,8,0.99999994,2,4.8342413e-10
607,6,6,0.99999994,5,3.223172e-08
608,0,0,0.9999978,9,1.8317028e-06
609,2,2,0.9999983,8,1.5078397e-06
610,4,4,0.9994179,6,0.0004131669
611,0,0,0.99998754,6,5.2148334e-06
612,2,2,0.9999996,8,2.5413325e-07
613,2,2,0.99868655,8,0.0013000892
614,3,3,0.99999636,8,3.118446e-06
615,1,1,0.9992393,2,0.00068752293
616,9,9,0.9999493,5,3.20611e-05
617,7,7,0.9655462,2,0.03440022
618,5,5,0.99999505,9,4.6551095e-06
619,1,1,0.46680266,8,0.44865182
620,0,0,0.9999992,2,7.474313e-07
621,8,8,0.99999994,9,4.021698e-08
622,4,4,0.99999994,6,2.5098306e-08
623,6,6,0.9999997,4,9.101839e-08
624,2,2,0.9999817,8,1.1451902e-05
625,6,6,0.94287175,4,0.05710846
626,7,7,0.99988633,3,0.00010481776
627,9,9,0.9864083,8,0.013563948
628,3,3,0.9999595,8,3.8332237e-05
629,2,2,0.9999799,3,1.0476636e-05
630,9,9,0.99995846,4,2.4721689e-05
631,8,8,0.9999991,2,8.567772e-07
632,2,2,0.999999,0,6.1978045e-07
633,2,2,0.99999994,8,4.5608243e-08
634,9,9,0.9999997,4,1.9303722e-07
635,2,2,0.9989093,1,0.0010510484
636,7,7,0.9999991,2,5.9998536e-07
637,3,3,0.9995957,8,0.00028820618
638,5,5,0.99999374,8,3.8638786e-06
639,9,9,0.99981594,8,0.0001831826
640,1,1,0.9998214,8,0.00013392261
641,8,8,0.99999994,6,3.0784406e-09
642,0,0,0.9994658,2,0.00042757098
643,2,2,0.9999998,7,6.3698714e-08
644,0,0,0.9999992,2,4.062241e-07
645,5,5,0.99987626,3,0.000121661884
646,2,2,0.9261423,6,0.059871193
647,1,1,0.9999787,8,1.1017198e-05
648,3,3,0.9999997,8,1.9805363e-07
649,7,7,0.9758566,2,0.013128862
650,6,6,0.9982071,5,0.001442731
651,7,7,0.99989957,2,4.9017395e-05
652,1,1,0.9999886,7,3.6475153e-06
653,2,2,0.9999992,0,4.022004e-07
654,5,5,0.99983764,3,0.00014577687
655,8,8,0.99999565,2,3.5082578e-06
656,0,0,0.999999,2,6.354822e-07
657,3,3,0.9999998,5,1.08800826e-07
658,7,7,0.99997383,4,2.1625288e-05
659,2,7,0.7266341,2,0.21429758
660,4,4,0.9999997,2,7.77047e-08
661,0,0,0.99999136,6,4.7515528e-06
662,9,9,0.99999803,3,1.4064906e-06
663,1,1,0.9999905,8,3.1395068e-06
664,8,8,0.9999998,2,1.0919812e-07
665,6,6,0.99999994,4,1.0000812e-09
666,7,7,0.999866,2,5.235e-05
667,7,7,0.9120957,3,0.034076832
668,4,4,0.99999696,2,2.4485266e-06
669,3,3,0.9999977,8,2.1539572e-06
670,4,4,0.999947,9,3.0044217e-05
671,9,9,0.9990464,8,0.00055403996
672,1,1,0.99998504,8,1.1899811e-05
673,9,9,0.99997944,4,1.4171623e-05
674,5,5,0.9388638,3,0.061136074
675,1,1,0.999978,8,8.235739e-06
676,7,7,0.99686635,2,0.0021744582
677,3,3,0.9999922,8,5.3396902e-06
678,9,9,0.9999874,4,6.554685e-06
679,7,7,0.9594292,3,0.028561337
680,6,6,0.9999998,4,6.596977e-08
681,9,9,0.999991,7,4.369393e-06
682,1,1,0.9999725,4,1.1259457e-05
683,3,3,0.99996215,5,3.7538648e-05
684,7,2,0.5866535,7,0.34840885
685,8,8,0.9998825,2,0.00011592447
686,3,3,0.9999998,8,1.08607175e-07
687,3,3,0.99999994,8,8.672618e-09
688,6,6,0.9999475,5,4.677452e-05
689,7,7,0.989834,1,0.008000996
690,2,2,0.99999744,3,1.2784196e-06
691,8,8,0.9998912,2,6.924782e-05
692,5,5,0.99981594,8,0.00017775537
693,8,8,0.9999997,5,1.4490715e-07
694,5,5,0.99999636,8,3.2327252e-06
695,1,1,0.9999456,8,3.1607236e-05
696,1,1,0.9994822,8,0.0002336998
697,4,4,0.9999762,2,2.357349e-05
698,4,4,0.9992385,9,0.0005621914
699,3,3,0.9997002,9,0.00016554985
700,1,1,0.99929166,2,0.00035499156
701,0,0,0.99987006,2,9.5287505e-05
702,7,7,0.9907656,3,0.00536223
703,7,7,0.9996799,3,0.00027598307
704,0,0,0.9998879,2,0.0001118037
705,7,7,0.9998014,3,0.00010544066
706,9,9,0.99999934,4,2.8460724e-07
707,4,4,0.745273,8,0.24851815
708,4,4,0.9999595,8,3.3322205e-05
709,8,8,0.99999994,2,4.790927e-09
710,5,5,0.9999991,3,8.264461e-07
711,5,5,0.9999643,3,3.5613088e-05
712,4,4,0.9984749,9,0.0014927015
713,0,0,0.99999446,9,2.7249916e-06
714,8,8,0.99999994,9,6.114823e-09
715,2,2,0.9977825,8,0.0013291388
716,1,1,0.96404785,7,0.032673974
717,0,0,0.99985147,6,0.00012724061
718,8,8,0.99999887,2,1.0580429e-06
719,4,4,0.99999994,9,4.6370406e-08
720,5,5,0.9880223,6,0.011291566
721,0,0,0.99991256,9,8.102358e-05
722,4,4,0.99999994,9,2.4178908e-09
723,0,0,0.9853915,4,0.014308164
724,6,6,0.99999815,5,1.3743393e-06
725,1,1,0.9999158,8,7.1750976e-05
726,7,7,0.858502,5,0.12328359
727,3,3,0.99999994,8,4.9159127e-08
728,2,2,0.9990491,8,0.00093675323
729,6,6,0.9999965,5,2.1223755e-06
730,7,7,0.9999165,0,7.032903e-05
731,2,2,0.9999998,8,9.976111e-08
732,6,6,0.9999998,4,9.308447e-08
733,9,9,0.999991,4,4.788329e-06
734,3,3,0.9999992,5,6.896109e-07
735,1,1,0.9999421,8,3.8254802e-05
736,4,4,0.99998826,6,6.187802e-06
737,6,6,0.99995834,0,4.133539e-05
738,2,2,0.99891907,8,0.0010790981
739,5,5,0.999999,3,6.8631584e-07
740,4,4,0.58781815,9,0.2114121
741,2,2,0.99998456,8,9.31454e-06
742,0,0,0.99999624,2,3.7395766e-06
743,6,6,0.9999533,5,4.2308795e-05
744,2,2,0.9999991,3,7.254252e-07
745,1,1,0.99998873,7,3.7228103e-06
746,7,7,0.99722457,2,0.001239929
747,3,3,0.99999756,8,2.2679549e-06
748,4,4,0.9999829,2,1.14441855e-05
749,1,1,0.999993,7,4.9317223e-06
750,0,0,0.9999996,6,2.6166174e-07
751,5,5,0.9999997,9,1.9305214e-07
752,4,4,0.9999996,7,3.278145e-07
753,3,3,0.9999997,8,2.2447531e-07
754,1,1,0.9999872,8,1.0741886e-05
755,1,1,0.9999302,4,2.3909162e-05
756,7,7,0.9967664,2,0.0021598234
757,4,4,0.9999992,8,6.644958e-07
758,9,9,0.9999594,8,3.9414415e-05
759,9,9,0.9994112,8,0.00033131274
760,4,4,0.92506456,9,0.07397489
761,8,8,0.9990833,2,0.00071574625
762,4,4,0.9998095,6,0.00018137008
763,0,0,0.99960357,9,0.00037487366
764,2,2,0.9999992,8,6.8845503e-07
765,4,4,0.999963,8,3.231756e-05
766,5,5,0.9999997,3,2.796765e-07
767,1,1,0.9998942,2,9.944308e-05
768,1,1,0.99997073,8,1.8500701e-05
769,6,6,0.9999346,5,6.118682e-05
770,4,4,0.99999994,9,2.6861201e-08
771,7,7,0.9998691,9,0.00010947283
772,1,1,0.9998369,8,5.654096e-05
773,9,9,0.9999986,8,8.890973e-07
774,4,4,0.999684,9,0.0003029845
775,2,2,0.99999994,7,3.2590766e-08
776,4,4,0.9999842,2,1.1518569e-05
777,1,1,0.9998848,2,6.7948306e-05
778,5,5,0.9999998,8,6.8478876e-08
779,5,5,0.9999998,9,4.889654e-08
780,3,3,0.9999986,5,1.2315156e-06
781,8,8,0.9974231,6,0.0022459896
782,3,3,0.9999983,8,8.6508294e-07
783,1,1,0.99996454,9,1.3335186e-05
784,4,4,0.9999977,5,2.010117e-06
785,5,5,0.99973,3,0.0002701068
786,6,6,0.9992502,5,0.0004420613
787,8,8,0.9999997,9,9.1642896e-08
788,9,9,0.999991,8,6.451345e-06
789,4,4,0.9999189,9,3.7387796e-05
790,1,1,0.999922,8,4.0973908e-05
791,5,5,0.92986435,9,0.07011301
792,3,3,0.99999994,8,1.6664086e-09
793,8,8,0.99999994,2,1.6284375e-08
794,0,0,0.9999998,2,1.226093e-07
795,3,3,0.999653,5,0.00023954072
796,2,2,0.99999744,8,1.8338643e-06
797,5,5,0.9999735,8,2.4024872e-05
798,1,1,0.9998598,2,7.912619e-05
799,2,2,0.99999994,7,1.5979637e-09
800,8,8,0.9996754,6,0.00031992112
801,3,3,0.99999946,8,3.0987871e-07
802,4,4,0.9999997,5,6.32913e-08
803,4,4,0.99999994,2,2.9158878e-09
804,0,0,0.9999977,6,1.1591968e-06
805,8,8,0.99999994,9,2.3864896e-11
806,8,8,0.99999994,6,3.8434533e-10
807,3,3,0.9999996,5,4.1593609e-07
808,3,3,0.9999626,5,3.7273618e-05
809,1,1,0.9999173,8,3.479298e-05
810,7,7,0.99947506,2,0.00051956746
811,3,3,0.9999992,8,4.5909428e-07
812,5,5,0.99999994,6,2.7527344e-10
813,9,9,0.8019923,8,0.19798332
814,6,6,0.9999992,5,7.0378314e-07
815,3,3,0.9999797,9,1.0321568e-05
816,2,2,0.9999973,8,1.3565154e-06
817,6,6,0.9998806,0,0.000111628375
818,1,1,0.9995124,2,0.0002101925
819,3,3,0.99999994,5,1.0676335e-08
820,6,6,0.99999887,5,9.67624e-07
821,0,0,0.99999803,6,1.9200552e-06
822,7,7,0.9999327,3,5.661642e-05
823,2,2,0.99999875,7,5.277407e-07
824,1,1,0.9999996,7,2.26566e-07
825,7,7,0.99998826,2,5.283181e-06
826,1,1,0.9999704,8,1.841065e-05
827,4,4,0.9986238,8,0.0013183047
828,2,2,0.9999928,8,6.600071e-06
829,4,4,0.8817657,8,0.117328055
830,2,2,0.999999,4,6.157378e-07
831,1,1,0.9991719,9,0.0003563943
832,7,7,0.9999413,3,4.3045464e-05
833,9,9,0.99952143,4,0.000249824
834,6,6,0.99983096,1,0.0001339714
835,1,1,0.9999837,8,9.840321e-06
836,1,1,0.9999843,2,1.3612351e-05
837,2,2,0.9999872,1,1.2693722e-05
838,4,4,0.9999983,2,1.7207625e-06
839,8,8,0.9997585,6,0.00012067579
840,1,1,0.99963546,7,0.00024148545
841,7,7,0.9999984,4,1.1620612e-06
842,7,7,0.9828502,3,0.011163512
843,4,4,0.99999994,5,3.3353562e-09
844,8,8,0.9868594,9,0.0069539063
845,0,0,0.99993163,2,6.698821e-05
846,7,7,0.833976,9,0.09102833
847,3,3,0.9999998,8,1.2175404e-07
848,1,1,0.99999946,2,1.7582674e-07
849,3,3,0.99999994,8,2.934309e-10
850,1,1,0.99997526,2,1.1469064e-05
851,0,0,0.9999998,2,5.319608e-08
852,7,7,0.9995659,2,0.0003716452
853,7,7,0.9999556,2,2.287484e-05
854,0,0,0.99999636,6,2.4635392e-06
855,3,3,0.99999994,8,1.8874575e-08
856,5,5,0.99997526,9,1.724226e-05
857,5,5,0.999996,3,3.844454e-06
858,2,2,0.99999994,8,3.098122e-08
859,7,7,0.9998817,1,5.8586647e-05
860,6,6,0.99999994,5,5.0770904e-08
861,6,6,0.9999992,5,4.1726534e-07
862,9,9,0.99997216,4,2.0682106e-05
863,2,2,0.99998087,8,1.9107987e-05
864,8,8,0.99999994,2,2.129968e-08
865,3,3,0.9999992,5,6.335302e-07
866,5,5,0.99982643,6,0.00017314407
867,2,2,0.99999887,8,6.7677695e-07
868,2,2,0.99999636,8,1.5393765e-06
869,5,5,0.99999934,9,3.3091618e-07
870,6,6,0.99886286,5,0.0006672384
871,0,0,0.99999434,2,5.0139906e-06
872,8,8,0.9999905,9,8.616441e-06
873,2,2,0.9999966,7,2.4623275e-06
874,9,9,0.99608916,8,0.0038396926
875,2,2,0.9999104,8,8.5586915e-05
876,8,8,0.99999994,5,4.1683483e-09
877,8,8,0.99992114,2,7.085094e-05
878,8,8,0.9999775,9,2.1509446e-05
879,8,8,0.99999994,5,2.2944247e-08
880,7,7,0.99784887,3,0.0013774286
881,4,4,0.9756119,9,0.024308767
882,9,7,0.5982972,9,0.2388667
883,3,3,0.9355477,5,0.064244084
884,0,0,0.9999992,6,4.800034e-07
885,6,6,0.9999704,5,2.5813466e-05
886,6,6,0.99999946,0,3.1394885e-07
887,3,3,0.999999,5,8.914069e-07
888,2,2,0.99996084,3,2.1926477e-05
889,1,1,0.9999872,8,4.4672674e-06
890,3,3,0.99966335,5,0.00033620567
891,2,2,0.99999934,1,5.6642057e-07
892,2,2,0.9999997,8,1.055087e-07
893,9,9,0.99999815,8,9.0358054e-07
894,3,3,0.9999533,2,3.989582e-05
895,0,0,0.976517,6,0.022726234
896,0,0,0.9640649,4,0.019159468
897,5,5,0.9999996,6,3.1969248e-07
898,7,7,0.99953514,3,0.00034909602
899,8,8,0.99999994,5,3.3973344e-09
900,1,1,0.9693628,3,0.022599528
901,4,4,0.99999934,9,6.226279e-07
902,4,4,0.9723842,9,0.02738205
903,6,6,0.9999861,5,1.3436707e-05
904,0,0,0.9999985,5,6.851985e-07
905,2,2,0.9999979,3,1.7745112e-06
906,9,9,0.9999884,7,4.35679e-06
907,1,1,0.9999923,2,3.4517252e-06
908,4,4,0.9999941,8,1.9365748e-06
909,7,7,0.99980617,2,0.00017454398
910,4,4,0.99999994,2,2.984535e-09
911,7,7,0.9944132,3,0.0054581324
912,3,3,0.9999998,5,8.151977e-08
913,9,9,0.99994105,4,4.8825947e-05
914,8,8,0.99999994,2,8.6825894e-11
915,8,8,0.999994,6,5.323719e-06
916,4,4,0.9910641,2,0.008605686
917,7,7,0.9995045,3,0.000278511
918,1,1,0.99979615,9,6.624206e-05
919,2,2,0.99999803,1,8.9525514e-07
920,1,1,0.99986196,8,6.0251758e-05
921,2,2,0.99999994,3,7.921821e-09
922,2,2,0.9998923,7,6.0278762e-05
923,3,3,0.99999994,8,3.868092e-09
924,2,2,0.78181607,7,0.20806487
925,3,3,0.99999994,5,3.194742e-08
926,2,2,0.99882156,8,0.0010127758
927,3,3,0.99999565,5,2.774313e-06
928,9,9,0.9997897,8,0.00020644983
929,1,1,0.99996763,8,2.051584e-05
930,7,7,0.9999164,2,7.1981995e-05
931,4,4,0.99999815,9,1.7436997e-06
932,0,0,0.99999374,6,3.5069663e-06
933,3,3,0.9999997,5,2.5168208e-07
934,5,5,0.99999946,9,4.6349274e-07
935,5,5,0.99992675,8,6.1326966e-05
936,8,8,0.9945972,6,0.0041205487
937,6,6,0.99999994,4,1.7229805e-08
938,3,3,0.62501967,5,0.37496334
939,2,2,0.99930525,0,0.00059091626
940,6,6,0.9996149,5,0.00035798195
941,7,7,0.99984646,2,9.1523485e-05
942,6,6,0.9999984,5,1.5030274e-06
943,6,6,0.99934214,5,0.00040572596
944,3,3,0.99947685,8,0.00051662826
945,2,2,0.99999934,8,5.389541e-07
946,7,7,0.9867416,2,0.009081997
947,8,8,0.5581427,9,0.44097787
948,1,1,0.9999531,8,1.833345e-05
949,1,1,0.99983597,4,7.32278e-05
950,7,7,0.99607044,3,0.0029463393
951,5,5,0.9998722,9,0.00012708172
952,6,6,0.999909,4,6.520918e-05
953,4,4,0.9999973,9,1.4746703e-06
954,9,9,0.9999946,4,3.0923347e-06
955,5,5,0.9999972,6,2.1793192e-06
956,1,1,0.98264796,5,0.012839242
957,3,3,0.99989563,5,0.00010338714
958,3,3,0.96402997,2,0.035122525
959,4,4,0.99987054,5,7.9393416e-05
960,7,7,0.9998565,9,0.0001308032
961,8,8,0.99999994,3,1.5694611e-09
962,9,9,0.9804028,8,0.019569749
963,1,1,0.99978423,8,0.00010716834
964,1,1,0.9999648,7,2.0086933e-05
965,6,6,0.98412037,0,0.013414518
966,9,9,0.9087817,8,0.091090016
967,1,1,0.9999992,8,2.2500032e-07
968,4,4,0.99999994,1,2.1551864e-08
969,4,4,0.9770058,8,0.022207936
970,5,5,0.99999994,8,1.4615244e-08
971,4,4,0.99999887,8,7.0796466e-07
972,0,0,0.9999996,2,3.785906e-07
973,6,6,0.99999994,8,5.16714e-10
974,2,2,0.9999996,8,1.8693774e-07
975,2,2,0.9999972,8,2.6387197e-06
976,3,3,0.9998812,8,0.00011861002
977,1,1,0.9989588,2,0.000695574
978,5,5,0.99999994,9,2.672766e-08
979,1,1,0.99980235,2,0.00015615506
980,2,2,0.99999994,8,1.740536e-08
981,0,0,0.99999875,2,1.0020425e-06
982,3,3,0.9999402,8,5.5426335e-05
983,8,8,0.99999994,2,2.2402999e-08
984,1,1,0.99995273,9,1.47455185e-05
985,2,2,0.9999971,8,2.8310678e-06
986,6,6,0.99999255,5,6.6007874e-06
987,7,7,0.99837077,3,0.0014830374
988,1,1,0.9996872,4,0.00012171744
989,6,6,0.9999183,8,7.659345e-05
990,2,2,0.9999998,8,8.140681e-08
991,3,3,0.9999997,8,1.6677201e-07
992,9,9,0.9990602,8,0.00092475093
993,0,0,0.99999744,8,1.5355218e-06
994,1,1,0.9962667,8,0.003115062
995,2,2,0.9998967,0,9.091564e-05
996,2,2,0.9999952,8,4.3685195e-06
997,0,0,0.9999996,2,3.279361e-07
998,8,8,0.9999972,5,1.1476925e-06
999,9,9,0.99539196,8,0.0029069036
1000,9,9,0.9994908,3,0.00032473556
1001,0,0,0.9999936,6,4.596063e-06
1002,2,2,0.9927,3,0.004971731
1003,5,5,0.999981,3,1.8926356e-05
1004,1,1,0.99957246,8,0.00018255138
1005,9,9,0.99988765,8,0.000107770415
1006,7,7,0.9867995,9,0.008490986
1007,8,8,0.9999984,9,1.5585313e-06
1008,1,1,0.99993116,4,2.7620583e-05
1009,0,0,0.99988645,6,0.00011309858
1010,4,4,0.99998766,8,1.0212448e-05
1011,1,1,0.99996656,6,1.195753e-05
1012,7,7,0.99961513,3,0.00031164786
1013,9,9,0.99999255,4,6.610842e-06
1014,6,5,0.9701201,0,0.020071127
1015,4,4,0.9992434,8,0.00055411167
1016,2,2,0.9999972,4,2.4937692e-06
1017,6,6,0.9999843,8,7.1313516e-06
1018,8,8,0.99999994,2,1.817395e-08
1019,1,1,0.99999887,7,9.1798563e-07
1020,3,3,0.99999994,8,5.7976632e-09
1021,7,7,0.4925334,2,0.39587817
1022,5,5,0.9994339,9,0.0005655953
1023,4,4,0.9999998,6,3.9558824e-08
1024,4,4,0.9998348,8,0.00016483072
1025,1,1,0.99999946,7,2.676983e-07
1026,8,8,0.99899244,5,0.00076753605
1027,1,1,0.9999705,7,2.213855e-05
1028,3,3,0.9999998,5,1.06062764e-07
1029,8,8,0.99999994,9,1.2953824e-08
1030,1,1,0.99999243,7,5.9940403e-06
1031,2,2,0.9999992,7,5.3318024e-07
1032,5,5,0.9996383,6,0.00033879303
1033,8,8,0.9986881,2,0.0012625261
1034,0,0,0.99999577,2,2.6040252e-06
1035,6,6,0.99999684,4,3.1242614e-06
1036,2,2,0.9999996,8,1.77652e-07
1037,1,1,0.9999617,2,2.7020717e-05
1038,1,1,0.9999576,8,1.8186454e-05
1039,7,2,0.3195912,7,0.29663002
1040,1,1,0.9999748,8,1.2611153e-05
1041,5,5,0.99999994,9,4.2324866e-10
1042,3,3,0.99999696,5,2.968136e-06
1043,4,4,0.9999996,9,3.5764035e-07
1044,6,6,0.9293236,8,0.06357434
1045,9,9,0.99371535,8,0.0037137137
1046,5,5,0.9999998,3,1.6846678e-07
1047,0,0,0.99943507,2,0.00040328965
1048,9,9,0.9999872,8,8.831132e-06
1049,2,2,0.99999994,0,1.1092954e-08
1050,2,2,0.9999928,0,5.4099164e-06
1051,4,4,0.99997765,8,1.1608026e-05
1052,8,8,0.9999899,5,7.2793864e-06
1053,2,2,0.9999997,3,1.4960185e-07
1054,1,1,0.99993294,8,4.6026726e-05
1055,7,7,0.9975755,2,0.0010602666
1056,2,2,0.99999803,8,1.1098045e-06
1057,4,4,0.9999998,8,7.135142e-08
1058,9,9,0.999989,8,1.0607508e-05
1059,4,4,0.9999991,9,8.2996564e-07
1060,4,4,0.9999935,2,2.162533e-06
1061,0,0,0.9990385,6,0.0009332528
1062,3,3,0.999071,7,0.00057116547
1063,9,9,0.99999875,4,4.7582103e-07
1064,2,2,0.9999768,3,8.895075e-06
1065,2,2,0.99999803,1,9.4951054e-07
1066,3,3,0.9999936,8,6.330016e-06
1067,3,3,0.9999977,5,1.4579394e-06
1068,8,8,0.9999756,4,1.2404697e-05
1069,3,3,0.999988,5,1.1551395e-05
1070,5,5,0.99999994,3,7.671111e-09
1071,7,7,0.99982667,2,0.00011704618
1072,3,3,0.99514407,5,0.0048124725
1073,5,5,0.9999482,8,3.889235e-05
1074,8,8,0.9999998,3,1.0242964e-07
1075,1,1,0.99989194,9,2.966759e-05
1076,2,2,0.9999108,3,6.528957e-05
1077,4,4,0.99998695,9,1.2043919e-05
1078,4,4,0.99977374,2,0.00013958257
1079,6,6,0.9999942,4,3.2288824e-06
1080,4,4,0.9999756,9,1.92712e-05
1081,9,9,0.99990314,4,4.7885867e-05
1082,5,5,0.9999246,8,5.775177e-05
1083,1,1,0.99994475,2,1.7183525e-05
1084,0,0,0.9999996,6,3.369285e-07
1085,6,6,0.99998885,5,9.384689e-06
1086,9,9,0.99981165,8,0.00015513973
1087,5,5,0.9999983,8,1.647123e-06
1088,9,9,0.9999903,4,9.1512775e-06
1089,5,5,0.99992603,3,7.389168e-05
1090,9,9,0.975914,8,0.021077853
1091,7,7,0.999701,2,0.00028320873
1092,3,3,0.99996454,5,3.4969806e-05
1093,8,8,0.99999815,2,1.7372993e-06
1094,0,0,0.99999803,2,1.3059968e-06
1095,3,3,0.9999996,5,3.1498712e-07
1096,7,7,0.9999992,0,4.722796e-07
1097,1,1,0.9998703,8,6.640206e-05
1098,3,3,0.9999986,5,1.3301694e-06
1099,6,6,0.9999905,5,6.036957e-06
1100,7,7,0.9997878,9,0.00013920713
1101,8,8,0.9999283,3,2.282501e-05
1102,5,5,0.9999998,3,1.14919864e-07
1103,9,9,0.99994534,5,3.2746302e-05
1104,7,7,0.9997082,3,0.0002713689
1105,9,9,0.9999961,4,1.0858353e-06
1106,6,6,0.99999994,5,2.6786811e-08
1107,9,9,0.8027382,3,0.12928446
1108,6,6,0.99977016,5,0.00022960363
1109,3,3,0.9999986,8,1.2971349e-06
1110,7,7,0.9999873,2,8.478097e-06
1111,4,4,0.99999267,9,4.5222278e-06
1112,4,6,0.54122454,4,0.4585955
1113,5,5,0.99999994,9,1.7985794e-09
1114,3,3,0.73721683,8,0.25724906
1115,5,5,0.9999972,9,2.5575446e-06
1116,4,4,0.9999824,8,1.1420859e-05
1117,7,7,0.99979115,2,0.0001749608
1118,8,8,0.9999996,2,3.1969125e-07
1119,7,7,0.9935072,2,0.006470697
1120,8,8,0.9999997,9,1.3896646e-07
1121,0,0,0.99717295,6,0.0028201828
1122,7,7,0.96475935,2,0.022492351
1123,6,6,0.9999998,5,1.4023684e-07
1124,8,8,0.9998219,9,0.0001723831
1125,8,8,0.9999986,9,1.2238072e-06
1126,7,7,0.99943054,2,0.0005139049
1127,3,3,0.99999756,8,2.2523193e-06
1128,3,3,0.9996394,7,0.0003210254
1129,1,1,0.99986076,8,7.3741416e-05
1130,9,9,0.99988955,4,7.151758e-05
1131,5,5,0.99999756,6,2.2743834e-06
1132,2,2,0.99999994,7,7.880018e-09
1133,7,7,0.9963423,2,0.003284454
1134,3,3,0.9999998,5,1.2063569e-07
1135,5,5,0.9999946,8,2.988537e-06
1136,1,1,0.9999637,8,2.4736746e-05
1137,1,1,0.99994344,8,1.7179473e-05
1138,2,2,0.9979455,1,0.0020057713
1139,1,1,0.9999029,8,5.267997e-05
1140,4,4,0.99999994,9,1.00693205e-08
1141,7,7,0.99548376,3,0.0034141731
1142,4,4,0.99999934,6,3.4595948e-07
1143,7,7,0.9987379,2,0.0006383393
1144,5,5,0.9999998,3,8.127602e-08
1145,4,4,0.9985753,9,0.001209838
1146,5,5,0.99999577,3,3.8308713e-06
1147,4,4,0.9946861,7,0.0052609933
1148,0,0,0.9999973,2,2.333631e-06
1149,8,8,0.99999946,9,3.438206e-07
1150,3,3,0.9999706,5,2.9265226e-05
1151,6,6,0.9999803,5,1.7261003e-05
1152,9,9,0.9994632,7,0.00050508324
1153,6,6,0.99942935,8,0.00041772376
1154,0,0,0.9999704,5,1.2169741e-05
1155,2,2,0.99999183,8,4.8165825e-06
1156,7,7,0.72688925,8,0.27010253
1157,4,4,0.9987115,7,0.0010986942
1158,4,4,0.99999994,6,2.427596e-08
1159,4,4,0.9995894,8,0.00023319185
1160,4,4,0.9999997,6,1.8473733e-07
1161,6,6,0.9998293,5,0.00016489727
1162,6,6,0.99999994,4,1.22909425e-08
1163,4,4,0.9999977,8,1.9991094e-06
1164,7,7,0.99996954,9,2.19103e-05
1165,9,9,0.9999928,4,6.6679113e-06
1166,3,3,0.9676674,8,0.030938137
1167,4,4,0.99998707,7,6.3883513e-06
1168,5,5,0.9999997,8,1.9173311e-07
1169,5,5,0.99985933,8,0.00010329341
1170,8,8,0.99999994,5,7.307342e-12
1171,7,7,0.9994441,9,0.00034200368
1172,3,3,0.9999998,5,1.0344075e-07
1173,7,7,0.9864751,8,0.006946745
1174,2,2,0.99999946,1,2.78247e-07
1175,7,7,0.9993506,3,0.00054467126
1176,0,0,0.99999386,8,5.810147e-06
1177,2,2,0.9999961,8,1.4834462e-06
1178,4,4,0.86005694,8,0.084483795
1179,1,1,0.9999744,4,9.685537e-06
1180,1,1,0.99994236,8,3.520416e-05
1181,6,6,0.5803485,1,0.4105904
1182,6,6,0.5792388,5,0.41337234
1183,9,9,0.99961966,8,0.00038021983
1184,2,2,0.99995977,1,3.8184295e-05
1185,8,8,0.9999996,2,1.8377524e-07
1186,7,7,0.9999998,4,8.26809e-08
1187,2,2,0.9999421,1,5.7206154e-05
1188,0,0,0.99999887,8,5.838573e-07
1189,1,1,0.99996346,8,2.2494038e-05
1190,5,5,0.99999994,8,6.9408803e-09
1191,0,0,0.9998524,2,0.000104829
1192,9,9,0.99780655,4,0.0011904945
1193,1,1,0.9999725,8,1.1770172e-05
1194,7,7,0.99957854,3,0.0002827369
1195,0,0,0.9999985,8,1.313056e-06
1196,6,6,0.9999139,5,7.425812e-05
1197,0,0,0.9999955,2,3.170039e-06
1198,8,8,0.9999997,5,2.4945734e-07
1199,6,6,0.9999686,5,3.117704e-05
1200,8,8,0.9999723,5,1.566257e-05
1201,1,1,0.999939,7,3.8622435e-05
1202,8,8,0.99761397,6,0.0018105
1203,0,0,0.99999624,2,2.168464e-06
1204,3,3,0.99999315,8,3.8765065e-06
1205,3,3,0.99999994,8,3.151636e-09
1206,7,7,0.9822439,2,0.016613523
1207,2,2,0.9999998,8,1.0454834e-07
1208,3,3,0.99998266,8,1.4628513e-05
1209,6,6,0.9931423,8,0.005100162
1210,2,2,0.99999875,3,6.0794457e-07
1211,1,1,0.9999829,7,6.180933e-06
1212,6,6,0.9941474,8,0.0051637082
1213,1,1,0.9999793,7,7.967949e-06
1214,1,1,0.999891,7,6.614374e-05
1215,3,3,0.9999992,8,4.5535222e-07
1216,7,7,0.9790274,2,0.013390354
1217,9,9,0.99979734,8,0.00010267526
1218,0,0,0.9999837,6,1.6043574e-05
1219,8,8,0.99999803,3,1.2509634e-06
1220,0,0,0.9999984,6,1.4193878e-06
1221,5,5,0.9999986,8,6.704938e-07
1222,4,4,0.99999815,8,1.7635911e-06
1223,0,0,0.99999315,9,2.7178921e-06
1224,2,2,0.99791074,4,0.001988871
1225,8,8,0.99999994,2,1.0382195e-09
1226,7,2,0.8075177,7,0.1916569
1227,2,2,0.99999815,1,1.4614927e-06
1228,9,9,0.9999034,5,9.2759554e-05
1229,8,8,0.9999998,3,1.2830242e-07
1230,4,4,0.9998319,9,0.00016288662
1231,0,0,0.99993485,2,2.6920221e-05
1232,9,9,0.66465217,4,0.16368161
1233,5,5,0.99999875,6,1.138145e-06
1234,8,8,0.9999986,5,5.474985e-07
1235,5,5,0.9999978,8,2.0714347e-06
1236,1,1,0.99978447,8,0.00013495628
1237,2,2,0.9999868,1,1.3101219e-05
1238,1,1,0.9999687,8,1.4817012e-05
1239,3,3,0.99942434,5,0.0005728413
1240,1,1,0.99985623,7,0.00012302687
1241,7,7,0.9999495,2,4.8596732e-05
1242,4,9,0.97316796,4,0.026367923
1243,5,5,0.99998575,6,1.20552e-05
1244,7,7,0.98355573,2,0.013367965
1245,2,2,0.99999994,8,4.806572e-08
1246,0,0,0.99997634,6,1.5861293e-05
1247,9,5,0.9932467,3,0.0022992862
1248,8,8,0.9952074,6,0.0046891947
1249,8,8,0.99999994,2,6.8738344e-09
1250,6,6,0.9997039,5,0.0002422995
1251,2,2,0.9984238,4,0.0010937945
1252,5,5,0.99999946,8,2.2991692e-07
1253,4,4,0.99999934,6,4.9058013e-07
1254,1,1,0.99996704,9,1.289084e-05
1255,9,9,0.99999934,4,4.1668517e-07
1256,2,2,0.9966615,3,0.0013106148
1257,1,1,0.9999998,7,5.1633904e-08
1258,5,5,0.99999183,8,7.3452584e-06
1259,8,8,0.9999556,9,3.473414e-05
1260,7,7,0.5815728,1,0.19990669
1261,0,0,0.9999998,2,9.3047014e-08
1262,2,2,0.99999875,8,5.825674e-07
1263,4,4,0.9957729,9,0.0041453517
1264,4,4,0.9999903,9,9.276085e-06
1265,3,3,0.9999998,8,1.6785033e-07
1266,6,6,0.9995429,4,0.00045428824
1267,8,8,0.9999991,9,8.6397057e-07
1268,8,8,0.9999998,2,9.291755e-08
1269,2,2,0.99999577,8,1.9666954e-06
1270,4,4,0.999758,9,0.00022827947
1271,0,0,0.9999756,6,2.3769764e-05
1272,5,5,0.99815786,8,0.0017782788
1273,0,0,0.99890643,6,0.0010766712
1274,4,4,0.99325085,6,0.0027562857
1275,4,4,0.99998873,2,5.6012036e-06
1276,7,7,0.9993343,3,0.00060514983
1277,9,9,0.9999587,8,2.0028507e-05
1278,3,3,0.99999994,8,3.6449328e-09
1279,4,4,0.9946299,8,0.0053138393
1280,1,1,0.9999744,8,1.7240141e-05
1281,5,5,0.9995914,0,0.00038881053
1282,9,9,0.96472806,8,0.035264432
1283,7,7,0.99979424,2,0.00020523113
1284,3,3,0.99999994,5,1.1491039e-08
1285,5,5,0.9999996,8,3.6317505e-07
1286,8,8,0.9999997,9,2.576503e-07
1287,8,8,0.9999997,3,1.7851953e-07
1288,0,0,0.9997971,8,9.519136e-05
1289,5,5,0.99712604,3,0.0022235366
1290,3,3,0.97639805,5,0.022909038
1291,3,3,0.99999994,5,2.1569301e-08
1292,6,6,0.9949786,5,0.004942247
1293,6,6,0.9999996,5,4.13903e-07
1294,0,0,0.9999998,2,1.01861716e-07
1295,1,1,0.9999983,8,7.4683203e-07
1296,6,6,0.99932355,5,0.00053580117
1297,0,0,0.9999997,8,6.953444e-08
1298,3,3,0.9999785,8,2.109263e-05
1299,5,5,0.45164403,3,0.4407227
1300,4,4,0.9997909,7,0.00010239122
1301,4,4,0.9998922,9,5.7588095e-05
1302,1,1,0.9998343,8,6.548062e-05
1303,2,2,0.99999386,8,5.7689795e-06
1304,9,9,0.99999493,8,4.751135e-06
1305,1,1,0.9999991,2,7.417434e-07
1306,4,4,0.99999994,9,1.961747e-08
1307,6,6,0.9999948,5,2.898234e-06
1308,9,9,0.9999991,8,4.1307982e-07
1309,9,9,0.9999915,8,8.0158725e-06
1310,3,3,0.9999042,5,3.759387e-05
1311,9,9,0.9999508,4,3.3043092e-05
1312,8,8,0.99999887,9,4.7325284e-07
1313,4,4,0.9999986,8,5.943742e-07
1314,4,4,0.99999994,2,1.3643657e-08
1315,3,3,0.99977565,5,0.00021902658
1316,1,1,0.9999985,7,6.3432896e-07
1317,3,3,0.9999998,8,1.4748124e-07
1318,1,1,0.999901,7,4.1749463e-05
1319,8,0,0.9649958,8,0.033267044
1320,8,8,0.999999,2,8.794368e-07
1321,7,7,0.99784553,3,0.0013083256
1322,9,9,0.99999887,8,6.8066055e-07
1323,4,4,0.99999994,5,2.404266e-08
1324,8,8,0.9999954,2,3.601983e-06
1325,8,8,0.9999868,2,1.2739049e-05
1326,7,7,0.47888103,2,0.37045577
1327,9,9,0.9999806,8,1.1785094e-05
1328,7,7,0.84225464,8,0.09316554
1329,1,1,0.99999636,8,1.3259553e-06
1330,4,4,0.999876,8,8.341737e-05
1331,5,5,0.9999632,8,2.4011157e-05
1332,6,6,0.99999994,8,1.7043741e-10
1333,0,0,0.99999875,6,1.1147719e-06
1334,5,5,0.99999756,8,1.8261733e-06
1335,2,2,0.99987745,1,8.567253e-05
1336,2,2,0.99994093,7,4.8405193e-05
1337,2,2,0.99849904,6,0.0013881354
1338,1,1,0.99991626,7,2.9601133e-05
1339,5,5,0.9999414,3,5.8434518e-05
1340,5,5,0.99999195,6,8.011069e-06
1341,2,2,0.99999875,3,1.0270592e-06
1342,4,4,0.99999994,5,9.1209005e-09
1343,9,9,0.9999346,8,6.430568e-05
1344,6,6,0.98300767,5,0.009154777
1345,2,2,0.9999959,7,3.4598218e-06
1346,7,7,0.9999071,9,6.181475e-05
1347,7,7,0.9998843,2,8.2714214e-05
1348,2,2,0.99999887,0,1.0236027e-06
1349,2,2,0.99975324,7,0.00011479412
1350,1,1,0.99997884,8,1.3166698e-05
1351,1,1,0.9999488,8,3.7129346e-05
1352,2,2,0.9999886,0,8.315958e-06
1353,8,8,0.99999815,9,1.1389109e-06
1354,3,3,0.9997045,8,0.00029386868
1355,7,7,0.9981273,8,0.0010835013
1356,2,2,0.999975,8,1.11280215e-05
1357,4,4,0.9997914,5,8.5835745e-05
1358,1,1,0.9998288,8,0.00012240792
1359,7,7,0.9994098,3,0.0005143961
1360,1,1,0.9999376,8,2.7162345e-05
1361,7,7,0.99999434,9,2.2685533e-06
1362,6,6,0.99999994,4,5.3523572e-09
1363,7,7,0.99949294,2,0.00044745742
1364,8,2,0.57009524,8,0.42916346
1365,2,2,0.99994093,7,4.4273787e-05
1366,7,7,0.9999612,8,1.4716535e-05
1367,3,3,0.9999998,5,1.492681e-07
1368,1,1,0.99965394,4,0.0001463624
1369,7,7,0.99988955,3,8.376831e-05
1370,5,5,0.9999998,6,8.8718544e-08
1371,8,8,0.99999994,2,4.7216644e-09
1372,2,2,0.99999636,7,1.6933981e-06
1373,6,6,0.99999994,5,1.8814047e-08
1374,2,2,0.9999997,4,2.1018519e-07
1375,2,2,0.999996,1,3.90156e-06
1376,5,5,0.99999994,8,9.108327e-10
1377,6,6,0.9999061,5,9.175995e-05
1378,5,5,0.9656354,6,0.034059566
1379,0,0,0.9999977,2,2.1964843e-06
1380,9,9,0.99978447,4,0.00014741189
1381,2,2,0.99997646,8,2.3309856e-05
1382,4,4,0.99999994,9,3.3204035e-08
1383,3,3,0.99963737,6,0.0002578899
1384,3,3,0.9999952,5,2.5396655e-06
1385,9,9,0.99969447,8,0.00029747497
1386,7,7,0.9990672,3,0.00076724216
1387,6,6,0.9999996,4,3.066745e-07
1388,6,6,0.9999911,5,6.1360242e-06
1389,8,8,0.99999994,5,3.6671322e-11
1390,0,0,0.9999681,9,1.6108588e-05
1391,4,4,0.99998623,9,1.2352721e-05
1392,1,1,0.9999177,4,2.4605148e-05
1393,5,3,0.7234232,5,0.2764072
1394,8,8,0.9999103,9,6.877875e-05
1395,2,2,0.97986627,8,0.01940187
1396,9,9,0.99998873,7,7.050976e-06
1397,1,1,0.99954206,4,0.00021242393
1398,8,8,0.9999966,3,2.686032e-06
1399,0,0,0.99999565,6,4.3060595e-06
1400,6,6,0.9999195,5,6.861481e-05
1401,7,7,0.99990505,2,8.358599e-05
1402,2,2,0.9998176,7,0.00015488488
1403,1,1,0.9999165,8,3.827192e-05
1404,0,0,0.9998088,8,0.00010609486
1405,5,5,0.99998254,8,1.27061985e-05
1406,5,5,0.9999892,8,1.0686598e-05
1407,2,2,0.99999934,8,6.245917e-07
1408,0,0,0.99973834,2,0.00018213803
1409,2,2,0.99999505,0,1.9987838e-06
1410,2,2,0.99999744,8,1.9771267e-06
1411,0,0,0.99630046,8,0.003689866
1412,2,2,0.99999446,1,2.7744843e-06
1413,4,4,0.99891764,9,0.0006407825
1414,9,9,0.5715516,7,0.18613465
1415,8,8,0.92820805,6,0.06554535
1416,0,0,0.99999946,2,3.3921242e-07
1417,9,9,0.9999462,5,4.8395894e-05
1418,9,9,0.9999984,8,9.204722e-07
1419,4,4,0.9999998,9,9.803479e-08
1420,6,6,0.99999994,5,4.0656758e-08
1421,5,5,0.99999064,8,9.08172e-06
1422,4,4,0.99999815,9,1.665293e-06
1423,9,9,0.99958795,4,0.0003714288
1424,1,1,0.9999936,8,2.8591105e-06
1425,8,8,0.9999303,6,4.577464e-05
1426,3,3,0.99999994,5,1.1521765e-08
1427,4,4,0.9997406,9,0.0002482382
1428,9,9,0.9999154,4,5.1374376e-05
1429,9,9,0.97315055,4,0.024937088
1430,1,1,0.9999805,8,7.6036304e-06
1431,2,2,0.99999636,8,1.9098034e-06
1432,2,2,0.99999696,8,1.943168e-06
1433,8,8,0.9999848,3,7.363014e-06
1434,1,1,0.9999533,8,1.6018732e-05
1435,9,9,0.9998429,8,0.00013261691
1436,6,6,0.9513753,5,0.031958017
1437,4,4,0.9997444,9,0.00022989021
1438,0,0,0.9985107,6,0.0013496558
1439,9,9,0.9994365,8,0.00055357907
1440,4,4,0.99898934,9,0.00053318334
1441,8,8,0.9948332,9,0.005129347
1442,3,3,0.9999986,8,1.2078733e-06
1443,8,8,0.99999994,2,1.1734821e-10
1444,6,6,0.9997517,0,0.00019763186
1445,0,0,0.99999815,2,1.809428e-06
1446,2,2,0.9999984,1,1.101619e-06
1447,5,5,0.9987437,6,0.0011853386
1448,1,1,0.99996525,8,2.0594418e-05
1449,9,9,0.9999992,4,5.185577e-07
1450,6,6,0.9999972,4,2.7523888e-06
1451,2,2,0.9999725,8,2.157263e-05
1452,9,9,0.9999983,4,1.3376389e-06
1453,4,4,0.9999148,9,8.4696316e-05
1454,0,0,0.99998504,8,1.4496448e-05
1455,9,9,0.9997356,4,0.00023090153
1456,6,6,0.9999978,0,1.6900705e-06
1457,0,0,0.99999994,6,3.237522e-08
1458,6,6,0.99952704,5,0.0004683842
1459,2,2,0.516304,3,0.47454688
1460,5,5,0.99999994,9,2.9661553e-08
1461,4,4,0.9999781,2,1.8075714e-05
1462,2,2,0.99999815,0,1.4678146e-06
1463,3,3,0.9999183,5,7.027511e-05
1464,8,8,0.99970126,3,0.00029192504
1465,4,4,0.97384083,2,0.022188332
1466,5,5,0.9964885,3,0.003510134
1467,5,5,0.99970794,3,0.00028650757
1468,0,0,0.99793893,9,0.0017746211
1469,3,3,0.99998087,5,1.7607905e-05
1470,8,8,0.9999997,3,1.1211864e-07
1471,5,5,0.99999994,9,5.879244e-09
1472,3,3,0.99983525,5,9.143016e-05
1473,5,5,0.9999967,8,2.85783e-06
1474,8,8,0.999999,2,9.28509e-07
1475,6,6,0.9999276,0,3.2293494e-05
1476,5,5,0.9999476,3,5.2206637e-05
1477,7,7,0.9995925,2,0.0003934352
1478,6,6,0.999922,5,6.899444e-05
1479,3,3,0.99999994,5,5.0521002e-08
1480,3,3,0.9999997,5,2.146277e-07
1481,9,9,0.99997514,4,1.637249e-05
1482,6,6,0.99920505,5,0.0007853953
1483,1,1,0.99996763,4,1.5795913e-05
1484,1,1,0.99995714,8,3.3275224e-05
1485,2,2,0.99999994,0,5.6037287e-08
1486,9,9,0.9999741,8,1.9660558e-05
1487,0,0,0.9999991,6,7.090385e-07
1488,4,4,0.99999434,6,4.6680075e-06
1489,3,3,0.9999977,8,2.0580878e-06
1490,3,3,0.9999456,5,4.0970106e-05
1491,6,6,0.99999994,5,7.2475013e-09
1492,9,9,0.99977803,7,0.00010335733
1493,5,5,0.99999744,8,2.4295289e-06
1494,7,7,0.9999034,0,9.076248e-05
1495,3,3,0.9999917,2,7.1672466e-06
1496,7,7,0.99207985,9,0.005187046
1497,7,7,0.99995595,2,3.341485e-05
1498,7,7,0.999973,3,1.7170856e-05
1499,8,8,0.99999994,5,1.3600163e-08
1500,7,7,0.9837164,9,0.0056354804
1501,9,9,0.9999059,8,7.832678e-05
1502,8,8,0.9989748,6,0.0008945239
1503,3,3,0.9999853,5,1.38012365e-05
1504,0,0,0.9999986,6,5.0907397e-07
1505,7,7,0.9207019,3,0.054656845
1506,2,2,0.9999998,8,1.06736934e-07
1507,7,7,0.9972285,3,0.0019780018
1508,9,9,0.9994773,8,0.00045366553
1509,4,4,0.9991682,9,0.00074964884
1510,5,5,0.9999984,3,1.089726e-06
1511,4,4,0.9992589,8,0.00073867594
1512,9,9,0.99999565,4,2.5820998e-06
1513,3,3,0.9999952,5,4.6669115e-06
1514,2,2,0.99965525,8,0.0003372125
1515,1,1,0.99990195,8,5.7505953e-05
1516,4,4,0.999733,6,0.00016852074
1517,0,0,0.9999998,2,8.880489e-08
1518,2,2,0.99996585,7,1.6847345e-05
1519,3,3,0.9999998,5,5.999906e-08
1520,7,2,0.511473,7,0.449919
1521,5,5,0.99999994,9,6.864961e-10
1522,7,9,0.693735,7,0.19624077
1523,8,8,0.99851805,5,0.0011342089
1524,8,8,0.99999267,3,7.252548e-06
1525,5,5,0.9998912,3,9.88704e-05
1526,0,0,0.9999948,8,4.943141e-06
1527,1,1,0.8568584,5,0.142395
1528,1,1,0.9999911,6,4.1364005e-06
1529,4,4,0.99999994,6,4.2227075e-09
1530,8,8,0.79781735,7,0.20065542
1531,3,3,0.99939406,5,0.0006059097
1532,9,9,0.9996456,8,0.00035353753
1533,0,0,0.99982595,6,0.00016329938
1534,0,0,0.9999984,2,9.569525e-07
1535,0,0,0.9999928,8,3.5723176e-06
1536,6,6,0.9999868,5,1.2966145e-05
1537,6,6,0.9999991,5,5.5411465e-07
1538,2,2,0.9999984,8,1.0479042e-06
1539,3,3,0.9999998,5,1.3497407e-07
1540,7,7,0.9999649,2,2.3026822e-05
1541,8,8,0.99999994,6,5.5567035e-09
1542,4,4,0.99999994,5,2.6814362e-08
1543,7,7,0.77004504,3,0.22940743
1544,7,7,0.99998707,3,1.0654631e-05
1545,9,9,0.9999965,8,1.1035538e-06
1546,2,2,0.9999712,8,2.761297e-05
1547,4,4,0.999486,5,0.0004854311
1548,1,1,0.99975216,2,0.0001236991
1549,4,4,0.9208582,6,0.07490063
1550,5,5,0.9999986,8,1.3331107e-06
1551,2,2,0.97968245,8,0.020045485
1552,4,4,0.9996143,9,0.00037664868
1553,9,9,0.6053884,5,0.2122473
1554,9,9,0.972327,8,0.021582095
1555,1,1,0.9999954,7,2.6501548e-06
1556,8,8,0.99999994,2,1.28206725e-08
1557,4,4,0.9999998,9,1.08005e-07
1558,0,0,0.99996704,2,1.3312754e-05
1559,9,9,0.44099963,5,0.4202698
1560,8,8,0.99999994,2,1.841537e-09
1561,4,4,0.9999992,2,3.1278952e-07
1562,8,8,0.99999446,0,4.6147547e-06
1563,7,7,0.9999512,9,4.298087e-05
1564,7,7,0.99995214,2,2.4344505e-05
1565,0,0,0.9999992,2,3.1320621e-07
1566,7,7,0.9915126,2,0.005567289
1567,8,8,0.9999996,9,3.154266e-07
1568,8,8,0.99999994,5,2.210773e-08
1569,6,6,0.999008,4,0.0008598372
1570,0,0,0.87024444,4,0.1268246
1571,4,4,0.9999991,9,8.034979e-07
1572,8,8,0.99999994,9,5.2475748e-08
1573,8,8,0.99999875,2,1.1927976e-06
1574,2,2,0.99999994,1,1.8257962e-08
1575,4,4,0.99999994,2,6.3517307e-09
1576,7,7,0.98515105,2,0.013099656
1577,6,6,0.99999994,5,5.4525255e-08
1578,6,6,0.99999934,5,5.944138e-07
1579,6,6,0.99984884,8,0.00012435192
1580,4,4,0.9999464,8,4.1082236e-05
1581,7,7,0.9902608,3,0.0075903917
1582,1,1,0.9999973,8,1.7350609e-06
1583,8,8,0.9995472,9,0.00021284357
1584,8,8,0.99999124,2,5.4632796e-06
1585,2,2,0.99995834,3,3.8489226e-05
1586,3,3,0.99999934,9,2.5142194e-07
1587,6,6,0.9999638,5,3.3969107e-05
1588,3,3,0.99999994,5,4.9198876e-09
1589,0,0,0.9999537,6,3.8409587e-05
1590,0,0,0.9999886,8,6.9810944e-06
1591,3,3,0.9999555,8,4.430332e-05
1592,7,7,0.99827296,3,0.0015742052
1593,6,6,0.9985795,0,0.00063951453
1594,9,9,0.9996908,8,0.00027840596
1595,7,7,0.73770994,2,0.1814498
1596,9,9,0.9999488,8,4.524585e-05
1597,9,9,0.99957234,8,0.00041406884
1598,5,5,0.99999994,8,3.6650032e-09
1599,4,4,0.9999997,2,1.7275188e-07
1600,3,3,0.9780247,5,0.021962471
1601,3,3,0.9999991,7,8.430839e-07
1602,6,6,0.99999815,5,1.4906963e-06
1603,1,1,0.999988,8,5.466175e-06
1604,2,2,0.99998003,8,1.8772911e-05
1605,3,3,0.99999994,5,3.894055e-08
1606,7,7,0.9999395,2,3.5291625e-05
1607,3,3,0.9983758,5,0.0015584298
1608,3,3,0.99999887,5,1.0921266e-06
1609,2,2,0.999917,0,7.917767e-05
1610,0,0,0.99999326,2,5.9273207e-06
1611,3,3,0.92048824,5,0.051059335
1612,3,3,0.9999576,5,4.23548e-05
1613,8,8,0.99999994,2,1.7240817e-08
1614,4,4,0.9994632,9,0.00038514385
1615,3,3,0.99999994,8,5.5669402e-09
1616,6,6,0.9999961,5,1.9969186e-06
1617,3,3,0.9999667,8,2.857811e-05
1618,5,5,0.97001165,8,0.018891478
1619,0,0,0.9999892,8,5.0676135e-06
1620,2,2,0.9999772,3,1.2636802e-05
1621,0,6,0.78845537,0,0.2115427
1622,9,9,0.999996,4,2.2719626e-06
1623,0,0,0.99999994,6,3.2699667e-08
1624,7,7,0.9969942,9,0.002123369
1625,4,4,0.9999991,2,7.4919456e-07
1626,6,6,0.9997113,5,0.00026000416
1627,9,9,0.99861735,0,0.0012617765
1628,3,3,0.99999076,5,9.163736e-06
1629,5,5,0.99999994,3,3.2254397e-09
1630,1,1,0.99999887,2,4.605531e-07
1631,9,9,0.9986701,7,0.001176046
1632,6,6,0.9999992,4,3.7379388e-07
1633,1,1,0.99999624,8,2.0738153e-06
1634,4,4,0.8645024,9,0.06598669
1635,5,5,0.999999,6,7.942254e-07
1636,4,4,0.9999408,2,5.739061e-05
1637,5,5,0.99994105,3,2.9948347e-05
1638,0,0,0.9999619,2,2.4220064e-05
1639,5,5,0.9999972,9,2.6709397e-06
1640,9,9,0.9999904,4,7.129321e-06
1641,5,5,0.99455947,6,0.00436244
1642,2,2,0.99999326,8,4.102467e-06
1643,1,1,0.9999979,8,8.676654e-07
1644,2,2,0.9999905,8,7.3105934e-06
1645,9,9,0.99999386,8,5.1666802e-06
1646,1,1,0.9999967,2,2.074101e-06
1647,9,9,0.99999756,8,1.3726788e-06
1648,9,9,0.99978137,7,0.0001898551
1649,4,4,0.99998206,9,1.3308434e-05
1650,0,0,0.99999326,2,6.680473e-06
1651,8,8,0.99999994,2,3.7730508e-09
1652,4,4,0.9999983,9,1.4476434e-06
1653,5,5,0.9999998,3,1.0936112e-07
1654,2,2,0.99771696,3,0.001401299
1655,9,9,0.99996513,8,3.3364144e-05
1656,2,2,0.9999998,1,1.09517046e-07
1657,1,1,0.9999327,8,2.9751845e-05
1658,2,2,0.9999991,1,5.241441e-07
1659,1,1,0.9999724,8,1.3387905e-05
1660,7,7,0.9982848,2,0.001585375
1661,3,3,0.9999998,8,6.650328e-08
1662,6,6,0.9999998,5,9.215632e-08
1663,8,8,0.99999994,3,6.0150516e-09
1664,8,8,0.9999998,6,1.1495439e-07
1665,4,4,0.99999505,9,3.0538768e-06
1666,9,9,0.9995902,8,0.0004077182
1667,1,1,0.99899954,2,0.00069395377
1668,9,9,0.9999886,8,1.03521215e-05
1669,8,8,0.99997824,3,1.5647855e-05
1670,5,5,0.9999903,8,7.0804335e-06
1671,7,7,0.99885833,3,0.0008721794
1672,5,5,0.9999543,9,4.0303665e-05
1673,1,1,0.99623126,9,0.0019359099
1674,1,1,0.999963,7,1.2556497e-05
1675,8,8,0.99999994,2,1.4910926e-08
1676,6,6,0.9970213,5,0.002793867
1677,5,5,0.9999725,8,2.3358634e-05
1678,2,2,0.99573123,0,0.0040489566
1679,4,4,0.9999998,9,4.064768e-08
1680,4,4,0.99993306,8,4.774225e-05
1681,3,3,0.9988769,7,0.0010339587
1682,2,2,0.9999375,0,4.9412953e-05
1683,3,3,0.99999994,8,3.3628496e-09
1684,5,5,0.9999998,8,1.0943268e-07
1685,6,6,0.9999998,5,7.507447e-08
1686,8,6,0.61032456,8,0.3855268
1687,8,8,0.99998456,9,1.3809455e-05
1688,6,6,0.9998474,5,0.00014806366
1689,2,2,0.9999866,0,5.6835024e-06
1690,3,3,0.999996,5,3.4086784e-06
1691,1,1,0.9757516,8,0.011823795
1692,0,0,0.99999875,2,4.3351235e-07
1693,5,5,0.99999994,3,1.2146081e-08
1694,8,8,0.99995345,2,4.3698896e-05
1695,9,9,0.99915236,7,0.00064180075
1696,2,2,0.99931616,1,0.00058109453
1697,9,9,0.9986202,4,0.0012138431
1698,6,6,0.99999994,5,1.8146231e-09
1699,7,7,0.9999507,2,4.289077e-05
1700,0,0,0.9999998,6,5.3130677e-08
1701,4,4,0.9970887,5,0.002081462
1702,8,8,0.9998698,5,0.000117781536
1703,7,7,0.99366117,3,0.0040715453
1704,1,1,0.9999016,8,8.258835e-05
1705,7,7,0.9999575,3,2.9130213e-05
1706,4,4,0.99999434,9,5.5854666e-06
1707,1,1,0.99813193,4,0.0014304002
1708,0,0,0.999999,6,8.902498e-07
1709,9,5,0.9602193,3,0.029967953
1710,7,7,0.9990286,9,0.0009418754
1711,2,2,0.99986935,8,7.026095e-05
1712,0,0,0.99908745,9,0.0009008266
1713,0,0,0.99999803,9,8.197221e-07
1714,9,9,0.9999986,4,1.0024783e-06
1715,1,1,0.99998707,8,4.009702e-06
1716,7,7,0.9741032,1,0.01642031
1717,8,8,0.82747346,0,0.1708044
1718,7,7,0.9682671,2,0.031601477
1719,8,8,0.99999994,9,1.5791593e-10
1720,4,4,0.99999577,6,2.5860702e-06
1721,7,7,0.92061806,9,0.07354276
1722,2,2,0.9842175,7,0.015774151
1723,0,0,0.9999996,2,1.16890526e-07
1724,4,4,0.99999684,9,2.9665398e-06
1725,6,6,0.9883789,8,0.010150969
1726,0,0,0.99999577,9,2.4974954e-06
1727,3,3,0.9999991,5,8.1946973e-07
1728,1,1,0.99997395,8,7.73344e-06
1729,1,1,0.9998708,2,7.0401635e-05
1730,3,3,0.9996106,5,0.0002452588
1731,3,3,0.9999998,8,8.422467e-08
1732,9,9,0.9984017,5,0.0010986567
1733,6,6,0.9999998,0,7.786805e-08
1734,7,7,0.9999992,9,2.9196565e-07
1735,4,4,0.99997383,2,2.3068393e-05
1736,1,1,0.99992186,4,1.9853178e-05
1737,5,5,0.9144568,3,0.05898428
1738,3,3,0.99999994,5,2.1253417e-08
1739,0,0,0.99999577,2,2.6777761e-06
1740,8,8,0.9999977,6,1.9893566e-06
1741,7,7,0.99997276,1,1.7278991e-05
1742,3,3,0.9999998,8,7.3713444e-08
1743,9,9,0.99976707,8,0.00017288647
1744,6,6,0.9999986,5,1.1426899e-06
1745,9,9,0.9999966,8,2.1981791e-06
1746,3,3,0.9999513,5,4.619243e-05
1747,5,5,0.99976707,8,0.00022870864
1748,0,0,0.9986091,6,0.001125624
1749,2,2,0.9999899,8,9.545851e-06
1750,7,7,0.99576545,2,0.0040305546
1751,4,4,0.9889636,2,0.011024834
1752,5,5,0.99999994,3,1.16702825e-08
1753,1,1,0.9999526,4,1.8245464e-05
1754,7,7,0.9982767,2,0.0013560179
1755,5,5,0.9999817,3,1.2379814e-05
1756,8,8,0.99999994,2,8.811758e-10
1757,0,0,0.9999952,6,2.8790396e-06
1758,8,8,0.9999996,9,2.9245538e-07
1759,8,8,0.9999507,9,1.666969e-05
1760,1,1,0.9996304,8,0.000117210286
1761,5,5,0.99984884,9,0.00015107937
1762,0,0,0.99997586,5,1.6265229e-05
1763,3,3,0.9999959,5,3.706838e-06
1764,0,0,0.99998873,2,9.411459e-06
1765,3,3,0.9999934,8,5.0028616e-06
1766,1,1,0.9999984,4,6.9290115e-07
1767,4,4,0.99998695,2,1.1957762e-05
1768,0,0,0.9999991,8,3.6279616e-07
1769,3,3,0.9999847,2,8.462137e-06
1770,7,7,0.9999967,3,1.5644853e-06
1771,2,2,0.99999636,3,1.8080965e-06
1772,7,7,0.9999985,4,1.3819244e-06
1773,1,1,0.99992687,6,5.9065434e-05
1774,8,8,0.99998695,5,7.0835235e-06
1775,0,0,0.9999444,8,2.852307e-05
1776,7,7,0.9808328,3,0.015794724
1777,0,0,0.99999946,2,4.448338e-07
1778,4,4,0.9999866,9,1.2749207e-05
1779,3,3,0.9999998,5,9.089142e-08
1780,1,1,0.99999934,8,2.4195043e-07
1781,9,9,0.9999638,0,2.3355979e-05
1782,8,8,0.9995318,9,0.000461145
1783,7,7,0.9999754,2,2.2271222e-05
1784,7,7,0.99997586,3,2.0956633e-05
1785,1,1,0.99916714,2,0.0003048443
1786,4,4,0.9998959,8,8.056217e-05
1787,9,9,0.9999997,4,2.0090124e-07
1788,9,9,0.999957,8,3.9402938e-05
1789,3,3,0.99992675,8,4.5089142e-05
1790,2,7,0.93337125,2,0.051385406
1791,1,1,0.9999952,7,2.222686e-06
1792,7,7,0.99978757,3,0.00014036501
1793,9,9,0.9999955,4,3.3255483e-06
1794,0,0,0.99998254,2,1.2883715e-05
1795,2,2,0.99999994,8,6.2143046e-09
1796,0,0,0.99998575,6,1.2023236e-05
1797,3,3,0.98555267,5,0.014447336
1798,3,3,0.9999991,5,8.259355e-07
1799,7,7,0.99940455,3,0.0004981661
1800,6,6,0.9999303,4,6.221712e-05
1801,9,9,0.9996229,8,0.00034638774
1802,2,2,0.9999921,3,4.663085e-06
1803,3,3,0.99999934,5,5.4963283e-07
1804,3,3,0.99999994,8,3.433065e-08
1805,7,7,0.9999605,2,3.0914525e-05
1806,7,7,0.9672908,2,0.02725767
1807,0,0,0.99997884,9,1.2272231e-05
1808,0,0,0.9899394,4,0.0048076375
1809,7,7,0.91799694,9,0.061226577
1810,5,5,0.9999998,3,8.418645e-08
1811,2,2,0.99999446,0,2.6262906e-06
1812,9,9,0.99999684,8,2.235777e-06
1813,8,8,0.99993175,2,6.7809335e-05
1814,7,7,0.99999183,2,3.2196347e-06
1815,4,4,0.9999998,9,9.808342e-08
1816,4,4,0.99794394,9,0.0017145253
1817,2,2,0.9999873,1,1.2448525e-05
1818,6,6,0.9999859,5,1.3823203e-05
1819,6,6,0.9999884,8,7.1733775e-06
1820,1,1,0.9999996,4,1.9747101e-07
1821,9,9,0.9999996,8,2.973296e-07
1822,6,6,0.92572933,5,0.07419312
1823,8,8,0.9996884,2,0.0002704193
1824,2,2,0.9999971,8,1.9038945e-06
1825,9,9,0.9998708,3,8.971096e-05
1826,0,0,0.9999941,9,2.88191e-06
1827,8,8,0.99999994,3,2.9047706e-08
1828,3,3,0.9883036,7,0.0055307765
1829,1,1,0.9997883,9,7.983293e-05
1830,1,1,0.9999899,8,8.23016e-06
1831,6,6,0.9999917,5,8.098623e-06
1832,3,3,0.9999991,5,8.68467e-07
1833,5,5,0.9999699,3,2.9755847e-05
1834,1,1,0.9999351,7,2.4414609e-05
1835,1,1,0.99997467,4,1.0584306e-05
1836,1,1,0.99987555,8,9.177718e-05
1837,3,3,0.9999971,5,2.8652155e-06
1838,1,1,0.7641592,2,0.23524126
1839,2,2,0.99969876,8,0.00020429319
1840,3,3,0.99999994,5,2.8213833e-08
1841,0,0,0.9999111,6,8.173405e-05
1842,2,2,0.9999998,1,6.771426e-08
1843,0,0,0.99993676,2,5.910084e-05
1844,1,1,0.9994546,8,0.00023182831
1845,3,3,0.99999994,5,2.468671e-09
1846,5,5,0.9999922,8,6.0838574e-06
1847,5,5,0.99741787,6,0.0021134606
1848,7,7,0.99995106,3,4.106202e-05
1849,4,4,0.99939525,8,0.0005374574
1850,8,8,0.999914,9,6.193574e-05
1851,9,9,0.99995774,8,3.8652855e-05
1852,6,6,0.9999046,5,8.360827e-05
1853,9,9,0.9984681,8,0.0009944331
1854,6,6,0.9999998,5,1.4913833e-07
1855,8,8,0.9999775,9,1.7973169e-05
1856,3,3,0.9999952,8,4.0196587e-06
1857,6,6,0.9999972,5,2.7642236e-06
1858,6,6,0.9999997,5,2.5769182e-07
1859,8,8,0.9999867,2,1.3246425e-05
1860,5,5,0.9999979,9,2.0460332e-06
1861,1,1,0.9997854,8,0.00011404097
1862,4,4,0.999981,9,1.649307e-05
1863,2,2,0.9999921,8,5.7305633e-06
1864,4,4,0.99999934,8,3.1118793e-07
1865,4,4,0.98240995,7,0.014941483
1866,5,5,0.9999997,8,1.9509675e-07
1867,1,1,0.9999861,7,4.4793273e-06
1868,1,1,0.9990667,4,0.0005843139
1869,9,9,0.99995536,4,3.506242e-05
1870,0,0,0.9999916,2,6.8558693e-06
1871,2,2,0.99865574,8,0.0012140068
1872,4,4,0.999999,7,3.1611214e-07
1873,9,9,0.9999984,3,8.1074893e-07
1874,5,5,0.99999255,6,6.7135643e-06
1875,7,7,0.99973476,2,0.00025822956
1876,1,1,0.9999772,8,1.3809497e-05
1877,8,8,0.9999983,9,1.4203205e-06
1878,8,3,0.55903,8,0.40365288
1879,5,5,0.9999998,8,9.6260095e-08
1880,6,6,0.995248,0,0.00383628
1881,9,9,0.99998206,8,1.5893711e-05
1882,8,8,0.9999997,3,2.943545e-07
1883,7,7,0.9998102,9,0.00016103227
1884,1,1,0.99996036,7,1.3192396e-05
1885,1,1,0.9999903,8,7.1086674e-06
1886,6,6,0.9998238,5,9.57524e-05
1887,7,7,0.9999549,5,1.2383933e-05
1888,6,6,0.9994186,5,0.000444627
1889,3,3,0.99999934,5,5.431092e-07
1890,2,2,0.99999994,8,3.7460954e-09
1891,2,2,0.99999994,0,1.1218343e-08
1892,0,0,0.99999946,5,2.4233978e-07
1893,8,8,0.99999934,3,5.372499e-07
1894,9,9,0.9996971,8,0.00027151965
1895,2,2,0.9999935,3,6.3550447e-06
1896,5,5,0.999986,9,1.3951006e-05
1897,1,1,0.9999607,8,3.503961e-05
1898,0,0,0.9954544,6,0.0045355177
1899,8,8,0.9998881,3,8.4149084e-05
1900,1,1,0.9989057,4,0.00064241193
1901,9,8,0.8119928,4,0.18543527
1902,5,5,0.9999986,3,1.0153424e-06
1903,7,7,0.74104875,2,0.25865304
1904,9,9,0.9999574,8,3.963197e-05
1905,6,6,0.9999998,5,8.1295404e-08
1906,9,9,0.9999774,8,1.5469846e-05
1907,0,0,0.9999992,8,5.2597693e-07
1908,6,6,0.99994785,5,2.49052e-05
1909,1,1,0.7086283,7,0.20468752
1910,5,5,0.99999875,9,1.2122172e-06
1911,5,5,0.99887764,8,0.0009545379
1912,8,8,0.99999994,5,1.7989302e-08
1913,3,3,0.9947367,8,0.0051969658
1914,8,8,0.99999994,5,8.471648e-10
1915,2,2,0.9999626,3,1.7784005e-05
1916,6,6,0.9998824,5,0.000108195985
1917,5,5,0.9999996,8,3.0590923e-07
1918,0,0,0.9999911,8,3.1229476e-06
1919,7,7,0.9995435,3,0.00042721536
1920,4,4,0.9998317,7,0.00011451565
1921,6,6,0.99999994,4,2.364125e-09
1922,1,1,0.99999565,8,3.4621678e-06
1923,3,3,0.99999994,8,8.85959e-09
1924,4,4,0.99998754,9,1.1168978e-05
1925,7,7,0.9999755,2,9.924012e-06
1926,3,3,0.99989086,8,0.00010010204
1927,2,2,0.99999636,1,1.8130072e-06
1928,3,3,0.9999986,5,1.0929787e-06
1929,4,4,0.99193156,7,0.0072512627
1930,2,2,0.9999998,4,8.1315875e-08
1931,5,5,0.99999887,3,1.1137699e-06
1932,2,2,0.9999948,7,5.064245e-06
1933,7,7,0.99974453,2,0.0001423818
1934,1,1,0.99998945,7,3.8290686e-06
1935,7,7,0.99851733,3,0.0008759413
1936,2,2,0.9999998,0,6.9259265e-08
1937,6,6,0.9999853,5,1.419952e-05
1938,4,4,0.99974585,6,0.0001488001
1939,1,1,0.9998641,8,6.6997345e-05
1940,5,5,0.9966952,8,0.0030700944
1941,7,7,0.8799629,2,0.11503453
1942,8,8,0.99998194,2,1.7864548e-05
1943,6,6,0.99988455,5,9.628293e-05
1944,0,0,0.9999184,9,4.192183e-05
1945,1,1,0.99956137,2,0.00038757976
1946,8,8,0.99999994,2,4.0618776e-08
1947,2,2,0.9999961,3,1.6000339e-06
1948,5,5,0.96611935,8,0.032659546
1949,7,7,0.9858174,2,0.013865814
1950,7,7,0.9999022,3,6.207526e-05
1951,6,6,0.99999565,4,2.1890016e-06
1952,9,9,0.94756615,3,0.02781248
1953,3,3,0.9999843,5,1.3161246e-05
1954,5,5,0.9999717,9,2.2386983e-05
1955,8,8,0.99796474,2,0.0020350702
1956,4,4,0.9996673,2,0.00020082404
1957,2,2,0.99999994,4,6.282522e-09
1958,4,4,0.99999994,5,6.259414e-09
1959,0,0,0.9999885,6,6.8702734e-06
1960,8,8,0.99999994,2,3.562157e-08
1961,8,8,0.99999946,2,4.4848176e-07
1962,3,3,0.9999998,5,9.064592e-08
1963,4,4,0.9997488,9,0.00023787831
1964,9,9,0.99989253,8,0.000104341976
1965,2,2,0.99977183,1,0.00015024835
1966,7,7,0.99998957,3,8.959142e-06
1967,5,5,0.99999994,9,2.0498907e-08
1968,8,8,0.99336225,9,0.006619854
1969,6,6,0.9964799,0,0.0034768179
1970,5,5,0.9999998,9,1.2015495e-07
1971,6,6,0.99998575,5,1.3413299e-05
1972,0,0,0.9999984,2,1.374902e-06
1973,8,8,0.9999948,6,2.7263286e-06
1974,6,6,0.9999998,5,1.2703933e-07
1975,7,7,0.99976254,3,0.00018686359
1976,3,3,0.999953,5,4.5369317e-05
1977,6,6,0.99999946,5,3.2236395e-07
1978,4,4,0.99998635,9,1.0726828e-05
1979,9,9,0.9998923,8,8.30699e-05
1980,4,4,0.9999997,2,1.363929e-07
1981,6,6,0.99982953,4,7.691405e-05
1982,6,6,0.92225903,5,0.041526303
1983,3,3,0.99999636,8,3.5730152e-06
1984,2,2,0.99920005,0,0.0007987778
1985,4,4,0.9999934,8,5.129933e-06
1986,1,1,0.9999704,8,9.89863e-06
1987,0,0,0.9746086,9,0.024995467
1988,1,1,0.99947554,2,0.0003112414
1989,4,4,0.9949883,9,0.0035660337
1990,6,6,0.9998503,0,0.00014615066
1991,2,2,0.9999997,0,1.04051594e-07
1992,9,9,0.9160502,8,0.08394825
1993,1,1,0.983949,2,0.012826782
1994,1,1,0.9997704,7,0.00010457268
1995,0,0,0.9999972,9,2.0529803e-06
1996,6,6,0.99996716,5,3.1918924e-05
1997,3,3,0.9999991,5,4.806277e-07
1998,9,9,0.9999767,4,1.19974475e-05
1999,5,5,0.9999799,3,1.5077839e-05
2000,6,6,0.9999358,5,3.354921e-05
2001,5,5,0.9997623,8,0.00017877913
2002,6,6,0.9999992,0,5.462018e-07
2003,5,5,0.9999996,6,1.9899247e-07
2004,8,8,0.9999402,3,5.0334507e-05
2005,4,4,0.9999991,2,8.6288446e-07
2006,6,6,0.9999879,5,1.0124581e-05
2007,4,4,0.99999994,5,9.0656727e-10
2008,3,3,0.9999966,5,3.209656e-06
2009,9,9,0.99983454,8,0.00015435254
2010,1,1,0.9999173,4,3.7328668e-05
2011,3,3,0.9999977,8,2.2899058e-06
2012,4,4,0.9999972,8,2.583084e-06
2013,1,1,0.9999514,4,2.93701e-05
2014,9,9,0.99993247,8,6.355157e-05
2015,1,1,0.99998516,2,7.4168247e-06
2016,7,7,0.9801322,2,0.01983692
2017,1,1,0.9999451,7,2.3630422e-05
2018,1,2,0.8985718,7,0.048880983
2019,9,9,0.9999854,4,8.824717e-06
2020,3,3,0.9999909,5,8.885959e-06
2021,5,5,0.9999754,9,2.4577721e-05
2022,4,4,0.99999803,5,8.0270587e-07
2023,0,0,0.99990886,5,7.924335e-05
2024,7,7,0.9822465,9,0.0124359215
2025,3,3,0.6624593,8,0.3309259
2026,6,6,0.99999946,5,3.3599954e-07
2027,1,1,0.99822116,8,0.0012079322
2028,7,7,0.99993736,2,2.8357475e-05
2029,5,5,0.9998107,6,0.00011002701
2030,5,5,0.9999911,8,8.524887e-06
2031,3,3,0.99999994,5,3.4410855e-10
2032,3,3,0.99999994,5,1.8965695e-08
2033,0,0,0.9998596,2,0.00013553511
2034,1,1,0.9999146,8,5.1101913e-05
2035,5,3,0.988143,5,0.011856845
2036,7,7,0.99996394,9,1.8579594e-05
2037,5,5,0.9999984,6,1.3956135e-06
2038,8,8,0.99999744,3,1.207409e-06
2039,6,6,0.99999684,5,1.5155938e-06
2040,5,5,0.50014085,8,0.37494093
2041,1,1,0.99997383,7,9.034626e-06
2042,0,0,0.99999946,2,4.1139182e-07
2043,4,4,0.86686665,8,0.1331248
2044,2,2,0.9940414,8,0.0058210627
2045,3,3,0.9999868,5,1.3118648e-05
2046,4,4,0.99999696,9,2.26652e-06
2047,6,6,0.99997205,5,2.3015262e-05
2048,7,7,0.99940455,9,0.00051297346
2049,9,9,0.9997101,8,0.00020090485
2050,8,8,0.9999948,2,3.8785615e-06
2051,1,1,0.99999744,7,1.3188652e-06
2052,8,8,0.99991864,4,5.6454734e-05
2053,4,4,0.8221277,9,0.1738059
2054,9,9,0.9999452,4,2.464333e-05
2055,2,2,0.99998957,3,7.657754e-06
2056,8,8,0.9999998,3,1.03861844e-07
2057,6,6,0.9999866,4,1.3311084e-05
2058,2,2,0.99958616,3,0.00021446196
2059,7,7,0.9993943,3,0.0002924826
2060,0,0,0.9998069,6,0.00017322229
2061,0,0,0.99999624,6,2.2222516e-06
2062,6,6,0.99999994,5,8.3734815e-09
2063,7,7,0.9923518,2,0.00662026
2064,5,5,0.9999998,8,1.6361625e-07
2065,8,8,0.9999986,3,7.5184465e-07
2066,6,6,0.99999446,5,4.103395e-06
2067,0,0,0.9999911,2,6.749093e-06
2068,9,9,0.99947816,8,0.0003535761
2069,3,3,0.99999994,5,1.0070857e-08
2070,7,9,0.60590416,7,0.37614128
2071,1,1,0.9996255,8,0.0002598185
2072,3,3,0.9999998,8,6.3452674e-08
2073,5,5,0.9999071,6,5.6448105e-05
2074,4,4,0.99874157,8,0.0012461734
2075,3,3,0.9999768,8,2.2647273e-05
2076,3,3,0.99999994,8,3.2918628e-08
2077,5,5,0.9999941,3,5.1129546e-06
2078,5,5,0.99999994,3,9.137965e-09
2079,6,6,0.9999936,5,5.3584863e-06
2080,3,3,0.9999998,5,1.0598834e-07
2081,0,0,0.9999997,2,1.6885666e-07
2082,2,2,0.9999992,1,6.8831787e-07
2083,3,3,0.99999994,5,2.2865043e-08
2084,4,4,0.99996907,9,2.8034807e-05
2085,2,2,0.99999815,8,1.673307e-06
2086,3,3,0.9999998,8,5.2919198e-08
2087,0,0,0.999999,6,3.8810435e-07
2088,9,9,0.99999076,5,5.9257177e-06
2089,9,9,0.9996902,4,0.00029630406
2090,4,4,0.9079342,1,0.050280254
2091,7,7,0.9999928,3,4.276483e-06
2092,2,2,0.99999994,8,4.5752355e-08
2093,8,8,0.87579983,2,0.12410151
2094,4,4,0.99974763,9,0.00022872274
2095,7,7,0.9998866,2,9.57628e-05
2096,0,0,0.99999565,9,2.820543e-06
2097,6,6,0.99998826,5,8.966439e-06
2098,2,2,0.98281264,0,0.017176295
2099,8,8,0.99999946,5,4.3708445e-07
2100,5,5,0.9999998,8,1.6051499e-07
2101,2,2,0.9999804,7,1.0832713e-05
2102,8,8,0.9999998,2,8.204936e-08
2103,5,5,0.9999904,8,9.382037e-06
2104,7,7,0.9993529,9,0.0002973977
2105,3,3,0.9987164,5,0.0011937941
2106,0,0,0.99853987,2,0.001174746
2107,8,8,0.99182665,0,0.0070224004
2108,2,2,0.9999986,3,5.708567e-07
2109,3,3,0.9942757,2,0.004299402
2110,2,2,0.99996644,8,3.3485703e-05
2111,8,8,0.99999994,5,1.8203439e-08
2112,2,2,0.9999992,8,7.026893e-07
2113,5,5,0.9997959,3,0.00020392158
2114,5,5,0.99999994,3,1.9897385e-08
2115,7,7,0.9999241,0,7.062078e-05
2116,6,6,0.9997375,5,0.00021487074
2117,4,4,0.9999998,8,1.4121062e-07
2118,6,4,0.59457046,6,0.2218216
2119,8,8,0.99999994,2,1.6766746e-09
2120,4,4,0.99999994,2,3.5186094e-08
2121,8,8,0.9999998,5,6.5071866e-08
2122,2,2,0.99999136,7,4.1008902e-06
2123,7,7,0.999963,2,2.1294318e-05
2124,4,4,0.99999994,2,2.2077675e-09
2125,5,5,0.9999315,9,6.746429e-05
2126,2,2,0.999999,8,4.2756673e-07
2127,0,0,0.99999744,2,1.5561089e-06
2128,3,3,0.9999992,9,4.818127e-07
2129,9,9,0.45142978,2,0.28093553
2130,4,9,0.98051006,4,0.01922192
2131,6,6,0.9989192,0,0.0007648289
2132,7,7,0.99987006,9,8.776312e-05
2133,2,2,0.99999887,1,9.0859646e-07
2134,5,5,0.99955326,8,0.00042379342
2135,6,1,0.9987018,8,0.000803463
2136,1,1,0.99986744,4,7.4730786e-05
2137,1,1,0.99999684,7,2.5840613e-06
2138,2,2,0.99978113,8,0.00021466834
2139,3,3,0.99999994,5,1.6632088e-08
2140,6,6,0.99999994,0,2.850033e-08
2141,7,7,0.9998879,3,9.824577e-05
2142,8,8,0.99999994,6,1.135619e-08
2143,7,7,0.9909732,2,0.0046753017
2144,6,6,0.99997586,0,2.1839302e-05
2145,4,4,0.999996,6,3.1231743e-06
2146,8,8,0.9999998,9,7.095473e-08
2147,9,9,0.9886207,8,0.0112436125
2148,4,4,0.998519,9,0.0013518453
2149,8,8,0.9999662,2,1.6935044e-05
2150,6,6,0.9999991,5,8.7756774e-07
2151,3,3,0.99998695,5,1.2855836e-05
2152,8,8,0.99999994,5,2.1969141e-08
2153,3,3,0.9995989,5,0.00040103597
2154,1,1,0.99995726,2,2.6722688e-05
2155,0,0,0.9999986,6,7.054493e-07
2156,6,6,0.9999998,5,9.75809e-08
2157,2,2,0.9999885,8,9.784454e-06
2158,2,2,0.9999674,7,3.1149335e-05
2159,5,5,0.99998933,8,9.662377e-06
2160,6,6,0.999993,5,6.820045e-06
2161,9,9,0.981675,4,0.018215489
2162,5,5,0.9998474,8,0.0001244742
2163,8,8,0.99999994,2,3.5186729e-10
2164,1,1,0.9999712,8,6.9455386e-06
2165,4,4,0.99999994,8,7.831173e-09
2166,1,1,0.9991693,4,0.00043735246
2167,7,7,0.9997957,9,0.00017960161
2168,8,8,0.99997944,2,1.297232e-05
2169,4,4,0.9995318,9,0.00046713627
2170,6,6,0.99999994,5,1.36643346e-08
2171,1,1,0.99996763,4,1.9777022e-05
2172,8,8,0.99999994,5,4.3459073e-11
2173,4,4,0.9999983,8,1.6164005e-06
2174,3,3,0.998065,5,0.0019349054
2175,1,1,0.9997548,7,0.00014130487
2176,2,2,0.999999,4,8.155426e-07
2177,8,8,0.9999997,2,1.3102711e-07
2178,0,0,0.99999493,2,4.75394e-06
2179,8,8,0.9999983,2,1.6384467e-06
2180,5,5,0.9999996,3,3.1887703e-07
2181,9,9,0.99998695,8,1.1219049e-05
2182,1,1,0.67727125,3,0.30860043
2183,4,4,0.99999577,6,3.5000173e-06
2184,2,2,0.99999946,8,3.1793508e-07
2185,0,0,0.99273705,8,0.004410774
2186,2,2,0.9999719,8,2.1504771e-05
2187,7,7,0.99994105,3,5.265933e-05
2188,0,0,0.9998729,6,0.00011160187
2189,9,9,0.9546841,8,0.04427919
2190,0,0,0.99999815,2,1.2625075e-06
2191,2,2,0.9999915,8,8.465545e-06
2192,5,5,0.9999997,8,8.5076834e-08
2193,7,7,0.96250015,2,0.034606893
2194,6,6,0.99988776,5,0.000100705925
2195,7,2,0.92181975,8,0.056998096
2196,9,9,0.99998957,4,7.595553e-06
2197,4,4,0.97207445,7,0.025289282
2198,2,2,0.9999828,7,7.943001e-06
2199,6,6,0.99988776,5,6.8407804e-05
2200,2,2,0.99999636,6,2.410923e-06
2201,4,4,0.999999,8,6.2660143e-07
2202,4,4,0.9999035,8,7.116376e-05
2203,8,8,0.9999998,2,1.2669511e-07
2204,0,0,0.999209,8,0.0007799518
2205,4,4,0.9999674,7,2.6250062e-05
2206,4,4,0.9999961,9,1.9056293e-06
2207,5,5,0.99999946,9,4.2360688e-07
2208,8,8,0.9999998,3,7.691464e-08
2209,0,0,0.99998957,2,6.9820803e-06
2210,6,6,0.9999965,4,2.1492885e-06
2211,8,8,0.99999994,5,5.2034292e-09
2212,9,9,0.99732584,8,0.002671051
2213,8,8,0.99999994,3,2.691564e-10
2214,5,5,0.9999998,3,1.0884628e-07
2215,6,6,0.99982214,5,0.00015791816
2216,9,9,0.999975,4,1.2263469e-05
2217,0,0,0.99999636,2,2.0092157e-06
2218,4,4,0.9999866,9,1.3099318e-05
2219,8,8,0.9999984,2,1.5669068e-06
2220,7,7,0.9996898,3,0.00023989224
2221,1,1,0.99999195,9,3.6352828e-06
2222,3,3,0.99999815,5,1.7018001e-06
2223,4,4,0.999996,8,2.629367e-06
2224,5,5,0.999376,6,0.0005346945
2225,8,8,0.9999911,9,6.541383e-06
2226,0,0,0.9999955,6,3.7869763e-06
2227,9,9,0.99900895,4,0.0008953892
2228,1,1,0.9999886,7,7.363337e-06
2229,3,3,0.99999994,8,3.336363e-08
2230,3,3,0.99999994,5,8.954609e-09
2231,6,6,0.99999994,8,7.563396e-09
2232,9,9,0.9999451,8,3.3320517e-05
2233,8,8,0.99999994,2,5.928903e-10
2234,7,7,0.98929137,2,0.008004678
2235,1,1,0.99992484,2,6.841843e-05
2236,0,0,0.9999996,2,2.9251396e-07
2237,5,5,0.998698,8,0.0011030857
2238,7,7,0.9946697,3,0.0046434356
2239,1,1,0.9999984,8,6.045171e-07
2240,7,7,0.999994,9,2.565943e-06
2241,5,5,0.9999761,8,2.3699382e-05
2242,2,2,0.9997606,3,0.00016278183
2243,7,7,0.999608,9,0.00033362393
2244,9,9,0.99998885,8,7.703155e-06
2245,1,1,0.99950475,8,0.00019374
2246,8,8,0.9999996,5,3.2978681e-07
2247,5,5,0.99999994,3,2.59215e-08
2248,2,2,0.99999255,3,4.2308257e-06
2249,4,4,0.99999994,2,1.9064272e-08
2250,9,9,0.9999979,4,1.1844028e-06
2251,4,4,0.9999998,5,7.9712514e-08
2252,7,7,0.9990803,3,0.00086368044
2253,2,2,0.9999996,8,2.1759548e-07
2254,2,2,0.9999922,8,6.995275e-06
2255,3,3,0.999988,5,7.3819438e-06
2256,4,4,0.99999994,6,3.5851944e-09
2257,9,9,0.99999934,8,3.625956e-07
2258,1,1,0.9615546,2,0.038188405
2259,9,9,0.99999684,4,1.4838067e-06
2260,2,2,0.9999992,8,5.385148e-07
2261,1,1,0.9999793,2,1.3554702e-05
2262,7,7,0.9904778,3,0.0079433955
2263,9,9,0.99999934,4,4.391007e-07
2264,4,4,0.9999998,2,9.237718e-08
2265,4,4,0.9999967,9,1.718277e-06
2266,1,1,0.9944664,5,0.002738097
2267,6,6,0.99999934,8,4.4837307e-07
2268,7,7,0.9999854,9,9.17558e-06
2269,2,2,0.99999803,1,1.6865689e-06
2270,7,7,0.99983215,3,0.0001639833
2271,8,8,0.9999998,2,8.038599e-08
2272,8,8,0.9999024,0,5.7663263e-05
2273,1,1,0.9999519,2,2.9487343e-05
2274,9,9,0.99992734,8,6.207961e-05
2275,7,7,0.9993089,2,0.0006010469
2276,1,1,0.99753654,9,0.0013439473
2277,1,1,0.99990934,9,3.5346307e-05
2278,7,7,0.9998879,3,6.243035e-05
2279,5,5,0.9999965,3,3.5123146e-06
2280,3,5,0.77398616,3,0.22456492
2281,3,3,0.99999994,5,2.1907296e-08
2282,5,5,0.9999998,6,1.3550041e-07
2283,1,1,0.99997264,8,1.6760536e-05
2284,3,3,0.99999696,5,2.8047905e-06
2285,7,7,0.9999948,2,4.008116e-06
2286,6,6,0.99999803,4,9.0832197e-07
2287,1,1,0.999981,8,1.3891565e-05
2288,3,3,0.9999848,5,8.27985e-06
2289,8,8,0.9992447,2,0.0007549736
2290,7,7,0.9998862,9,4.412481e-05
2291,5,5,0.9988454,3,0.0011461815
2292,9,9,0.97939956,3,0.016068785
2293,9,4,0.7331431,0,0.11263643
2294,0,0,0.9999276,5,3.8992937e-05
2295,0,0,0.9999909,6,9.099217e-06
2296,2,2,0.9999538,1,3.670039e-05
2297,8,8,0.99999946,2,4.5639877e-07
2298,8,8,0.9996229,6,0.00012899787
2299,2,2,0.9673329,8,0.032592855
2300,3,3,0.99999577,8,3.1427498e-06
2301,7,7,0.999921,3,5.1469164e-05
2302,1,1,0.99902207,7,0.00070222677
2303,3,3,0.9999992,5,6.9604243e-07
2304,0,0,0.9999464,6,4.6987374e-05
2305,3,3,0.99986196,8,0.00013805082
2306,4,4,0.9993993,8,0.00044574728
2307,4,4,0.99999195,9,6.672957e-06
2308,3,3,0.86330503,5,0.1366661
2309,8,8,0.9999899,5,7.453114e-06
2310,9,9,0.9999369,8,6.002582e-05
2311,2,2,0.9999996,7,1.9591597e-07
2312,3,3,0.9999961,5,3.0999163e-06
2313,9,9,0.9999952,4,2.4491342e-06
2314,7,7,0.95756936,2,0.032392714
2315,1,1,0.9999835,7,3.9426623e-06
2316,1,1,0.999981,7,8.669085e-06
2317,7,7,0.9997666,2,0.00017959793
2318,0,0,0.999087,6,0.00091001217
2319,4,4,0.99999815,6,1.1621916e-06
2320,9,9,0.9998505,4,7.893598e-05
2321,6,6,0.99999994,4,3.2154766e-09
2322,5,5,0.99999994,8,2.815427e-08
2323,9,9,0.9999984,8,1.4180605e-06
2324,1,1,0.9998441,7,6.2538216e-05
2325,7,7,0.99991447,2,7.2783965e-05
2326,0,0,0.9785488,8,0.017515207
2327,2,2,0.99738437,3,0.002141585
2328,0,0,0.9999966,2,2.3352368e-06
2329,0,0,0.60574794,2,0.3942455
2330,4,4,0.9999959,9,3.966683e-06
2331,6,6,0.9999998,5,1.4428566e-07
2332,7,7,0.9995648,3,0.0002012947
2333,0,0,0.99965715,9,0.00018621914
2334,7,7,0.9997041,2,0.00027659524
2335,1,1,0.99998885,9,3.1917439e-06
2336,4,4,0.99999994,8,4.6179846e-08
2337,6,6,0.99999994,0,2.5978542e-10
2338,4,4,0.9999992,9,2.5756518e-07
2339,5,5,0.99568486,8,0.0043118396
2340,4,4,0.9999983,8,1.5092064e-06
2341,9,9,0.99978423,4,0.00019991174
2342,9,9,0.9999731,4,2.0131381e-05
2343,1,1,0.94139516,7,0.055227038
2344,7,7,0.9999785,9,9.31562e-06
2345,9,9,0.99995595,8,3.932196e-05
2346,5,5,0.99999994,8,3.8127963e-09
2347,3,3,0.9999996,8,3.9054058e-07
2348,3,3,0.99999887,5,9.481667e-07
2349,8,8,0.99999994,9,9.409922e-10
2350,2,2,0.99999994,8,2.786902e-08
2351,3,3,0.9999116,2,7.43064e-05
2352,6,6,0.999999,8,4.9452336e-07
2353,2,2,0.9999998,1,6.738905e-08
2354,2,2,0.99999994,1,3.4169909e-10
2355,1,1,0.9994427,8,0.00024526066
2356,1,1,0.9999868,8,6.881567e-06
2357,1,1,0.9999977,7,1.1701161e-06
2358,1,1,0.999087,5,0.00068559806
2359,1,1,0.9999922,7,6.122698e-06
2360,6,6,0.99999934,5,6.4834626e-07
2361,9,9,0.99972343,7,0.00015172458
2362,8,8,0.9999953,2,4.6273494e-06
2363,4,4,0.9999358,7,4.0248768e-05
2364,3,3,0.99999267,5,7.257246e-06
2365,7,7,0.9999929,2,5.6465688e-06
2366,1,1,0.99954504,2,0.0001813382
2367,6,6,0.9999967,5,2.7970727e-06
2368,4,4,0.9999977,8,1.965087e-06
2369,5,5,0.92639536,3,0.06450915
2370,0,0,0.9998622,6,0.00013605763
2371,4,4,0.9941666,9,0.005553303
2372,7,7,0.9942648,9,0.0039319564
2373,4,4,0.9999953,8,4.3260457e-06
2374,2,2,0.999996,8,3.0877245e-06
2375,4,4,0.99999994,2,3.4074922e-08
2376,0,0,0.9999693,2,2.6191425e-05
2377,7,7,0.996198,3,0.0022305986
2378,0,0,0.9999792,6,2.0194286e-05
2379,1,1,0.9996747,2,0.00030153865
2380,9,0,0.56633604,9,0.4328968
2381,8,8,0.9999961,3,2.5760994e-06
2382,8,8,0.9999562,2,4.3457225e-05
2383,6,6,0.99999875,5,1.1734519e-06
2384,0,0,0.999976,8,9.417984e-06
2385,0,0,0.99997324,8,2.5545523e-05
2386,4,4,0.9996031,7,0.00038733135
2387,9,9,0.83088994,1,0.15326637
2388,6,6,0.99999875,5,1.1234508e-06
2389,8,8,0.99999994,2,2.9286644e-08
2390,2,2,0.9999997,8,1.5205559e-07
2391,2,2,0.9999997,1,1.6335461e-07
2392,3,3,0.9999992,5,5.20778e-07
2393,8,8,0.9999942,5,3.5763926e-06
2394,4,4,0.999957,9,2.427373e-05
2395,8,8,0.9999296,2,6.471916e-05
2396,2,2,0.9999853,0,1.440401e-05
2397,2,2,0.9996532,8,0.00033628498
2398,1,1,0.9930118,8,0.005715791
2399,7,7,0.99969935,2,0.00024061925
2400,5,5,0.99985695,3,0.0001421258
2401,4,4,0.9999998,8,1.08222345e-07
2402,4,4,0.99999946,9,3.5232097e-07
2403,0,0,0.99999434,6,5.547685e-06
2404,4,4,0.9999606,9,1.6995657e-05
2405,3,3,0.99998957,7,7.2829253e-06
2406,9,9,0.99088377,8,0.008362543
2407,7,7,0.99987054,3,9.8709505e-05
2408,3,3,0.99985814,5,0.00013096079
2409,1,1,0.9984818,2,0.0010695348
2410,0,0,0.99999803,8,9.623124e-07
2411,1,1,0.99999803,8,7.6575674e-07
2412,2,2,0.99998647,1,1.2928974e-05
2413,5,5,0.99999994,3,2.918521e-08
2414,9,9,0.5927524,8,0.40355718
2415,2,2,0.99998134,8,1.8424764e-05
2416,1,1,0.9997704,6,0.00018348405
2417,0,0,0.98832244,4,0.007837105
2418,1,1,0.9999984,7,1.2148786e-06
2419,8,8,0.9999998,3,1.2186892e-07
2420,9,9,0.99995106,8,4.8071877e-05
2421,1,1,0.9999382,8,2.9051222e-05
2422,6,6,0.9700905,4,0.029257284
2423,8,8,0.99999624,3,2.044762e-06
2424,3,3,0.9999971,5,2.878853e-06
2425,8,8,0.9997916,3,0.00017908162
2426,9,9,0.99166,4,0.0080933105
2427,3,3,0.99999994,8,4.802457e-08
2428,6,6,0.9999998,5,1.2877584e-07
2429,2,2,0.9999613,1,3.66271e-05
2430,8,8,0.9999998,2,4.66769e-08
2431,3,3,0.9999998,5,6.660077e-08
2432,2,2,0.99999374,1,5.132876e-06
2433,2,2,0.9990827,1,0.00071235123
2434,1,1,0.9991465,2,0.00046542616
2435,0,0,0.999996,6,3.6134977e-06
2436,4,4,0.9999948,8,2.5194563e-06
2437,2,2,0.99994224,1,5.0427385e-05
2438,9,9,0.9989977,7,0.00085602177
2439,2,2,0.9999997,8,1.7658128e-07
2440,4,4,0.99999994,8,1.3551198e-08
2441,3,3,0.99940526,2,0.00037312988
2442,7,7,0.9997381,3,0.00019570747
2443,9,9,0.99998885,4,8.537689e-06
2444,1,1,0.9998967,8,4.1152263e-05
2445,5,5,0.9999867,9,1.3171524e-05
2446,2,2,0.99999994,1,2.8763827e-08
2447,4,4,0.58978945,9,0.41006243
2448,9,9,0.9882473,8,0.01174353
2449,0,0,0.9998379,8,0.0001470781
2450,3,3,0.9988366,5,0.0011437468
2451,8,8,0.99999994,3,1.2348889e-08
2452,5,5,0.99999994,3,1.7174019e-09
2453,3,3,0.9999929,8,6.904571e-06
2454,6,6,0.58345133,5,0.41545165
2455,0,0,0.9901593,2,0.008975496
2456,9,9,0.9997926,8,0.00019190057
2457,4,4,0.9977493,8,0.0022302226
2458,6,6,0.99999994,5,3.45517e-08
2459,2,2,0.9972222,8,0.002549881
2460,5,5,0.9998627,6,0.00013049971
2461,0,0,0.99999696,8,1.9004349e-06
2462,2,2,0.804251,0,0.15480153
2463,7,7,0.99966896,2,0.00027817403
2464,4,4,0.99999624,9,3.2634873e-06
2465,6,6,0.99999994,5,4.1910393e-08
2466,6,6,0.99995166,5,4.5861612e-05
2467,8,8,0.99999994,9,3.0995921e-09
2468,6,6,0.9999998,5,7.047833e-08
2469,6,6,0.99995,0,4.6100213e-05
2470,8,8,0.99999946,2,3.3980916e-07
2471,6,6,0.9999998,5,1.5620637e-07
2472,9,9,0.9999593,8,2.4026614e-05
2473,1,1,0.9974923,8,0.0012757876
2474,7,7,0.9990434,2,0.00085123733
2475,2,2,0.99999875,8,1.1368325e-06
2476,5,5,0.9990352,8,0.000848571
2477,9,9,0.9999797,4,1.0049474e-05
2478,9,9,0.99978495,4,0.00013893285
2479,0,0,0.99985623,2,0.00012542776
2480,7,7,0.9981846,2,0.00079886906
2481,2,2,0.99999374,7,2.5350037e-06
2482,7,7,0.99743974,3,0.0017107801
2483,6,6,0.99999684,5,3.1286115e-06
2484,7,7,0.9996815,9,0.0002807111
2485,0,0,0.99999565,6,4.240715e-06
2486,6,6,0.99999994,5,3.6095387e-09
2487,5,5,0.9999941,9,5.1489196e-06
2488,2,2,0.9332591,4,0.06035166
2489,4,4,0.9999997,6,1.2742396e-07
2490,7,7,0.99941003,9,0.00057118246
2491,2,2,0.99999386,3,4.547503e-06
2492,0,0,0.9999706,2,2.4779325e-05
2493,9,9,0.99999446,5,2.6254365e-06
2494,9,9,0.9999451,8,4.3672408e-05
2495,2,2,0.99999934,8,5.4773125e-07
2496,2,2,0.99971807,8,0.00020350376
2497,9,9,0.99990565,5,6.367769e-05
2498,4,4,0.99999934,9,5.1603143e-07
2499,4,4,0.99999994,5,5.8127362e-08
2500,2,2,0.9999986,0,7.748014e-07
2501,3,3,0.99999994,5,2.1172779e-08
2502,3,3,0.99999994,8,4.879404e-09
2503,2,2,0.99999994,8,4.600277e-09
2504,1,1,0.9991075,8,0.00054466474
2505,7,7,0.99999934,2,3.3144553e-07
2506,0,0,0.9999911,6,8.558137e-06
2507,7,7,0.99972034,3,0.00026094998
2508,6,6,0.9979468,5,0.0011943949
2509,4,4,0.99993986,8,3.574676e-05
2510,1,1,0.99999815,7,7.341646e-07
2511,3,3,0.99999195,5,7.3031474e-06
2512,8,8,0.9999892,6,5.818348e-06
2513,7,7,0.9985608,2,0.0014336464
2514,4,4,0.9191814,9,0.07409036
2515,5,5,0.9999816,6,1.8236458e-05
2516,9,9,0.9995592,8,0.0004307038
2517,2,2,0.9999952,3,2.569193e-06
2518,5,5,0.99999994,9,7.3672792e-09
2519,1,1,0.99947184,8,0.00032129654
2520,8,8,0.99999994,2,2.3749005e-08
2521,7,7,0.9999109,2,5.904365e-05
2522,3,3,0.9999835,5,1.3984512e-05
2523,7,7,0.9986561,4,0.00063490216
2524,1,1,0.9999339,8,5.4161825e-05
2525,5,5,0.99996275,3,3.5737456e-05
2526,5,5,0.9997988,3,0.0001994072
2527,0,0,0.99999267,4,2.3639243e-06
2528,9,9,0.9998622,4,6.824458e-05
2529,1,1,0.9999884,8,7.5420503e-06
2530,4,4,0.99999386,6,3.822667e-06
2531,0,0,0.9999997,6,2.0624961e-07
2532,6,6,0.96216786,1,0.0190056
2533,3,3,0.9997914,5,0.00010194413
2534,3,3,0.99275565,5,0.0072435443
2535,6,6,0.99999994,0,1.1342336e-08
2536,0,0,0.9998393,2,8.777381e-05
2537,4,4,0.9999959,9,3.2120572e-06
2538,9,9,0.9999867,8,1.3249167e-05
2539,7,7,0.9999835,2,7.128585e-06
2540,5,5,0.99991304,3,8.453115e-05
2541,1,1,0.9999873,8,3.8455687e-06
2542,6,6,0.9999772,0,2.003908e-05
2543,8,8,0.99998313,3,1.39654485e-05
2544,9,9,0.99997216,4,2.2253655e-05
2545,5,5,0.9999991,3,7.644361e-07
2546,5,5,0.99999815,9,1.7169298e-06
2547,7,7,0.99750346,3,0.0012693395
2548,9,9,0.99742335,7,0.002276246
2549,3,3,0.9999992,8,6.147657e-07
2550,8,8,0.99999994,3,3.7741303e-09
2551,3,3,0.9974438,8,0.0024501057
2552,8,8,0.9999978,3,1.728589e-06
2553,1,1,0.99958974,8,0.00030157715
2554,5,5,0.9999998,3,9.590749e-08
2555,3,3,0.9999997,5,1.9360027e-07
2556,5,5,0.99997324,3,2.1283593e-05
2557,0,0,0.99999744,2,1.8693601e-06
2558,5,5,0.99999994,3,1.5049874e-08
2559,5,5,0.99999076,3,9.101689e-06
2560,3,3,0.9608583,8,0.028280718
2561,8,8,0.99999994,2,5.1411475e-10
2562,6,6,0.9999823,5,1.09497705e-05
2563,7,7,0.99968266,2,0.00019430817
2564,7,7,0.99977803,1,0.00010949909
2565,7,7,0.9999911,3,6.8577883e-06
2566,3,3,0.9999997,8,2.8127656e-07
2567,7,7,0.9986919,3,0.0008139499
2568,0,0,0.999983,6,1.5895623e-05
2569,5,5,0.9999775,3,2.0024741e-05
2570,9,9,0.9832384,8,0.016759794
2571,0,0,0.9996012,8,0.00035711078
2572,2,2,0.99999875,8,9.805381e-07
2573,5,5,0.9998176,8,0.000107060165
2574,5,5,0.999613,7,0.00025345097
2575,3,3,0.9999998,8,6.863985e-08
2576,1,1,0.9995374,7,0.0001409513
2577,7,7,0.9998059,9,0.00014896736
2578,7,7,0.5720545,2,0.42079225
2579,8,8,0.99999994,2,1.2713648e-08
2580,6,6,0.99999696,5,2.6289883e-06
2581,5,5,0.9997933,9,0.00020086678
2582,9,9,0.55746067,5,0.16053006
2583,3,3,0.9999997,8,2.759609e-07
2584,8,8,0.99999994,3,4.2782817e-09
2585,9,9,0.9999688,8,2.9967978e-05
2586,5,5,0.99999803,3,1.8647816e-06
2587,3,3,0.9999954,5,4.2538827e-06
2588,7,7,0.9999948,9,4.8242237e-06
2589,9,9,0.97122073,0,0.028645916
2590,1,1,0.9997002,7,0.00012306635
2591,7,7,0.99939597,3,0.00050455984
2592,0,0,0.9999984,2,1.5761254e-06
2593,0,0,0.99997,2,1.7533213e-05
2594,3,3,0.9999798,5,1.9673647e-05
2595,7,7,0.99999577,9,1.5155791e-06
2596,2,2,0.9999369,7,5.68157e-05
2597,5,3,0.95957834,5,0.040378723
2598,8,8,0.99959224,2,0.00040420602
2599,1,1,0.9999352,7,2.2306227e-05
2600,8,8,0.99999994,3,1.6239516e-09
2601,6,6,0.99996775,5,3.105185e-05
2602,2,2,0.99997634,7,2.1567139e-05
2603,9,9,0.9969184,8,0.0030787238
2604,5,5,0.999994,3,5.809438e-06
2605,7,7,0.99999696,4,1.3485976e-06
2606,5,5,0.99999994,3,1.7533344e-08
2607,7,2,0.77156293,7,0.22831535
2608,8,8,0.99999756,9,2.3726855e-06
2609,6,6,0.99997205,5,2.774048e-05
2610,2,2,0.99332,8,0.006678496
2611,5,5,0.99999255,9,3.5500343e-06
2612,1,1,0.9999171,8,4.1619147e-05
2613,4,4,0.99999994,5,5.5447374e-10
2614,8,8,0.99999994,2,1.6826792e-08
2615,4,4,0.9999998,8,1.5680608e-07
2616,5,5,0.99999994,8,2.7003082e-08
2617,8,8,0.99989325,9,0.000104435436
2618,3,3,0.99745876,5,0.002541181
2619,0,0,0.99999946,2,3.2809123e-07
2620,6,6,0.99994713,5,4.5171582e-05
2621,2,2,0.99999994,4,4.227678e-10
2622,7,7,0.9999867,2,6.3100642e-06
2623,3,3,0.99997073,5,2.92059e-05
2624,3,3,0.9999339,8,6.4836386e-05
2625,2,2,0.9999842,1,7.758746e-06
2626,1,1,0.99998266,6,6.2325107e-06
2627,0,0,0.9999979,8,1.348087e-06
2628,7,7,0.999916,2,7.4112104e-05
2629,3,3,0.99987173,5,0.00010256095
2630,4,4,0.6168534,9,0.38310215
2631,0,0,0.9983082,6,0.0016766423
2632,3,3,0.9999998,8,1.7738371e-07
2633,9,9,0.99999636,5,1.7156942e-06
2634,3,3,0.9999996,5,3.9685153e-07
2635,2,2,0.99996346,7,3.057226e-05
2636,8,8,0.9999973,5,1.8362739e-06
2637,9,9,0.9999494,4,4.731573e-05
2638,0,0,0.9998307,6,0.00016909151
2639,3,3,0.99999815,5,1.8440303e-06
2640,8,8,0.9999998,2,6.398523e-08
2641,0,0,0.9999929,5,3.918103e-06
2642,7,7,0.9999878,1,4.8433712e-06
2643,6,6,0.9999977,5,7.8743216e-07
2644,5,5,0.99999994,8,4.53949e-09
2645,4,4,0.99919003,9,0.0008039417
2646,7,7,0.9990142,3,0.0009047475
2647,3,3,0.9999986,5,1.2011764e-06
2648,9,9,0.9762571,5,0.010605632
2649,0,0,0.9996629,6,0.00016329392
2650,8,8,0.9999991,9,7.3157923e-07
2651,6,6,0.99995035,5,3.8865925e-05
2652,2,2,0.9999798,7,1.5645042e-05
2653,5,5,0.99999887,3,9.860822e-07
2654,6,1,0.98746955,6,0.008229764
2655,1,1,0.9999991,7,4.1047113e-07
2656,0,0,0.9999979,6,6.655706e-07
2657,0,0,0.9999998,2,7.22633e-08
2658,4,4,0.9982096,6,0.00093074376
2659,4,4,0.86115175,8,0.13836068
2660,0,0,0.9999818,2,6.437612e-06
2661,1,1,0.99999255,8,5.9041854e-06
2662,2,2,0.9999996,4,3.502116e-07
2663,3,3,0.9999998,8,7.4748414e-08
2664,2,2,0.9999997,1,1.3257794e-07
2665,7,7,0.9996412,2,0.00023285748
2666,7,7,0.9999843,3,1.4230904e-05
2667,8,8,0.9999996,5,3.9481495e-07
2668,5,5,0.99946845,9,0.00047411898
2669,2,2,0.9999998,8,8.3604945e-08
2670,5,5,0.99998504,3,7.887815e-06
2671,7,7,0.93706185,2,0.045392487
2672,6,6,0.99978566,0,0.00013933194
2673,9,9,0.9999499,8,4.7817783e-05
2674,1,1,0.99997026,4,1.3255533e-05
2675,4,4,0.99999994,2,1.1805281e-08
2676,1,1,0.9996586,2,0.0002737081
2677,6,6,0.9999886,5,1.1200243e-05
2678,4,4,0.78342885,9,0.21001373
2679,2,2,0.99999994,7,1.5183245e-09
2680,4,4,0.9999996,2,3.5054606e-07
2681,3,3,0.9999992,8,5.621048e-07
2682,5,5,0.99999946,3,4.048632e-07
2683,4,4,0.9999972,9,2.0887433e-06
2684,3,3,0.9997997,0,0.00013432979
2685,9,9,0.9999247,7,3.199565e-05
2686,5,5,0.99970603,8,0.00029124066
2687,0,0,0.99999875,6,9.056092e-07
2688,1,1,0.999993,8,3.4679947e-06
2689,5,5,0.9942216,3,0.0054084645
2690,3,3,0.9999998,8,1.3741206e-07
2691,8,8,0.9999998,9,5.6812034e-08
2692,9,9,0.99996907,8,2.5214813e-05
2693,1,1,0.99996203,8,2.9853163e-05
2694,9,9,0.9998121,4,0.0001237229
2695,7,7,0.9983795,5,0.0010649705
2696,9,9,0.999876,8,9.606611e-05
2697,5,5,0.9988442,9,0.0010705574
2698,5,5,0.9999381,8,6.1624014e-05
2699,2,2,0.9998968,1,5.679002e-05
2700,7,7,0.99734527,3,0.0014083029
2701,4,4,0.9999992,2,3.7823972e-07
2702,6,6,0.99999934,4,4.2074421e-07
2703,0,0,0.99999326,6,5.1951024e-06
2704,1,1,0.9999239,2,2.396974e-05
2705,1,1,0.99508864,8,0.0025898349
2706,1,1,0.99979615,8,0.00012625355
2707,0,0,0.99999994,2,3.549109e-08
2708,4,4,0.9998162,5,0.00015862935
2709,4,4,0.99997586,2,2.3740999e-05
2710,7,7,0.9858136,3,0.007277899
2711,6,6,0.99999994,5,5.0854814e-09
2712,3,3,0.999999,8,7.921981e-07
2713,0,0,0.81541455,8,0.16548687
2714,0,0,0.9999935,2,5.7931916e-06
2715,4,4,0.99963534,7,0.00031669304
2716,3,3,0.9999997,8,1.3825884e-07
2717,0,0,0.99999744,2,2.026682e-06
2718,6,6,0.99994653,4,5.1773834e-05
2719,1,1,0.9999997,2,8.6251276e-08
2720,9,9,0.8753342,8,0.11216603
2721,6,6,0.9988755,5,0.0011198076
2722,1,1,0.99995786,8,2.5038957e-05
2723,3,3,0.99999994,8,3.001125e-08
2724,8,8,0.9997575,6,0.00023973946
2725,1,1,0.999993,8,3.52974e-06
2726,2,2,0.9999965,0,2.1136173e-06
2727,5,5,0.9999998,6,9.7612926e-08
2728,6,6,0.9999998,4,1.3127189e-07
2729,2,2,0.99999994,3,2.3694756e-08
2730,7,7,0.9999673,4,2.914756e-05
2731,3,3,0.99999815,5,1.7849227e-06
2732,6,6,0.9993134,5,0.00065465766
2733,0,0,0.9999991,8,5.9700994e-07
2734,1,1,0.99983335,2,0.00012859507
2735,9,9,0.996181,8,0.0020452638
2736,7,7,0.98995936,2,0.009072165
2737,6,6,0.99998754,0,1.12313455e-05
2738,6,6,0.99999994,5,1.4324526e-08
2739,8,8,0.9999997,9,1.7099917e-07
2740,9,9,0.9994482,7,0.0003474235
2741,2,2,0.9999997,7,1.3775384e-07
2742,9,3,0.43367675,9,0.3708035
2743,5,5,0.94025,8,0.056270752
2744,8,8,0.99999934,9,6.2980143e-07
2745,3,3,0.9999992,8,7.3126756e-07
2746,1,1,0.999999,7,5.2483034e-07
2747,0,0,0.9999365,6,5.112731e-05
2748,0,0,0.9999884,6,5.0622866e-06
2749,7,7,0.9999971,9,2.7895535e-06
2750,6,6,0.99957246,8,0.0002595385
2751,6,6,0.99997455,8,1.33917765e-05
2752,2,2,0.99999994,8,3.8075854e-09
2753,1,1,0.99988204,8,0.00011029973
2754,6,6,0.99985313,0,0.00011270849
2755,9,9,0.99976563,8,0.00021265126
2756,3,3,0.99993986,5,4.090444e-05
2757,1,1,0.9999841,6,5.9046306e-06
2758,8,8,0.9364425,0,0.06252551
2759,6,6,0.99999994,5,1.894263e-08
2760,9,9,0.9828394,8,0.015788957
2761,0,0,0.9999965,6,1.8233069e-06
2762,6,6,0.9999971,5,2.7395436e-06
2763,0,0,0.9999991,6,7.3460717e-07
2764,0,0,0.99996287,2,3.5420242e-05
2765,0,0,0.9999961,2,2.2914162e-06
2766,6,6,0.9999774,0,1.7165448e-05
2767,3,3,0.999996,8,3.893305e-06
2768,5,5,0.99999994,9,3.2212238e-08
2769,9,9,0.9205284,8,0.07936264
2770,3,3,0.98816836,7,0.008992717
2771,4,9,0.98833376,4,0.009174386
2772,5,5,0.99999803,8,1.5359783e-06
2773,5,5,0.9999859,8,1.3670655e-05
2774,8,8,0.99999994,2,1.3221313e-08
2775,5,5,0.9999955,8,4.0386844e-06
2776,3,3,0.9999986,8,1.3130737e-06
2777,0,0,0.9999953,6,3.8486482e-06
2778,4,4,0.98852664,2,0.006969336
2779,0,0,0.99999946,2,2.1258587e-07
2780,2,2,0.99991244,8,5.8131238e-05
2781,9,9,0.9999421,8,4.8711074e-05
2782,6,6,0.9999905,5,7.4406116e-06
2783,8,8,0.99999064,2,6.790059e-06
2784,2,2,0.9999923,7,7.134667e-06
2785,3,3,0.99999934,5,4.4841326e-07
2786,1,1,0.9998555,8,5.6399727e-05
2787,2,2,0.9999998,3,1.6393221e-07
2788,1,1,0.9999817,8,8.447921e-06
2789,1,1,0.99997586,2,2.1118823e-05
2790,5,5,0.99999803,3,1.346932e-06
2791,6,6,0.99999744,8,2.082574e-06
2792,9,9,0.9999905,4,8.88138e-06
2793,8,8,0.9999042,2,8.610526e-05
2794,0,0,0.9999859,8,3.8387147e-06
2795,6,6,0.9999979,5,2.0177615e-06
2796,6,6,0.9999904,5,7.7365685e-06
2797,5,5,0.99999565,9,3.966614e-06
2798,5,5,0.99999994,9,4.4837716e-09
2799,3,3,0.99999887,5,9.54818e-07
2800,8,8,0.99999994,9,4.745201e-09
2801,6,6,0.99999946,4,1.8742146e-07
2802,2,2,0.9999929,0,6.9098933e-06
2803,1,1,0.99603766,8,0.0017413292
2804,4,4,0.99999136,8,4.1469634e-06
2805,5,5,0.9995014,8,0.0002575041
2806,4,4,0.9999986,5,1.0697094e-06
2807,3,3,0.99999636,8,3.517017e-06
2808,7,7,0.99991614,2,5.0527353e-05
2809,8,8,0.9999998,6,6.1222124e-08
2810,5,5,0.99119836,3,0.008702691
2811,0,0,0.99998695,6,3.3769772e-06
2812,9,9,0.9999259,4,6.15778e-05
2813,3,3,0.99998826,5,1.1245619e-05
2814,5,5,0.9999539,8,4.3462598e-05
2815,1,1,0.9998534,2,7.379955e-05
2816,1,1,0.9999998,2,1.1670766e-07
2817,0,0,0.9995379,2,0.00026150618
2818,4,4,0.99992317,8,7.30871e-05
2819,4,4,0.9999953,9,3.2380538e-06
2820,7,7,0.9962064,2,0.0037817282
2821,0,0,0.9996335,6,0.0003663488
2822,1,1,0.999737,7,0.0001353235
2823,7,7,0.9834953,4,0.014180556
2824,0,0,0.9999779,8,1.8603043e-05
2825,1,1,0.9971085,8,0.0020283759
2826,6,6,0.99999994,8,2.0985144e-08
2827,1,1,0.99975014,9,0.00011190051
2828,4,4,0.99967706,9,0.00032154276
2829,5,5,0.9999986,9,9.149089e-07
2830,6,6,0.99999934,5,5.5017404e-07
2831,6,6,0.99987626,5,0.00012143156
2832,5,5,0.99999624,3,3.7215852e-06
2833,7,7,0.99999934,2,4.7649291e-07
2834,8,8,0.99996203,6,3.2696797e-05
2835,4,4,0.99979186,7,0.0002048089
2836,4,4,0.50877166,2,0.48582137
2837,7,7,0.99992245,3,7.069061e-05
2838,2,2,0.99999934,8,6.4774866e-07
2839,5,5,0.9999998,8,1.1925776e-07
2840,3,3,0.99999946,8,4.4131147e-07
2841,7,7,0.9999041,2,4.874472e-05
2842,0,0,0.9999954,5,3.7671678e-06
2843,7,7,0.9626965,3,0.023104142
2844,7,7,0.99992245,3,6.524328e-05
2845,9,9,0.99998814,4,1.0278709e-05
2846,6,6,0.99998635,5,1.3443272e-05
2847,4,4,0.9997964,9,0.00018100174
2848,2,2,0.99999887,8,8.181772e-07
2849,8,8,0.99999994,5,8.210712e-12
2850,5,5,0.99784887,3,0.0021489016
2851,7,7,0.9995803,9,0.00032942437
2852,8,8,0.9999998,2,7.169684e-08
2853,3,3,0.9999506,8,4.8462567e-05
2854,9,9,0.9830037,8,0.016857972
2855,5,5,0.9999803,8,1.6428492e-05
2856,8,8,0.99999994,9,4.4814374e-09
2857,9,9,0.99988776,8,0.000108617336
2858,9,9,0.99955314,8,0.0003987689
2859,8,8,0.9999997,6,1.13877306e-07
2860,6,6,0.9929972,5,0.006948076
2861,2,2,0.99999017,7,7.079359e-06
2862,8,8,0.99997777,9,2.1739848e-05
2863,9,9,0.99467605,5,0.002182025
2864,2,2,0.9999675,8,1.2788625e-05
2865,3,3,0.99999994,5,1.2817738e-08
2866,6,6,0.9999847,5,1.4207436e-05
2867,1,1,0.9994253,4,0.00016294417
2868,1,1,0.99998134,6,7.0663596e-06
2869,8,8,0.9999725,2,2.3973946e-05
2870,9,9,0.9999432,8,5.39002e-05
2871,3,3,0.99998873,5,1.018609e-05
2872,4,4,0.9999431,8,2.752404e-05
2873,0,0,0.9999985,6,1.3038222e-06
2874,7,7,0.99994844,2,3.2383698e-05
2875,9,9,0.99999446,4,4.4559947e-06
2876,6,6,0.99990755,5,9.1992006e-05
2877,4,4,0.99620855,8,0.0036613827
2878,1,1,0.9998617,8,6.520579e-05
2879,4,4,0.9995435,8,0.00023187214
2880,1,1,0.9999761,8,1.2488173e-05
2881,3,3,0.99999875,8,7.336639e-07
2882,4,4,0.9997916,1,0.00014936326
2883,9,9,0.99998266,4,1.5903075e-05
2884,3,3,0.99999934,5,6.444841e-07
2885,1,1,0.9998627,7,0.000114940005
2886,4,4,0.9999992,5,3.8252242e-07
2887,7,7,0.9999332,3,5.2888867e-05
2888,7,7,0.99445,2,0.0052804085
2889,4,4,0.99999994,6,1.598568e-08
2890,7,7,0.99832696,2,0.0013700995
2891,2,2,0.99976707,8,0.00022253687
2892,9,9,0.99999815,8,1.1325703e-06
2893,3,3,0.9999984,2,1.381085e-06
2894,0,0,0.9448123,6,0.055074606
2895,8,8,0.99999994,3,7.328664e-10
2896,8,0,0.9220159,8,0.07694861
2897,8,8,0.9999996,2,3.5214737e-07
2898,4,4,0.99998635,9,1.2356764e-05
2899,0,0,0.9999991,9,4.630278e-07
2900,4,4,0.999976,2,1.9001624e-05
2901,4,4,0.973113,8,0.019558413
2902,1,1,0.9990403,2,0.00077296834
2903,5,5,0.99999994,8,1.766566e-09
2904,2,2,0.9999998,8,9.666818e-08
2905,8,8,0.99988323,9,6.9848305e-05
2906,3,3,0.9999744,5,2.4559939e-05
2907,4,4,0.9990043,9,0.0005097572
2908,9,9,0.99999076,8,7.0990036e-06
2909,5,5,0.9999977,3,2.2930965e-06
2910,2,2,0.9946573,7,0.0051654084
2911,8,8,0.99997646,2,2.3461691e-05
2912,1,1,0.9999252,8,2.5255556e-05
2913,5,5,0.9999972,9,2.3053328e-06
2914,3,3,0.9999915,8,7.64255e-06
2915,7,7,0.7874153,3,0.1926884
2916,9,9,0.99981594,8,0.00015010788
2917,4,4,0.99998575,6,4.458234e-06
2918,2,2,0.9999998,8,6.743817e-08
2919,5,5,0.9999334,8,2.7519181e-05
2920,6,6,0.99994725,0,1.9655943e-05
2921,3,8,0.9859757,3,0.009938845
2922,5,5,0.99999934,8,3.6309842e-07
2923,9,9,0.9999818,8,1.5256401e-05
2924,3,3,0.9999996,5,3.7834735e-07
2925,5,5,0.99991757,8,3.0560564e-05
2926,9,9,0.99983835,4,0.00014953886
2927,3,3,0.51471967,2,0.4842635
2928,1,1,0.99999756,2,1.0433463e-06
2929,9,9,0.9999731,5,1.4902219e-05
2930,5,5,0.99691266,7,0.0022646475
2931,3,3,0.9999961,5,2.1270089e-06
2932,0,0,0.99994797,6,5.1085688e-05
2933,6,6,0.99998826,5,1.1632408e-05
2934,9,9,0.9999948,7,2.7519675e-06
2935,8,8,0.99999994,9,2.6348818e-10
2936,4,4,0.9999818,9,1.8068265e-05
2937,0,0,0.99995655,8,3.9309605e-05
2938,4,4,0.95235103,9,0.04378509
2939,9,5,0.9464288,7,0.026418205
2940,2,2,0.9982799,1,0.0017193431
2941,9,9,0.9999986,5,6.7206355e-07
2942,0,0,0.9999991,6,7.801432e-07
2943,1,1,0.99945366,6,0.00038556353
2944,0,0,0.99989027,2,5.4711767e-05
2945,3,3,0.99936646,9,0.0004131415
2946,1,1,0.9999606,7,2.7908314e-05
2947,6,6,0.9999998,5,1.282711e-07
2948,5,5,0.99999994,8,8.835156e-09
2949,8,8,0.9999998,9,1.03939726e-07
2950,1,1,0.99994844,8,3.208649e-05
2951,5,5,0.99999875,6,5.7051767e-07
2952,3,3,0.97120327,5,0.028790403
2953,3,3,0.5503744,5,0.41344503
2954,0,0,0.9999921,2,7.28935e-06
2955,3,3,0.9999977,5,2.0089058e-06
2956,5,5,0.99996084,8,2.9847206e-05
2957,5,5,0.9999959,6,2.2476227e-06
2958,9,9,0.9998943,8,9.873973e-05
2959,2,2,0.72536093,3,0.27314714
2960,8,8,0.9999996,9,2.2076173e-07
2961,7,7,0.98608077,2,0.007613558
2962,0,0,0.9999921,6,6.3192456e-06
2963,4,4,0.99999994,9,1.58074e-08
2964,9,9,0.9998873,8,5.7076973e-05
2965,1,1,0.9998953,8,6.126938e-05
2966,9,9,0.9994608,8,0.00027313744
2967,7,7,0.99996525,3,2.983419e-05
2968,7,7,0.9959493,2,0.00385663
2969,5,5,0.99999493,6,2.3516616e-06
2970,5,5,0.9739275,3,0.025779685
2971,2,2,0.99999994,1,7.476464e-09
2972,0,0,0.9385564,6,0.059647232
2973,9,9,0.99990505,8,9.4548195e-05
2974,1,1,0.9999996,8,1.7287844e-07
2975,8,8,0.9999724,2,2.7092145e-05
2976,6,6,0.99989706,5,9.6318116e-05
2977,2,2,0.9999729,8,1.2827573e-05
2978,3,3,0.9999965,8,1.6246023e-06
2979,9,9,0.84852725,0,0.108572364
2980,6,6,0.99999934,5,5.8931124e-07
2981,2,2,0.9999953,8,3.4783666e-06
2982,1,1,0.9999624,8,2.5646916e-05
2983,9,9,0.9999992,8,4.08883e-07
2984,1,1,0.99996287,8,2.1941561e-05
2985,3,3,0.99999684,5,3.107982e-06
2986,5,5,0.9999879,6,1.1184629e-05
2987,5,5,0.99999875,8,7.4109266e-07
2988,0,0,0.9999953,8,3.3929914e-06
2989,3,3,0.99998087,8,1.738384e-05
2990,8,8,0.99983096,9,0.00016588715
2991,3,3,0.99997467,5,1.6336999e-05
2992,3,3,0.99999493,5,4.8879338e-06
2993,7,7,0.6139084,2,0.35718116
2994,6,6,0.99998707,5,1.0436503e-05
2995,6,6,0.592737,5,0.23918019
2996,0,0,0.9999996,6,3.0086798e-07
2997,1,1,0.9999693,8,1.2924178e-05
2998,4,4,0.9999694,2,1.4003293e-05
2999,0,0,0.99999946,6,4.018401e-07
3000,6,6,0.9999921,5,6.2701824e-06
3001,9,9,0.9998579,8,0.0001388647
3002,8,8,0.99999994,9,2.867432e-08
3003,1,1,0.999866,9,5.135381e-05
3004,2,2,0.99963474,8,0.0003639444
3005,9,9,0.99383414,8,0.005084045
3006,9,9,0.9999978,8,1.0226902e-06
3007,5,5,0.9999904,9,9.249223e-06
3008,9,9,0.99999493,8,4.8024012e-06
3009,7,7,0.99998814,3,6.8677423e-06
3010,3,3,0.99999744,8,2.406203e-06
3011,7,7,0.99999994,9,5.1130666e-08
3012,8,8,0.9998819,9,0.00011125123
3013,0,0,0.9999991,6,5.476705e-07
3014,1,1,0.999919,6,4.7977777e-05
3015,3,3,0.9999996,8,3.9960264e-07
3016,0,0,0.99999803,5,1.6875471e-06
3017,4,4,0.9999998,9,8.7460954e-08
3018,6,6,0.9999977,5,1.3862145e-06
3019,1,1,0.999983,7,1.39646345e-05
3020,0,0,0.9999636,6,3.60681e-05
3021,2,2,0.99981165,7,0.00017132031
3022,5,5,0.99981284,9,0.00011138506
3023,8,8,0.5775911,5,0.3841097
3024,4,4,0.99999994,2,3.8353505e-08
3025,4,4,0.9999998,8,1.3082946e-07
3026,1,1,0.9998793,2,8.437398e-05
3027,1,1,0.9999992,7,3.4679087e-07
3028,5,5,0.99999994,3,7.363904e-10
3029,4,4,0.9999953,9,2.7235233e-06
3030,6,6,0.8265349,0,0.16458017
3031,6,6,0.9999998,4,1.0147776e-07
3032,0,0,0.9999884,8,7.42663e-06
3033,6,6,0.9998729,4,0.00011798584
3034,9,9,0.99930596,8,0.0006838603
3035,2,2,0.99999994,4,5.020468e-08
3036,6,6,0.99999994,0,1.4278916e-08
3037,2,2,0.9999984,0,1.4186015e-06
3038,7,7,0.99992305,4,5.0472026e-05
3039,1,1,0.9991464,8,0.00041256766
3040,7,7,0.9985937,3,0.0008910806
3041,9,9,0.999999,3,6.2531734e-07
3042,4,4,0.9999965,6,3.227252e-06
3043,0,0,0.9999983,2,1.2867762e-06
3044,0,0,0.9999971,6,2.3140087e-06
3045,3,3,0.99999994,8,6.224112e-10
3046,8,8,0.9999998,3,1.1427375e-07
3047,2,2,0.99999815,8,8.425229e-07
3048,2,2,0.99999946,8,4.2491374e-07
3049,3,3,0.9999996,5,3.09147e-07
3050,1,1,0.99999875,8,4.3013748e-07
3051,6,6,0.99997705,5,1.4357057e-05
3052,0,0,0.99999946,6,4.1567273e-07
3053,5,5,0.99999994,3,3.261117e-11
3054,7,7,0.99918777,2,0.0005627358
3055,7,7,0.9999711,2,1.014884e-05
3056,9,9,0.99997085,7,2.4695486e-05
3057,2,2,0.99999994,0,9.193577e-09
3058,6,6,0.9999978,0,1.706127e-06
3059,7,7,0.9855009,2,0.011531379
3060,9,3,0.3870274,9,0.3485528
3061,7,7,0.999846,2,9.190383e-05
3062,8,8,0.9817194,6,0.014145712
3063,6,6,0.99997157,8,2.5256488e-05
3064,8,8,0.99999994,3,3.1846898e-09
3065,8,8,0.999917,9,5.1360934e-05
3066,4,4,0.99999946,8,4.4382995e-07
3067,6,6,0.9999977,5,2.2135634e-06
3068,8,8,0.9999966,2,3.193504e-06
3069,4,4,0.99996775,0,1.513329e-05
3070,1,1,0.99996954,9,1.1754724e-05
3071,2,2,0.99999994,3,2.3420087e-08
3072,8,8,0.99999994,2,2.1848074e-09
3073,1,2,0.5320275,1,0.22743945
3074,3,3,0.99999994,8,1.26686e-08
3075,9,9,0.99999994,8,3.8695184e-08
3076,4,4,0.9999996,8,1.8183177e-07
3077,0,0,0.99993414,2,5.431422e-05
3078,3,3,0.99970174,5,0.00024474866
3079,7,7,0.99994844,3,3.6263318e-05
3080,3,3,0.99999994,8,9.481934e-10
3081,2,2,0.99999934,8,3.788e-07
3082,3,3,0.99999994,5,3.2151164e-08
3083,3,3,0.9999997,2,6.582597e-08
3084,7,7,0.99937946,2,0.000550613
3085,3,3,0.9999977,8,2.32207e-06
3086,4,4,0.9997493,9,0.00019056188
3087,0,0,0.9999934,2,1.9800545e-06
3088,6,6,0.9999631,5,3.6033394e-05
3089,2,2,0.9999983,1,1.3993784e-06
3090,0,0,0.99999946,2,3.2259953e-07
3091,8,8,0.9999983,2,1.3705176e-06
3092,1,1,0.999789,7,0.00015877456
3093,5,5,0.9999997,6,1.7112136e-07
3094,3,3,0.9999885,8,7.181695e-06
3095,5,5,0.99999946,9,2.617291e-07
3096,4,4,0.99993473,8,5.3604374e-05
3097,1,1,0.9999985,7,1.0497157e-06
3098,7,7,0.9999786,9,1.2753714e-05
3099,1,1,0.99999815,7,1.4989532e-06
3100,5,5,0.99458057,3,0.00541778
3101,7,7,0.9999725,9,1.8202585e-05
3102,5,5,0.9997952,3,0.00020260444
3103,7,7,0.9949581,9,0.0038862622
3104,3,3,0.99999934,8,3.1037112e-07
3105,2,2,0.9999998,8,1.0183569e-07
3106,2,2,0.9998804,1,5.444769e-05
3107,7,7,0.9999885,5,7.0861493e-06
3108,3,3,0.9941538,5,0.0054197717
3109,7,7,0.6650198,8,0.15960741
3110,3,3,0.99997026,2,1.4630871e-05
3111,7,7,0.99993914,2,5.63207e-05
3112,8,8,0.9999996,2,7.4821145e-08
3113,5,5,0.9999983,9,1.6736823e-06
3114,4,4,0.9914029,6,0.0066291234
3115,5,5,0.99974513,9,0.00024851196
3116,2,2,0.99999946,8,4.7294859e-07
3117,5,5,0.9999879,3,6.7079654e-06
3118,6,6,0.99998945,5,1.0409728e-05
3119,5,5,0.9999998,9,7.420223e-08
3120,3,3,0.9999997,8,1.75282e-07
3121,6,6,0.9997761,0,0.00021857118
3122,7,7,0.97991335,2,0.01986556
3123,4,4,0.99998003,8,1.34064185e-05
3124,1,1,0.99986196,8,8.321057e-05
3125,7,7,0.999978,3,1.8799461e-05
3126,1,1,0.9999955,8,1.4079485e-06
3127,5,5,0.9999638,9,3.6124187e-05
3128,2,2,0.99999696,1,2.8252982e-06
3129,3,3,0.9893908,8,0.008061176
3130,6,6,0.99724704,0,0.0027351785
3131,3,3,0.99999946,5,5.2125114e-07
3132,1,1,0.99873775,2,0.001218713
3133,4,4,0.9999785,8,8.4317e-06
3134,2,2,0.99979615,0,0.00019061062
3135,6,6,0.9999973,5,2.6167852e-06
3136,7,7,0.9999834,4,1.1069624e-05
3137,4,4,0.99999815,8,1.7562213e-06
3138,3,3,0.99987835,5,0.000103440776
3139,8,8,0.99999994,3,4.841635e-09
3140,0,0,0.9999997,8,1.5343667e-07
3141,6,6,0.9999934,5,6.0572165e-06
3142,2,2,0.99998146,8,1.003573e-05
3143,1,1,0.99995977,2,1.7531162e-05
3144,6,6,0.99999994,5,9.617967e-09
3145,5,5,0.9999874,9,1.0440886e-05
3146,3,3,0.99973714,5,0.0002585379
3147,9,9,0.99993426,5,6.1280705e-05
3148,1,1,0.9999824,7,1.0790862e-05
3149,9,9,0.9999996,4,2.2987923e-07
3150,3,3,0.99999946,8,3.2096023e-07
3151,2,2,0.9997699,8,0.00019458588
3152,1,1,0.9998574,9,6.266149e-05
3153,8,8,0.9999992,2,6.932905e-07
3154,4,4,0.99999076,6,4.1801877e-06
3155,4,4,0.9999992,9,3.9797854e-07
3156,6,6,0.9999992,5,6.2995633e-07
3157,5,5,0.95262724,3,0.047177676
3158,8,8,0.9999972,2,2.74147e-06
3159,6,6,0.9999983,5,1.2787036e-06
3160,9,9,0.99835336,5,0.00091818854
3161,7,7,0.9994525,2,0.0005107684
3162,7,7,0.99919945,3,0.0007236382
3163,8,8,0.9999997,3,1.9567419e-07
3164,6,6,0.99999946,4,2.511162e-07
3165,9,9,0.9999952,4,4.0888744e-06
3166,7,7,0.55278414,2,0.44708395
3167,3,3,0.9999675,8,1.3402057e-05
3168,9,9,0.9999971,8,2.4150393e-06
3169,4,4,0.99999994,9,1.4646081e-08
3170,0,0,0.9999991,6,4.1855378e-07
3171,5,5,0.99999076,6,3.3839858e-06
3172,4,4,0.9999867,9,8.298086e-06
3173,6,6,0.9999872,5,1.0607226e-05
3174,4,4,0.9999998,9,5.4951848e-08
3175,1,1,0.9999586,8,1.7936494e-05
3176,2,2,0.9995751,0,0.00029191212
3177,3,3,0.9999997,5,1.10281704e-07
3178,0,0,0.9999768,6,1.41766e-05
3179,0,0,0.99999946,2,2.2665134e-07
3180,2,2,0.9999799,8,1.9947822e-05
3181,6,6,0.9999984,0,1.5853922e-06
3182,6,6,0.9999998,4,1.5894538e-07
3183,5,5,0.999999,3,9.0810977e-07
3184,7,7,0.9898563,3,0.009387192
3185,0,0,0.9999588,6,2.7126938e-05
3186,8,8,0.99929285,2,0.00070044934
3187,6,6,0.999999,5,8.893995e-07
3188,4,4,0.9999948,2,5.084871e-06
3189,7,7,0.9735327,2,0.02522611
3190,9,9,0.99998635,4,6.3486386e-06
3191,0,0,0.99999934,2,5.124705e-07
3192,7,7,0.99697447,3,0.002265396
3193,3,3,0.99999386,8,6.010976e-06
3194,4,4,0.9999519,8,4.5414334e-05
3195,2,2,0.99999994,1,2.2738615e-08
3196,1,1,0.99543965,8,0.0024042933
3197,8,8,0.9999998,2,7.889301e-08
3198,8,8,0.99999994,5,3.8870013e-10
3199,5,5,0.99999994,3,2.2575867e-08
3200,9,9,0.99999696,3,1.6388431e-06
3201,2,2,0.99999994,8,4.6442455e-08
3202,7,7,0.9999822,8,1.5628766e-05
3203,1,1,0.9999613,7,2.4985637e-05
3204,8,8,0.9999992,2,5.8064245e-07
3205,8,8,0.9988924,6,0.000771992
3206,8,8,0.9999867,3,1.3024429e-05
3207,2,2,0.9995826,3,0.00026090135
3208,7,7,0.9999965,3,2.7539122e-06
3209,6,6,0.9999842,5,1.5216377e-05
3210,0,0,0.99998623,2,1.1390229e-05
3211,1,1,0.999607,2,0.00035683083
3212,2,2,0.99999887,7,9.96944e-07
3213,7,7,0.9753954,9,0.017990243
3214,1,1,0.99998933,2,9.923127e-06
3215,0,0,0.9999997,2,1.6042483e-07
3216,8,8,0.99986887,3,0.00012237756
3217,3,3,0.99999994,8,2.6938675e-08
3218,6,6,0.9985908,5,0.0013056126
3219,0,0,0.99998075,6,9.239814e-06
3220,5,5,0.99999994,3,1.8081012e-08
3221,3,3,0.999999,8,8.0225436e-07
3222,6,6,0.99997956,8,1.2672289e-05
3223,2,2,0.99999994,7,3.48118e-08
3224,8,8,0.99999934,5,4.0062326e-07
3225,7,9,0.59422296,1,0.27719736
3226,0,0,0.99999744,6,2.53144e-06
3227,1,1,0.99993414,8,4.75219e-05
3228,4,4,0.9999954,6,2.570284e-06
3229,2,2,0.99999434,8,1.7736996e-06
3230,1,1,0.9999868,8,8.559545e-06
3231,1,1,0.9999867,2,7.2879766e-06
3232,4,4,0.9999973,9,1.6766744e-06
3233,4,4,0.9999675,9,1.832903e-05
3234,4,4,0.99999994,2,2.1986737e-09
3235,4,4,0.99998957,9,9.14581e-06
3236,7,7,0.8792694,2,0.07943575
3237,1,1,0.99978065,4,6.765318e-05
3238,6,6,0.9997635,5,0.00023624992
3239,2,2,0.99976206,1,0.00023426807
3240,9,9,0.9946425,8,0.0033128483
3241,9,9,0.9999984,8,1.3768085e-06
3242,0,0,0.99979997,9,0.000109441884
3243,0,0,0.999999,8,3.701708e-07
3244,1,1,0.99999887,2,5.01823e-07
3245,8,8,0.9999772,2,2.2624616e-05
3246,8,8,0.99999374,0,5.200349e-06
3247,4,4,0.9996897,9,0.00028410988
3248,3,3,0.99999946,8,2.6051313e-07
3249,4,4,0.9999941,8,5.7522248e-06
3250,2,2,0.99970984,1,0.00012483852
3251,0,0,0.9999588,9,3.566714e-05
3252,6,6,0.99887526,5,0.00069224817
3253,1,1,0.9999996,8,2.3487014e-07
3254,6,6,0.99530995,0,0.0024841975
3255,1,1,0.9996958,8,0.0002234831
3256,2,2,0.9999606,7,3.5696605e-05
3257,2,2,0.9999998,8,1.2584314e-07
3258,2,2,0.99999994,1,3.6224634e-09
3259,1,1,0.99943197,2,0.00031068752
3260,2,2,0.9931806,8,0.0068155765
3261,3,3,0.999986,5,1.06241805e-05
3262,7,7,0.99974644,9,0.00012480823
3263,8,8,0.99974155,2,0.0001296171
3264,1,1,0.9998152,8,9.7695905e-05
3265,0,0,0.9999996,8,2.5818917e-07
3266,0,0,0.9997132,6,0.0002694141
3267,2,2,0.99979687,3,8.63857e-05
3268,1,1,0.99997514,8,1.1472902e-05
3269,6,6,0.99995834,0,4.1311978e-05
3270,6,6,0.9999998,0,7.014253e-08
3271,0,0,0.99999994,2,5.1660216e-08
3272,1,1,0.999986,2,1.1235164e-05
3273,6,6,0.9999756,5,2.4224022e-05
3274,2,2,0.99999994,8,9.477365e-09
3275,5,5,0.99998313,3,1.682973e-05
3276,1,1,0.9999961,8,1.6117837e-06
3277,7,7,0.99999243,1,3.0096728e-06
3278,4,4,0.99999994,5,4.0392564e-08
3279,8,8,0.99999994,3,4.0640588e-10
3280,2,2,0.9978527,7,0.00206952
3281,1,1,0.99997383,8,7.636645e-06
3282,4,4,0.9999804,9,1.4780279e-05
3283,3,3,0.99999195,5,6.4725446e-06
3284,8,8,0.99998766,9,1.16944675e-05
3285,3,3,0.9999997,8,1.2094831e-07
3286,9,9,0.9999986,4,1.0209828e-06
3287,9,9,0.9997778,4,0.00019275925
3288,4,4,0.99925184,9,0.00067019026
3289,8,8,0.9963524,9,0.0034488474
3290,3,3,0.9999997,8,1.6586205e-07
3291,4,4,0.99988276,9,9.602911e-05
3292,7,7,0.9999686,9,1.3044715e-05
3293,2,2,0.9999971,8,1.6743747e-06
3294,7,7,0.99994045,2,5.4451742e-05
3295,5,5,0.99997634,9,2.3576977e-05
3296,7,7,0.9593379,2,0.034852624
3297,0,0,0.999999,2,9.270588e-07
3298,4,4,0.99999577,8,2.701325e-06
3299,3,3,0.9999992,5,6.5332654e-07
3300,3,3,0.99999803,2,1.4435416e-06
3301,2,2,0.99999994,1,7.718045e-09
3302,6,6,0.9995441,5,0.0003131218
3303,7,7,0.9976293,9,0.0019847492
3304,6,6,0.99999493,0,2.3433447e-06
3305,0,0,0.9999388,6,4.985588e-05
3306,0,0,0.9998319,9,0.00015691176
3307,6,6,0.99999994,4,7.426634e-09
3308,7,7,0.9997597,2,0.00019619532
3309,7,7,0.9999513,3,3.9315513e-05
3310,0,0,0.999999,6,3.4165924e-07
3311,5,5,0.9995323,8,0.00034968444
3312,5,5,0.9999991,3,6.687826e-07
3313,8,8,0.9999997,3,8.823572e-08
3314,1,1,0.9998906,8,9.950106e-05
3315,0,0,0.9999954,6,3.3548572e-06
3316,7,7,0.9885535,4,0.005604918
3317,0,0,0.99832875,6,0.001669852
3318,2,2,0.9999868,8,6.185722e-06
3319,8,8,0.9998491,9,0.00014969798
3320,1,1,0.9999848,8,1.2177242e-05
3321,5,5,0.9993749,8,0.00062511343
3322,0,0,0.9999967,5,1.1479875e-06
3323,8,8,0.9999984,3,7.635423e-07
3324,8,8,0.9999997,5,1.8230355e-07
3325,0,0,0.9999998,2,9.569151e-08
3326,3,3,0.99941576,5,0.00057746057
3327,2,2,0.9999996,3,1.2657395e-07
3328,7,7,0.83590275,2,0.15919356
3329,7,7,0.9895462,2,0.010073872
3330,2,2,0.9933801,8,0.0065895533
3331,6,6,0.99998564,5,1.3975982e-05
3332,4,4,0.99998754,9,9.116706e-06
3333,7,7,0.9950445,9,0.0027259435
3334,5,5,0.9983748,9,0.0016238149
3335,5,5,0.999989,3,9.260675e-06
3336,5,5,0.95969707,8,0.020525323
3337,2,2,0.999934,7,6.5707725e-05
3338,9,9,0.9998183,8,0.00017740812
3339,2,2,0.99949294,3,0.00031450574
3340,8,8,0.99999994,3,2.4573166e-09
3341,4,4,0.9995747,2,0.0003424544
3342,6,6,0.9979652,5,0.0020144556
3343,8,8,0.99955946,2,0.00043931106
3344,6,6,0.9963562,8,0.0015687407
3345,5,5,0.99997705,3,2.2762082e-05
3346,0,0,0.99999684,2,2.5152744e-06
3347,0,0,0.99975216,6,0.00019803701
3348,8,8,0.99999994,2,5.5791887e-08
3349,7,7,0.999066,3,0.00056507817
3350,6,6,0.99998397,0,1.3036248e-05
3351,1,1,0.9999954,2,2.1561473e-06
3352,7,7,0.99921435,3,0.0007283185
3353,1,1,0.9999389,8,1.9495323e-05
3354,1,1,0.9999668,8,1.289461e-05
3355,2,2,0.99999994,7,6.9130817e-09
3356,7,7,0.99997956,3,1.1566333e-05
3357,4,4,0.99999994,2,1.7464087e-08
3358,0,0,0.99877024,8,0.0011140252
3359,0,0,0.9999965,2,1.6121302e-06
3360,7,7,0.9998653,2,0.00012190817
3361,7,7,0.9992995,2,0.0006536373
3362,6,6,0.99999994,5,1.6361712e-08
3363,3,3,0.99999446,5,4.5031493e-06
3364,8,8,0.9999804,2,1.9032612e-05
3365,6,6,0.9302727,1,0.053656034
3366,4,4,0.9999986,8,1.1827692e-06
3367,2,2,0.9998961,8,8.2893974e-05
3368,0,0,0.9999998,6,1.2319252e-07
3369,9,9,0.9817794,8,0.017550623
3370,4,4,0.9999997,2,1.4340002e-07
3371,0,0,0.9999997,2,2.2315196e-07
3372,5,5,0.9999998,3,7.503324e-08
3373,7,7,0.97902006,9,0.02072199
3374,8,8,0.99999994,2,2.1814314e-08
3375,2,2,0.9995385,1,0.00035984893
3376,7,7,0.99848926,1,0.00084712595
3377,4,4,0.9840332,6,0.013931445
3378,7,7,0.9999992,9,4.1203842e-07
3379,1,1,0.99999183,4,2.7509807e-06
3380,1,1,0.99999696,7,1.536828e-06
3381,3,3,0.9999623,8,2.8687782e-05
3382,6,6,0.9999905,5,8.4539915e-06
3383,6,6,0.9999915,8,6.151906e-06
3384,2,2,0.9851317,6,0.012079712
3385,9,9,0.99998087,4,1.7140806e-05
3386,1,1,0.99998254,2,8.524797e-06
3387,9,9,0.9999967,4,1.5564522e-06
3388,4,4,0.99649394,9,0.0026885304
3389,8,8,0.99999803,2,1.665223e-06
3390,3,3,0.99999756,5,2.3956386e-06
3391,6,6,0.9999903,5,9.187901e-06
3392,9,9,0.99990875,5,9.077517e-05
3393,5,5,0.9999998,8,8.068107e-08
3394,9,9,0.999963,8,1.5185423e-05
3395,6,6,0.9999952,5,4.825965e-06
3396,2,2,0.99999696,8,3.0270267e-06
3397,4,4,0.99999994,6,3.9633857e-10
3398,6,6,0.9999307,5,6.771085e-05
3399,7,7,0.99999315,0,6.4878664e-06
3400,7,7,0.9999289,3,5.1401188e-05
3401,0,0,0.9999915,2,6.444959e-06
3402,6,6,0.9999768,5,2.2432769e-05
3403,6,6,0.9999992,4,6.039287e-07
3404,9,9,0.99989265,8,9.8300974e-05
3405,4,4,0.988587,9,0.010071155
3406,8,8,0.9999996,9,2.514582e-07
3407,3,3,0.99999744,5,1.8483232e-06
3408,5,5,0.9999996,3,3.3882446e-07
3409,3,3,0.9999997,5,2.5030667e-07
3410,4,4,0.9999936,9,5.559831e-06
3411,9,9,0.9997319,7,0.000100974576
3412,0,0,0.99052536,9,0.0044619106
3413,0,0,0.9999998,2,1.1335787e-07
3414,5,5,0.99999136,8,8.416278e-06
3415,2,2,0.9999768,8,1.2169658e-05
3416,5,5,0.9989953,8,0.00075104425
3417,0,0,0.9999873,9,6.1841556e-06
3418,7,7,0.99885064,3,0.00086174614
3419,1,1,0.999968,4,1.286706e-05
3420,1,1,0.99998134,7,1.1969743e-05
3421,1,1,0.9999967,8,1.8868451e-06
3422,6,0,0.6516702,6,0.34831563
3423,7,7,0.99994475,2,4.2329782e-05
3424,6,6,0.9999892,5,9.628396e-06
3425,7,7,0.86744845,2,0.112988025
3426,9,9,0.9999942,4,3.5547866e-06
3427,6,6,0.9964885,8,0.0026537962
3428,6,6,0.9999903,5,9.09294e-06
3429,4,4,0.99902517,8,0.000887139
3430,1,1,0.9996424,9,0.000106150575
3431,4,4,0.9999998,7,1.3138661e-07
3432,3,3,0.9999897,5,1.0305796e-05
3433,1,1,0.9999985,8,6.7981694e-07
3434,1,1,0.9999977,8,1.3311072e-06
3435,2,2,0.9999997,8,1.7386387e-07
3436,2,2,0.99990743,1,6.0286056e-05
3437,4,4,0.99995834,9,3.4818575e-05
3438,1,1,0.9999954,2,2.2844824e-06
3439,0,0,0.99999636,8,1.2363965e-06
3440,8,8,0.99999994,2,1.308271e-09
3441,7,7,0.7415012,2,0.23293464
3442,6,6,0.99989814,5,9.967257e-05
3443,3,3,0.99998933,8,9.157556e-06
3444,4,4,0.99997646,6,1.4117502e-05
3445,0,0,0.9999998,2,5.3901626e-08
3446,0,0,0.99998504,9,7.956385e-06
3447,6,6,0.9999271,4,7.2866984e-05
3448,3,3,0.96099925,1,0.017895626
3449,3,3,0.9999998,5,7.675329e-08
3450,0,0,0.999789,8,0.00015826827
3451,7,7,0.6007081,3,0.21053137
3452,1,1,0.9999761,7,9.8031815e-06
3453,7,7,0.99382716,2,0.0032398475
3454,1,1,0.9999959,8,1.2661146e-06
3455,1,1,0.9999921,8,2.330323e-06
3456,3,3,0.999939,5,5.0858125e-05
3457,1,1,0.9965377,6,0.0032015142
3458,0,0,0.9999991,6,6.9779963e-07
3459,9,9,0.9999967,4,1.6689235e-06
3460,9,9,0.9994055,4,0.00053952815
3461,7,7,0.9999338,8,4.413242e-05
3462,5,5,0.999999,8,5.3242763e-07
3463,4,4,0.99999994,8,3.5827743e-09
3464,1,1,0.99699754,2,0.0014783452
3465,4,4,0.9999787,9,2.0988533e-05
3466,8,8,0.9999986,6,6.9341894e-07
3467,9,9,0.9999241,8,7.560026e-05
3468,5,5,0.99999946,9,4.244747e-07
3469,3,3,0.9999897,8,1.0211309e-05
3470,5,5,0.9999998,3,1.4776056e-07
3471,1,1,0.99972486,2,0.00020941236
3472,9,9,0.99999374,8,6.1152145e-06
3473,8,8,0.99999994,2,1.5791457e-08
3474,2,2,0.9034502,7,0.09402327
3475,3,3,0.99978495,7,9.975562e-05
3476,3,3,0.99999374,8,5.090363e-06
3477,9,9,0.9999152,8,4.3621192e-05
3478,9,9,0.99997324,4,1.8482602e-05
3479,0,0,0.9999997,6,1.2322906e-07
3480,1,1,0.99992806,8,5.6797864e-05
3481,0,0,0.99999887,6,1.0213911e-06
3482,2,2,0.99999994,1,1.3814387e-08
3483,9,9,0.9999953,0,2.2475442e-06
3484,3,3,0.99999994,5,3.463041e-08
3485,9,9,0.99999875,5,6.7172016e-07
3486,3,3,0.9999998,5,6.669179e-08
3487,3,3,0.99999994,5,5.8214237e-08
3488,6,6,0.99997014,4,1.2200742e-05
3489,2,2,0.9999468,1,5.194457e-05
3490,4,4,0.9977051,9,0.0022140595
3491,9,9,0.9994701,4,0.00049697346
3492,8,8,0.9999898,0,7.320502e-06
3493,3,3,0.9999998,5,1.2509172e-07
3494,7,7,0.9906652,2,0.009072226
3495,4,4,0.9999127,8,6.422723e-05
3496,0,0,0.9999623,6,1.8127665e-05
3497,4,4,0.99999875,9,6.005759e-07
3498,7,7,0.9998114,5,8.401858e-05
3499,8,8,0.99999994,2,6.7591643e-09
3500,4,4,0.99999994,9,9.7547e-09
3501,9,9,0.99998266,4,7.2851813e-06
3502,8,8,0.9999998,6,5.8916058e-08
3503,9,9,0.6652676,1,0.30503938
3504,9,9,0.9990155,8,0.0007727479
3505,7,7,0.99960774,3,0.00030795252
3506,5,5,0.99999934,6,6.486172e-07
3507,9,9,0.9999973,8,1.4887245e-06
3508,2,2,0.99999815,7,9.529806e-07
3509,8,8,0.99998313,2,1.4955444e-05
3510,2,2,0.99999994,1,3.3541777e-08
3511,2,2,0.998635,3,0.00063798233
3512,0,0,0.9999879,8,1.0694832e-05
3513,2,2,0.99999934,7,6.366404e-07
3514,2,2,0.999965,8,3.4093355e-05
3515,3,3,0.99999994,5,3.6272983e-08
3516,8,8,0.99998564,9,8.199048e-06
3517,4,4,0.9999998,9,5.547196e-08
3518,6,6,0.9999278,5,5.33601e-05
3519,8,8,0.99994904,6,4.7595353e-05
3520,6,4,0.9825675,8,0.011828076
3521,8,8,0.9999961,5,3.4299858e-06
3522,2,2,0.9998183,1,0.00017957177
3523,4,4,0.99999887,2,3.219972e-07
3524,6,6,0.9999979,4,1.366496e-06
3525,7,7,0.875936,2,0.1139121
3526,9,9,0.9999024,8,9.342487e-05
3527,3,3,0.9999996,5,3.6268008e-07
3528,3,3,0.9999582,8,3.192153e-05
3529,9,9,0.9991323,8,0.00080635224
3530,4,4,0.9999029,7,5.7472727e-05
3531,3,3,0.99998766,5,1.2086858e-05
3532,1,1,0.99998134,8,8.49156e-06
3533,4,4,0.99967754,9,0.00021466964
3534,4,4,0.6794081,8,0.32049382
3535,7,7,0.99999577,9,3.1524844e-06
3536,0,0,0.9999415,6,5.257846e-05
3537,5,5,0.99999744,8,2.09102e-06
3538,9,9,0.9999997,4,1.7062727e-07
3539,6,6,0.9999991,8,6.059241e-07
3540,0,0,0.9996908,2,0.00026606882
3541,4,4,0.99986243,8,7.89385e-05
3542,4,4,0.994417,2,0.0055830595
3543,4,4,0.9999967,2,1.757447e-06
3544,4,4,0.9999749,8,2.0309153e-05
3545,6,6,0.99999994,8,2.6495737e-09
3546,1,1,0.9999929,2,2.6872672e-06
3547,2,2,0.9999997,8,8.723203e-08
3548,3,3,0.9999997,5,2.1534653e-07
3549,3,3,0.99985814,8,9.6998796e-05
3550,6,6,0.97941613,5,0.019444153
3551,4,4,0.99996394,9,2.0365913e-05
3552,5,5,0.999924,7,7.120901e-05
3553,9,9,0.9993026,8,0.00069608743
3554,6,6,0.9999997,5,2.9726695e-07
3555,8,8,0.9999972,6,2.5766894e-06
3556,5,5,0.99989575,8,0.00010322637
3557,6,6,0.99791026,8,0.0012458221
3558,5,0,0.5480191,5,0.43168867
3559,8,8,0.8522722,6,0.09967336
3560,6,6,0.99999994,5,3.4698047e-08
3561,4,4,0.99979544,8,0.00016749538
3562,1,1,0.999999,8,4.5654224e-07
3563,8,8,0.9998474,5,0.00015090809
3564,6,6,0.99988765,8,9.9805744e-05
3565,5,5,0.9999911,6,4.8137367e-06
3566,2,2,0.9999996,1,4.048806e-07
3567,8,8,0.99967456,5,0.00021473881
3568,4,4,0.99999756,7,1.0756395e-06
3569,5,5,0.99999994,3,3.4120171e-09
3570,5,5,0.9999992,3,4.2744003e-07
3571,4,4,0.99480677,6,0.0020795038
3572,7,7,0.9999222,3,6.317747e-05
3573,7,7,0.9770151,2,0.022956625
3574,0,0,0.99830437,7,0.00092622
3575,7,7,0.99976206,2,0.00022268032
3576,8,8,0.99999756,9,2.2665408e-06
3577,2,2,0.99999875,8,1.0874154e-06
3578,2,2,0.9999655,0,3.3761535e-05
3579,3,3,0.99999934,5,6.163102e-07
3580,7,7,0.99984956,1,8.447388e-05
3581,0,0,0.9999191,9,6.444294e-05
3582,1,1,0.9998979,4,7.386606e-05
3583,8,8,0.99996036,9,3.771905e-05
3584,0,0,0.9999998,2,1.12655634e-07
3585,7,7,0.9984324,3,0.00125595
3586,1,1,0.99997884,2,1.9680798e-05
3587,9,9,0.99998325,7,1.4150973e-05
3588,8,8,0.99999994,2,6.9723366e-10
3589,7,7,0.99813145,3,0.0013833102
3590,5,5,0.9999997,9,1.0969682e-07
3591,5,5,0.99527377,8,0.004706997
3592,9,9,0.99941003,8,0.00051215896
3593,1,1,0.9999941,2,3.0094282e-06
3594,7,7,0.99998325,3,8.754512e-06
3595,5,5,0.9999996,8,1.952054e-07
3596,4,4,0.99999446,9,5.469271e-06
3597,9,3,0.5178128,9,0.3982854
3598,1,1,0.99146605,2,0.006111438
3599,2,2,0.9821121,7,0.016826225
3600,2,2,0.99779415,1,0.0021534497
3601,1,1,0.6662042,6,0.33113474
3602,6,6,0.99999994,4,1.7074074e-09
3603,6,6,0.99999994,5,5.991358e-10
3604,7,7,0.99995214,2,2.2468634e-05
3605,1,1,0.9999947,8,2.952365e-06
3606,1,1,0.99990934,8,5.080673e-05
3607,4,4,0.99724597,9,0.0027212987
3608,0,0,0.99998873,9,8.832122e-06
3609,7,7,0.9992852,2,0.00038668435
3610,4,4,0.99999994,8,3.3639996e-08
3611,2,2,0.99996966,8,1.8839308e-05
3612,4,4,0.9999687,9,3.099963e-05
3613,0,0,0.9999859,8,1.3231188e-05
3614,6,6,0.9999986,4,1.3323963e-06
3615,4,4,0.99998254,6,1.3942312e-05
3616,7,7,0.9994048,3,0.00041309767
3617,6,6,0.99999624,5,2.781404e-06
3618,9,9,0.9961456,8,0.0038425715
3619,5,5,0.9999785,3,2.1309335e-05
3620,3,3,0.99999994,5,4.20656e-08
3621,4,4,0.9999996,9,2.7254927e-07
3622,6,6,0.9999996,5,1.796467e-07
3623,5,5,0.99998194,9,1.0088302e-05
3624,0,0,0.99993986,8,4.2998097e-05
3625,1,1,0.9999929,8,5.100014e-06
3626,8,8,0.9992409,3,0.0007546849
3627,8,8,0.99739057,2,0.0026094103
3628,2,2,0.9999992,8,5.490554e-07
3629,8,8,0.9999861,3,8.172259e-06
3630,3,3,0.9999997,8,1.8775032e-07
3631,5,5,0.99999994,9,1.9322874e-08
3632,7,7,0.9992647,3,0.00053812773
3633,8,8,0.99999994,3,4.9605275e-09
3634,0,0,0.99993545,2,2.8219163e-05
3635,8,8,0.9999899,6,7.3966366e-06
3636,5,5,0.99997634,9,2.3501147e-05
3637,7,7,0.99986506,2,0.000116478746
3638,1,1,0.99998134,2,1.2150288e-05
3639,1,1,0.9998817,9,5.052243e-05
3640,0,0,0.99901026,8,0.0006610609
3641,1,1,0.99990636,8,4.3657346e-05
3642,3,3,0.9999998,8,8.01652e-08
3643,7,7,0.9983385,3,0.001581417
3644,8,8,0.99999994,2,9.855572e-10
3645,5,5,0.9999524,9,3.8802784e-05
3646,0,0,0.9999679,6,2.9702824e-05
3647,7,7,0.94692665,3,0.05294756
3648,1,1,0.9999904,8,5.258627e-06
3649,1,1,0.99996835,2,1.8914696e-05
3650,0,0,0.9999979,2,1.3006755e-06
3651,1,1,0.9999617,2,1.7133809e-05
3652,1,1,0.99999887,6,3.2413942e-07
3653,4,4,0.9996519,9,0.00030159103
3654,5,5,0.9976645,6,0.0022350298
3655,2,2,0.9999998,1,1.7383472e-07
3656,7,7,0.9998836,3,9.857778e-05
3657,6,6,0.99999994,0,2.4676072e-09
3658,2,2,0.9994401,1,0.0005564302
3659,3,3,0.99999994,5,3.5187032e-08
3660,0,0,0.9999978,6,1.0470096e-06
3661,2,2,0.9999996,8,3.2899302e-07
3662,8,8,0.99591196,6,0.0037928456
3663,5,5,0.99991244,9,8.39264e-05
3664,9,9,0.990568,8,0.00837963
3665,6,6,0.99996406,4,3.550788e-05
3666,9,9,0.999502,8,0.00048987765
3667,7,7,0.9990735,2,0.0008347631
3668,2,2,0.99999994,3,5.7814966e-09
3669,1,1,0.9999111,4,4.124173e-05
3670,3,3,0.99999994,8,6.0999237e-09
3671,6,6,0.9999998,5,1.7129298e-07
3672,4,4,0.98726714,9,0.0119936885
3673,1,1,0.9998765,9,4.5257642e-05
3674,8,8,0.99999624,5,3.501037e-06
3675,2,2,0.99999994,3,4.382222e-08
3676,4,4,0.99999994,8,1.6060035e-08
3677,0,0,0.99999624,6,3.1755696e-06
3678,5,5,0.99999994,3,5.883294e-09
3679,1,1,0.9999811,8,1.074265e-05
3680,0,0,0.9999967,6,1.3088442e-06
3681,2,2,0.9738653,8,0.026036546
3682,2,2,0.99999684,0,1.8274367e-06
3683,6,6,0.9999967,0,1.5230934e-06
3684,4,4,0.9999983,9,1.6391938e-06
3685,4,4,0.9999984,6,1.0014451e-06
3686,3,3,0.9997202,8,0.0002795505
3687,9,9,0.99921936,8,0.00076465827
3688,6,6,0.99876094,8,0.0009917424
3689,1,1,0.99994224,8,4.885763e-05
3690,6,6,0.9999127,5,8.662935e-05
3691,5,5,0.99999994,6,3.4331762e-08
3692,7,7,0.99999756,3,1.5684977e-06
3693,9,9,0.99999803,4,1.7147646e-06
3694,2,2,0.99978065,1,0.00021347393
3695,0,0,0.99984145,2,9.5911564e-05
3696,2,2,0.99999946,8,3.1621812e-07
3697,6,6,0.9999961,5,3.4484513e-06
3698,0,0,0.9999973,6,1.5189718e-06
3699,1,1,0.99992687,9,2.7523514e-05
3700,4,4,0.99999446,9,2.593919e-06
3701,3,3,0.999989,8,1.098198e-05
3702,5,5,0.99186736,3,0.0065269093
3703,2,2,0.99999994,1,3.255709e-08
3704,8,8,0.99999994,9,2.8383624e-09
3705,8,8,0.99999887,5,9.774982e-07
3706,0,0,0.9999574,2,3.9582035e-05
3707,8,8,0.9999953,3,2.3355747e-06
3708,8,8,0.9999998,2,9.682189e-08
3709,9,9,0.99996203,4,2.8379874e-05
3710,0,0,0.9999024,9,6.198809e-05
3711,9,9,0.99999446,4,4.5980396e-06
3712,6,6,0.99999994,5,3.123837e-09
3713,7,7,0.9999892,2,9.931429e-06
3714,6,6,0.99999624,5,3.6749805e-06
3715,3,3,0.99999994,8,4.4052932e-08
3716,9,9,0.99943364,8,0.000499541
3717,3,3,0.999999,5,8.6834433e-07
3718,4,4,0.93758225,9,0.048928253
3719,7,7,0.9924584,3,0.004108899
3720,7,7,0.99884945,3,0.0011293518
3721,7,7,0.98751265,3,0.0075012306
3722,4,4,0.9999996,2,1.2121932e-07
3723,9,9,0.9941709,8,0.0053364686
3724,0,0,0.9999611,8,2.238587e-05
3725,6,6,0.99988085,5,0.00011800973
3726,4,4,0.62616605,9,0.37343648
3727,8,8,0.63720584,9,0.33565694
3728,4,4,0.9995162,8,0.00047417035
3729,2,2,0.9999282,3,4.494247e-05
3730,7,7,0.9942432,9,0.0057015843
3731,2,2,0.9999998,3,7.519657e-08
3732,8,8,0.99999994,2,2.0079622e-08
3733,1,1,0.9999953,2,3.384763e-06
3734,0,0,0.9999997,6,1.1562782e-07
3735,0,0,0.9999992,6,7.5399134e-07
3736,7,7,0.9948026,3,0.0043037175
3737,8,8,0.99999994,3,9.535477e-09
3738,3,3,0.99974346,5,0.0002549032
3739,3,3,0.9997424,5,0.00023264486
3740,3,3,0.9999998,5,9.74983e-08
3741,1,1,0.999993,8,4.306508e-06
3742,3,3,0.99631226,8,0.0033665132
3743,7,7,0.9977303,3,0.0018435677
3744,6,6,0.9966692,5,0.0027083233
3745,1,1,0.9999859,4,1.0751136e-05
3746,3,3,0.9999991,7,7.3721446e-07
3747,1,1,0.9999439,4,2.4152483e-05
3748,6,6,0.99963313,8,0.00024425713
3749,6,6,0.9991612,4,0.00058051647
3750,5,5,0.99998766,9,1.1926724e-05
3751,7,7,0.9311861,2,0.06569682
3752,4,4,0.99999994,6,6.0085155e-09
3753,7,7,0.9999971,3,1.4714388e-06
3754,5,5,0.9999992,3,5.270781e-07
3755,9,9,0.996467,8,0.0033303217
3756,5,5,0.9990309,9,0.00096864667
3757,8,8,0.9999493,2,4.4783104e-05
3758,4,4,0.99999934,9,3.6250435e-07
3759,9,9,0.99998564,8,1.3616122e-05
3760,9,9,0.99999076,8,9.202261e-06
3761,1,1,0.9994329,2,0.00016146673
3762,6,6,0.46892548,8,0.4186095
3763,5,5,0.98660344,8,0.013339414
3764,0,0,0.99998313,8,8.6972095e-06
3765,1,1,0.99986935,8,5.027452e-05
3766,3,3,0.9996996,5,0.00022494527
3767,7,7,0.9545704,2,0.045332707
3768,0,0,0.99999017,8,6.7700894e-06
3769,3,3,0.999991,9,5.624694e-06
3770,4,4,0.9999996,9,2.3055325e-07
3771,8,8,0.99976945,2,0.00022926606
3772,2,2,0.9872977,7,0.012103005
3773,2,2,0.99999195,8,7.734324e-06
3774,0,0,0.99999696,6,1.1784853e-06
3775,2,2,0.9999996,8,1.8154137e-07
3776,5,5,0.9998627,8,0.00012922485
3777,1,1,0.9999159,4,3.3904565e-05
3778,5,8,0.55606776,5,0.43628302
3779,1,1,0.99998254,4,1.0060531e-05
3780,4,6,0.765405,4,0.23456654
3781,8,8,0.9999997,2,1.2502527e-07
3782,8,8,0.99996954,2,1.739832e-05
3783,9,9,0.9999884,8,6.4318183e-06
3784,1,1,0.99998266,7,6.9953617e-06
3785,2,2,0.9999704,1,2.4459354e-05
3786,1,1,0.9998949,8,5.8576697e-05
3787,3,3,0.99982214,8,0.000109600456
3788,5,5,0.99999994,3,4.4079744e-08
3789,1,1,0.9964517,8,0.003208136
3790,0,0,0.99999386,6,4.353541e-06
3791,9,9,0.9997519,4,0.00014390687
3792,4,4,0.9999983,5,1.3600518e-06
3793,4,4,0.9999986,9,9.74737e-07
3794,8,8,0.9982121,3,0.0017843733
3795,3,3,0.9999953,8,3.3364786e-06
3796,2,2,0.9748196,1,0.02431599
3797,5,5,0.9999997,9,2.7095956e-07
3798,9,9,0.9998861,4,6.6220855e-05
3799,7,7,0.9901744,2,0.0077779065
3800,6,6,0.99961954,8,0.00019687515
3801,6,6,0.99976134,4,0.0002246978
3802,2,2,0.9999998,8,8.122209e-08
3803,0,0,0.9998997,6,4.8746413e-05
3804,0,0,0.9999885,2,7.9146375e-06
3805,0,0,0.9999996,6,2.969034e-07
3806,5,8,0.89761424,5,0.10059074
3807,8,8,0.99999994,2,3.174907e-09
3808,7,8,0.849459,7,0.12974152
3809,1,1,0.99999887,7,6.382626e-07
3810,5,5,0.9999723,9,2.4982026e-05
3811,2,2,0.99998564,8,8.580761e-06
3812,3,3,0.99999994,8,2.7802178e-08
3813,8,8,0.99999994,5,1.7978515e-10
3814,5,5,0.99999994,9,4.4278607e-08
3815,1,1,0.99999064,8,7.460643e-06
3816,8,8,0.99999994,5,9.017511e-09
3817,2,2,0.9999909,8,7.748505e-06
3818,0,0,0.9891151,6,0.010722959
3819,4,4,0.99999994,9,3.6319832e-09
3820,9,9,0.9999592,0,1.9779609e-05
3821,9,4,0.5325615,9,0.46433124
3822,6,6,0.9999998,4,5.820768e-08
3823,2,2,0.999999,7,3.978202e-07
3824,3,3,0.9999998,5,1.5656192e-07
3825,3,3,0.9999997,5,1.8313055e-07
3826,5,5,0.9999992,8,6.276811e-07
3827,6,6,0.99999994,4,1.5579308e-09
3828,4,4,0.99999994,2,5.809486e-09
3829,8,8,0.9997654,2,0.00023450846
3830,0,0,0.9999997,2,1.7647085e-07
3831,9,9,0.8257255,8,0.17423096
3832,2,2,0.9999859,3,6.5887434e-06
3833,8,8,0.99969494,2,0.00015224103
3834,3,3,0.9999946,8,5.3164213e-06
3835,6,6,0.9999996,0,2.763562e-07
3836,7,7,0.9999371,4,6.280799e-05
3837,5,5,0.9999984,3,1.1443135e-06
3838,7,7,0.9983962,4,0.0009743466
3839,2,2,0.9999928,8,4.844883e-06
3840,9,9,0.99958163,4,0.00030300114
3841,4,4,0.99999994,2,1.1144419e-09
3842,9,9,0.99999684,3,1.117077e-06
3843,1,1,0.9999973,7,1.5227661e-06
3844,2,2,0.9999998,7,1.3916222e-07
3845,8,8,0.99999994,3,6.001792e-09
3846,6,6,0.9998007,4,0.00011423571
3847,0,0,0.9999743,2,2.509318e-05
3848,7,7,0.99992317,2,7.15532e-05
3849,0,0,0.9999997,6,2.865935e-07
3850,9,9,0.9144382,4,0.075339705
3851,1,1,0.99981046,8,9.484647e-05
3852,1,1,0.999978,7,1.379749e-05
3853,6,6,0.9075511,0,0.08433309
3854,7,7,0.9999977,3,9.859833e-07
3855,5,5,0.99995404,0,3.8233848e-05
3856,9,9,0.9990215,3,0.0008767271
3857,9,9,0.99999315,8,6.151716e-06
3858,1,1,0.99998623,7,9.114459e-06
3859,9,9,0.62009436,8,0.37508824
3860,5,5,0.99999505,6,4.4994345e-06
3861,9,9,0.99999756,8,1.9866964e-06
3862,2,2,0.9962988,7,0.002611823
3863,5,5,0.999981,6,1.8131617e-05
3864,0,0,0.9999971,2,1.6293698e-06
3865,4,4,0.99999994,2,4.352874e-08
3866,1,1,0.9999687,8,2.116658e-05
3867,0,0,0.999758,9,0.00013395028
3868,8,8,0.99999994,9,7.908853e-09
3869,9,9,0.99293745,4,0.0065105227
3870,0,0,0.99998826,2,7.63235e-06
3871,8,8,0.99987245,3,7.478128e-05
3872,9,9,0.99998146,8,1.8367626e-05
3873,8,8,0.99999875,5,1.0464025e-06
3874,9,9,0.99988276,8,8.441766e-05
3875,4,4,0.9999996,9,3.1773322e-07
3876,2,2,0.9999841,1,1.0870071e-05
3877,5,5,0.999994,9,4.6763644e-06
3878,7,7,0.9986974,9,0.0007828085
3879,9,9,0.999738,0,0.00017932357
3880,8,8,0.9999971,9,2.8350153e-06
3881,9,9,0.9996581,7,0.00018125272
3882,8,8,0.99999994,9,7.2542605e-10
3883,0,0,0.9999991,6,5.921572e-07
3884,9,9,0.999976,4,1.6097749e-05
3885,9,9,0.9999582,4,3.3194945e-05
3886,6,6,0.99999994,8,4.0406665e-08
3887,8,8,0.99999994,3,6.9584666e-10
3888,9,9,0.9999593,8,2.608415e-05
3889,9,9,0.99998695,8,1.0581167e-05
3890,5,5,0.99995154,8,4.5501583e-05
3891,9,9,0.9999649,8,3.4782162e-05
3892,8,8,0.99999994,2,1.3753143e-10
3893,5,5,0.9996273,6,0.00019256635
3894,1,1,0.99992543,8,3.8203743e-05
3895,0,0,0.99999577,8,2.2278377e-06
3896,3,3,0.9999998,5,1.0703396e-07
3897,3,3,0.99990207,8,9.4206975e-05
3898,5,5,0.9999997,3,9.544942e-08
3899,2,2,0.9999593,8,3.170089e-05
3900,1,1,0.99963963,7,0.00019397323
3901,6,6,0.9999991,8,5.327136e-07
3902,5,5,0.9939613,3,0.0059128073
3903,0,0,0.99999756,6,2.175491e-06
3904,2,2,0.99998933,8,8.143266e-06
3905,8,8,0.9999986,2,1.1152725e-06
3906,1,3,0.9992819,1,0.00038633365
3907,5,5,0.9999998,8,1.4422844e-07
3908,6,6,0.9999941,5,5.587948e-06
3909,2,2,0.99998623,7,1.0431658e-05
3910,3,3,0.9999954,5,4.5499823e-06
3911,0,0,0.99929285,2,0.0006826387
3912,2,2,0.9999997,4,2.5628992e-07
3913,2,2,0.9999991,0,5.769227e-07
3914,6,6,0.9999998,4,9.989572e-08
3915,4,4,0.9999992,9,3.6784053e-07
3916,3,3,0.99998945,8,1.0477714e-05
3917,5,5,0.99999994,3,2.2127304e-08
3918,5,5,0.9980712,9,0.001913371
3919,1,1,0.99998933,8,5.3019835e-06
3920,7,7,0.999999,2,6.078954e-07
3921,2,2,0.9999929,8,7.0460846e-06
3922,1,1,0.9999859,8,7.0652395e-06
3923,6,6,0.9999909,0,7.130052e-06
3924,9,9,0.99679965,8,0.0031986795
3925,1,1,0.9999452,4,2.1393025e-05
3926,9,9,0.756815,8,0.21855406
3927,9,9,0.99999815,8,1.7076072e-06
3928,5,5,0.9999953,6,4.3948285e-06
3929,5,5,0.9999998,3,1.0409845e-07
3930,1,1,0.9999748,9,9.956208e-06
3931,6,6,0.9999978,5,1.7740035e-06
3932,2,2,0.99999994,8,7.3669564e-09
3933,2,2,0.99999994,8,2.1415238e-09
3934,8,8,0.99999994,3,2.7345979e-09
3935,6,6,0.99999875,0,7.3151625e-07
3936,7,7,0.99992853,2,6.7974084e-05
3937,1,1,0.99989814,9,5.8178102e-05
3938,4,4,0.9997773,7,0.00014022632
3939,6,6,0.9408783,0,0.054163817
3940,0,0,0.99999636,6,1.7571732e-06
3941,4,4,0.8111471,6,0.17162251
3942,0,0,0.9999462,6,5.241449e-05
3943,3,3,0.992549,5,0.007439238
3944,3,3,0.9999997,5,2.760341e-07
3945,2,2,0.9999998,4,9.519399e-08
3946,2,2,0.99986815,1,7.6258504e-05
3947,3,3,0.99999994,8,1.6471366e-08
3948,6,6,0.9999947,5,4.242358e-06
3949,8,8,0.9999998,2,7.113197e-08
3950,9,9,0.9967892,8,0.0031458123
3951,8,8,0.9821889,7,0.008333113
3952,5,5,0.9999954,3,4.5713164e-06
3953,3,3,0.99999946,5,3.4406366e-07
3954,8,8,0.9999849,9,1.4710218e-05
3955,5,5,0.99999887,8,1.0318031e-06
3956,4,4,0.9999917,9,7.800032e-06
3957,5,5,0.9999996,3,4.1131264e-07
3958,2,2,0.99999887,8,7.9365213e-07
3959,0,0,0.99999934,6,3.550751e-07
3960,5,5,0.9999998,8,1.0985282e-07
3961,6,6,0.9997761,5,0.00019658888
3962,3,3,0.9975413,2,0.0011439086
3963,2,2,0.9999997,8,2.7207508e-07
3964,8,8,0.9999991,9,6.6654775e-07
3965,3,3,0.9999998,5,6.828688e-08
3966,9,9,0.99999875,4,1.0274345e-06
3967,9,9,0.9865366,8,0.011780983
3968,5,5,0.999482,8,0.00034966652
3969,7,7,0.9675094,3,0.023073263
3970,9,9,0.99776345,8,0.0022203552
3971,4,4,0.99515355,8,0.004608033
3972,6,6,0.99999386,5,4.0098516e-06
3973,7,7,0.9998112,3,0.000113923794
3974,1,1,0.9998574,7,4.5468067e-05
3975,3,3,0.9999998,5,7.4021855e-08
3976,7,7,0.9190758,9,0.031544805
3977,3,3,0.9999942,5,3.7163463e-06
3978,6,6,0.9999767,5,1.8425644e-05
3979,6,6,0.999999,5,9.19377e-07
3980,0,0,0.9999929,2,6.6619377e-06
3981,9,9,0.99988705,8,0.00010835117
3982,0,0,0.99999565,6,1.6703054e-06
3983,1,1,0.99997765,2,1.9874102e-05
3984,9,9,0.9883063,8,0.011688163
3985,9,9,0.96104795,4,0.0383872
3986,2,2,0.9999948,1,3.8749567e-06
3987,8,8,0.9999979,3,1.0458111e-06
3988,8,8,0.99999505,6,2.7089284e-06
3989,0,0,0.9999892,8,5.3509557e-06
3990,1,1,0.9999853,7,9.837549e-06
3991,6,6,0.999989,5,1.0520082e-05
3992,9,9,0.9999997,8,7.7528526e-08
3993,7,7,0.99989086,2,9.640795e-05
3994,5,5,0.9999047,8,9.520551e-05
3995,3,3,0.9910285,5,0.008971042
3996,4,4,0.99999636,7,3.3626632e-06
3997,7,7,0.999479,2,0.0004840328
3998,4,4,0.9999587,6,4.089476e-05
3999,9,9,0.9999983,4,1.3696617e-06
4000,9,9,0.998939,8,0.0010445394
4001,4,4,0.99958104,9,0.0004043958
4002,3,3,0.99988514,8,6.646172e-05
4003,6,6,0.99999815,5,8.2012644e-07
4004,3,3,0.9999996,5,3.600228e-07
4005,1,1,0.99994415,7,2.3571183e-05
4006,1,1,0.999825,8,8.9311616e-05
4007,7,7,0.88052464,9,0.04240924
4008,6,6,0.9999998,4,3.6629153e-08
4009,9,9,0.99991125,8,8.385254e-05
4010,1,1,0.99998206,8,6.285896e-06
4011,8,8,0.9999997,3,2.3560196e-07
4012,4,4,0.9999947,9,3.7062857e-06
4013,1,1,0.9999718,2,1.455377e-05
4014,1,1,0.99994427,8,1.7930714e-05
4015,9,9,0.9993007,5,0.0006701426
4016,9,9,0.99998385,8,1.1271585e-05
4017,4,8,0.6283969,4,0.37113592
4018,3,3,0.9991106,8,0.00053891336
4019,6,6,0.99999744,8,1.9167464e-06
4020,8,8,0.99999994,9,8.784058e-09
4021,1,1,0.99997944,2,1.1086526e-05
4022,6,6,0.99998885,5,1.08835975e-05
4023,0,0,0.9999996,6,2.418734e-07
4024,4,4,0.9999996,9,2.7669796e-07
4025,1,1,0.9999823,4,8.05737e-06
4026,3,3,0.99999994,8,2.9269556e-08
4027,7,7,0.95083845,1,0.036348067
4028,7,7,0.99974537,3,0.00019738554
4029,4,4,0.99893636,8,0.0010006854
4030,9,9,0.99993414,8,6.0428578e-05
4031,5,5,0.9999593,3,3.0425104e-05
4032,1,1,0.99997693,8,1.6379157e-05
4033,0,0,0.99999875,6,9.1246574e-07
4034,0,0,0.9999655,2,3.448193e-05
4035,1,1,0.9999891,7,4.226137e-06
4036,1,1,0.9999412,8,4.4413606e-05
4037,6,6,0.9957335,8,0.0037498074
4038,2,2,0.9999992,8,5.293212e-07
4039,1,1,0.99997586,2,1.19444085e-05
4040,9,9,0.9999915,4,5.0028043e-06
4041,8,8,0.9999997,3,1.8401676e-07
4042,4,4,0.99999994,5,6.835211e-10
4043,0,0,0.9999921,6,5.7694533e-06
4044,3,3,0.99969447,5,0.00030433253
4045,6,6,0.99999994,5,1.2954713e-08
4046,4,4,0.99999756,9,1.6684522e-06
4047,9,9,0.9998348,8,6.7603316e-05
4048,0,0,0.9993811,9,0.00060134515
4049,7,7,0.999934,3,5.0071205e-05
4050,1,1,0.99976707,9,0.0001127448
4051,6,6,0.9999996,0,2.3434703e-07
4052,5,5,0.99996704,3,3.1748394e-05
4053,7,7,0.9808806,4,0.0121871205
4054,5,5,0.9999996,3,3.5357183e-07
4055,2,2,0.9999624,8,2.0077252e-05
4056,5,5,0.99945056,9,0.00041139396
4057,1,1,0.999996,4,1.8794948e-06
4058,8,8,0.99999994,3,3.003019e-09
4059,5,5,0.99996084,8,3.594812e-05
4060,4,4,0.9999973,6,1.7059782e-06
4061,7,7,0.99974585,9,0.0002473552
4062,0,0,0.99999124,8,4.516153e-06
4063,6,6,0.90087676,5,0.08424596
4064,7,7,0.9994772,3,0.00044463738
4065,0,0,0.9870209,2,0.01240659
4066,2,2,0.9999903,3,6.889004e-06
4067,5,5,0.9994754,3,0.0005243263
4068,8,8,0.9999991,3,5.824293e-07
4069,1,1,0.9999921,8,3.4506318e-06
4070,0,0,0.9999996,9,1.3070186e-07
4071,4,4,0.9999606,9,2.1039637e-05
4072,5,5,0.99999887,3,1.0806307e-06
4073,7,7,0.99999624,3,1.638692e-06
4074,1,1,0.99988717,9,4.447754e-05
4075,8,8,0.90240365,6,0.09543015
4076,5,5,0.9999828,9,1.7115552e-05
4077,1,1,0.99995655,4,1.947166e-05
4078,9,8,0.89488244,2,0.086527154
4079,0,0,0.9998679,6,0.00013198004
4080,0,0,0.9999966,6,1.1835567e-06
4081,6,6,0.9985228,8,0.0012692892
4082,0,0,0.99998015,5,1.3534007e-05
4083,7,7,0.99990743,3,8.318492e-05
4084,3,3,0.99999756,8,1.3091286e-06
4085,1,1,0.99999195,8,2.309039e-06
4086,8,8,0.9999245,5,4.853956e-05
4087,3,3,0.999991,8,7.981291e-06
4088,9,9,0.9999792,4,1.6437907e-05
4089,7,7,0.99955755,3,0.00022738661
4090,0,0,0.99996203,6,3.1190484e-05
4091,0,0,0.9999302,9,4.9027265e-05
4092,8,8,0.9999946,5,3.3099054e-06
4093,9,9,0.99795616,4,0.0017859397
4094,5,5,0.99999934,3,2.2494542e-07
4095,9,9,0.9999973,4,2.0481289e-06
4096,8,8,0.99999994,2,1.893276e-09
4097,3,3,0.9999991,5,8.9053015e-07
4098,2,2,0.99984956,3,0.00014380843
4099,7,7,0.775586,3,0.12424586
4100,2,2,0.9943261,8,0.0040574092
4101,9,9,0.99988705,8,8.9198664e-05
4102,7,7,0.9999841,9,1.380426e-05
4103,2,2,0.9999426,8,4.6525245e-05
4104,1,1,0.9998405,8,6.953753e-05
4105,1,1,0.9997512,8,0.00017617339
4106,3,3,0.99999994,8,2.0781844e-08
4107,7,7,0.99966955,2,0.00030572416
4108,5,5,0.99999815,8,1.6121282e-06
4109,3,3,0.9999972,5,2.772466e-06
4110,1,1,0.99990505,8,6.394042e-05
4111,9,9,0.9969741,8,0.0017333488
4112,8,8,0.99996454,2,3.467716e-05
4113,2,2,0.99999994,8,3.4181156e-08
4114,2,2,0.9999556,1,3.372033e-05
4115,2,2,0.99999946,8,5.2144605e-07
4116,8,8,0.999947,6,5.000109e-05
4117,8,8,0.999934,2,6.433048e-05
4118,5,5,0.9999983,6,1.5806244e-06
4119,7,7,0.99981475,3,0.00014171269
4120,3,3,0.99993473,5,6.3546984e-05
4121,8,8,0.9999997,2,2.5424842e-07
4122,9,9,0.99999934,4,5.336972e-07
4123,8,8,0.99997777,3,2.0169044e-05
4124,8,8,0.9999983,0,9.694597e-07
4125,6,6,0.995461,4,0.004491462
4126,8,8,0.9948568,2,0.004733896
4127,2,2,0.99999994,1,2.1002203e-08
4128,3,3,0.99991745,5,8.117077e-05
4129,9,9,0.99797666,8,0.0019791897
4130,7,7,0.9996656,3,0.0002887675
4131,5,5,0.9999955,3,3.6153779e-06
4132,6,6,0.99998695,0,5.835784e-06
4133,2,2,0.99999994,8,2.2256488e-08
4134,9,9,0.9999189,8,6.6843575e-05
4135,2,2,0.9999909,8,5.5608602e-06
4136,8,8,0.999994,2,5.8152805e-06
4137,8,8,0.99999744,6,2.4160906e-06
4138,1,1,0.9999648,7,1.355042e-05
4139,6,6,0.99990636,4,9.284657e-05
4140,8,8,0.99900466,2,0.0009951815
4141,8,8,0.99964654,9,0.00035010302
4142,7,7,0.9684555,2,0.02556544
4143,9,9,0.99994,8,4.1909345e-05
4144,1,1,0.9999898,8,3.423082e-06
4145,8,8,0.999999,0,5.722321e-07
4146,0,0,0.99985266,6,0.00012550603
4147,1,1,0.99997085,7,9.89134e-06
4148,7,7,0.9998362,2,0.00015407953
4149,2,2,0.999991,0,7.1788368e-06
4150,0,0,0.9999936,2,6.1041196e-06
4151,7,7,0.99992675,9,6.116773e-05
4152,5,5,0.99978423,1,0.000113004324
4153,1,1,0.99999255,8,2.7192025e-06
4154,9,9,0.99463063,4,0.005020757
4155,0,0,0.9999991,6,6.595819e-07
4156,2,2,0.9956739,8,0.0033022962
4157,0,0,0.9999415,2,3.025928e-05
4158,9,9,0.9997926,5,0.00015827759
4159,8,8,0.9999741,3,2.3899882e-05
4160,6,6,0.99999744,8,1.446952e-06
4161,2,2,0.9999996,3,1.804078e-07
4162,3,3,0.99999994,8,1.0840535e-08
4163,9,9,0.75563514,0,0.18551189
4164,3,3,0.9999997,8,1.8017845e-07
4165,8,8,0.99929,6,0.00067962724
4166,0,0,0.9999977,8,1.7470145e-06
4167,2,2,0.9997628,8,0.00023496454
4168,1,1,0.9999878,8,5.5781534e-06
4169,1,1,0.99994653,8,3.83362e-05
4170,1,1,0.9998257,4,6.668053e-05
4171,1,1,0.9972536,8,0.0019774057
4172,4,4,0.9999921,9,5.614903e-06
4173,2,2,0.9999961,8,2.5033694e-06
4174,9,9,0.99980783,4,0.00011985159
4175,7,7,0.9999941,3,3.831716e-06
4176,2,7,0.9789784,2,0.020820398
4177,5,5,0.9995646,8,0.00025479004
4178,1,1,0.9999986,8,5.076467e-07
4179,1,1,0.99998075,8,8.602112e-06
4180,2,2,0.99982595,8,0.00010579802
4181,1,1,0.9999892,8,6.303145e-06
4182,9,9,0.99991304,4,7.819053e-05
4183,9,9,0.9999977,4,1.1864952e-06
4184,9,9,0.9999314,8,5.933551e-05
4185,1,1,0.99998826,7,5.7471907e-06
4186,0,0,0.99999946,2,4.26659e-07
4187,2,2,0.999947,0,3.8236423e-05
4188,0,0,0.9999829,2,1.6566166e-05
4189,2,2,0.99966395,8,0.000333044
4190,1,1,0.9999569,8,2.4097993e-05
4191,1,1,0.9999384,8,4.5329994e-05
4192,4,4,0.9999705,9,2.6669906e-05
4193,6,6,0.99920374,4,0.00079379376
4194,4,4,0.99805814,9,0.0019257364
4195,1,1,0.9999208,4,2.706611e-05
4196,5,5,0.9992042,3,0.00075812335
4197,4,4,0.9998338,2,0.00010114343
4198,9,9,0.9999675,4,3.1037813e-05
4199,7,7,0.93032646,2,0.038872637
4200,7,7,0.9999766,3,1.14785e-05
4201,1,1,0.9760575,7,0.016220368
4202,5,5,0.99999815,9,1.0470649e-06
4203,6,6,0.99999446,0,3.340207e-06
4204,2,2,0.99999934,1,2.6285545e-07
4205,2,2,0.8641659,8,0.09807519
4206,2,2,0.9999936,8,5.8734445e-06
4207,8,8,0.99914914,2,0.0008453761
4208,0,0,0.9999812,6,1.7087556e-05
4209,6,6,0.9999915,5,7.766316e-06
4210,9,9,0.99985623,8,0.0001333549
4211,6,6,0.97530866,8,0.016272817
4212,1,1,0.9982196,2,0.0011885012
4213,9,9,0.99941003,8,0.00058559317
4214,7,7,0.9999661,4,2.2850485e-05
4215,7,7,0.99996907,3,2.5047884e-05
4216,1,1,0.9998917,9,4.550615e-05
4217,4,4,0.99999994,8,2.5838029e-08
4218,8,8,0.99999934,2,5.14702e-07
4219,5,5,0.99999946,9,2.5079765e-07
4220,3,3,0.9999972,5,2.7684314e-06
4221,4,4,0.9999915,9,5.1612656e-06
4222,3,3,0.9999996,5,1.802807e-07
4223,4,4,0.9997966,8,0.00019374724
4224,9,9,0.8747074,7,0.10366269
4225,7,7,0.99996394,2,2.8679458e-05
4226,5,5,0.99999994,9,3.2307117e-08
4227,0,0,0.9999959,6,3.734105e-06
4228,7,7,0.9999828,2,1.4510606e-05
4229,4,4,0.9999998,8,7.706383e-08
4230,8,8,0.99998504,2,1.486104e-05
4231,8,8,0.9999898,9,5.227139e-06
4232,1,1,0.999714,8,0.00011863883
4233,5,5,0.9999903,9,9.57022e-06
4234,3,3,0.99999994,5,3.9407382e-08
4235,9,9,0.99999136,8,6.2129816e-06
4236,5,5,0.99999994,6,8.060485e-10
4237,9,9,0.99983597,4,0.00015826334
4238,7,3,0.74345034,7,0.25506267
4239,6,6,0.9999785,5,1.9637895e-05
4240,9,9,0.99999577,5,3.0517303e-06
4241,0,0,0.9999991,6,7.5793406e-07
4242,3,3,0.9999961,5,3.7767752e-06
4243,6,6,0.9999531,5,4.45801e-05
4244,3,3,0.9998412,7,0.00013187084
4245,9,9,0.99999374,8,5.745129e-06
4246,8,8,0.99999994,9,3.679504e-08
4247,2,2,0.9999972,8,2.4888677e-06
4248,2,2,0.9438146,8,0.031542886
4249,1,1,0.99997777,8,8.719461e-06
4250,2,2,0.99984217,7,0.000121142184
4251,8,8,0.99999994,3,4.2222023e-08
4252,6,6,0.99999434,5,5.4549664e-06
4253,8,8,0.9999998,2,6.196506e-08
4254,5,5,0.99982643,3,0.00017258176
4255,5,5,0.9927095,3,0.0072238646
4256,3,2,0.91554266,0,0.044085555
4257,9,9,0.9999959,8,2.739723e-06
4258,4,4,0.99999994,9,3.065287e-09
4259,9,9,0.9994639,4,0.00045737042
4260,2,2,0.99983716,7,0.00015845154
4261,5,5,0.9999979,8,1.2445743e-06
4262,1,1,0.99991316,2,8.3519335e-05
4263,5,5,0.9998904,3,0.00010947663
4264,1,1,0.99998456,4,6.557961e-06
4265,4,4,0.58580136,7,0.1972467
4266,4,4,0.9998787,9,0.000120656696
4267,1,1,0.9999955,8,2.1268047e-06
4268,4,4,0.99962527,5,0.00032992524
4269,4,4,0.998915,6,0.0010761344
4270,3,3,0.99999946,8,4.343403e-07
4271,5,5,0.9491599,3,0.05082554
4272,9,9,0.9999152,5,4.833291e-05
4273,1,1,0.9999549,9,1.8265353e-05
4274,2,2,0.99998385,8,1.30484605e-05
4275,2,2,0.9999998,8,6.498864e-08
4276,3,3,0.99999803,5,1.8890782e-06
4277,3,3,0.9998586,5,0.0001144768
4278,0,0,0.99999946,6,3.1775653e-07
4279,2,2,0.99992245,8,5.9673308e-05
4280,9,9,0.99998885,8,9.354666e-06
4281,0,0,0.99992675,2,6.490762e-05
4282,0,0,0.999914,8,7.761032e-05
4283,9,9,0.999953,8,4.6527457e-05
4284,9,5,0.98446345,3,0.010496632
4285,6,6,0.9991294,5,0.0008576027
4286,0,0,0.9999792,9,1.7386661e-05
4287,9,9,0.99935657,8,0.00027789408
4288,3,3,0.99999994,5,5.276477e-09
4289,2,2,0.98504525,8,0.014845807
4290,8,8,0.9999998,5,1.3751209e-07
4291,4,4,0.9998899,9,0.00010051338
4292,1,1,0.999991,2,6.7950823e-06
4293,9,9,0.9998811,4,8.7002496e-05
4294,9,9,0.6562039,7,0.34267548
4295,7,7,0.9984827,3,0.0012034682
4296,2,2,0.9999997,4,2.4050968e-07
4297,7,7,0.99980736,1,0.00014091423
4298,9,9,0.99999875,8,4.766899e-07
4299,9,9,0.9943158,8,0.0055826986
4300,5,5,0.99919826,8,0.00044847798
4301,9,9,0.99927783,8,0.00043086908
4302,5,5,0.9999936,3,5.698071e-06
4303,1,1,0.99999875,7,5.180642e-07
4304,1,1,0.9999853,8,7.137475e-06
4305,8,8,0.99999434,2,5.518131e-06
4306,3,3,0.9961796,8,0.0034932126
4307,5,5,0.99999994,9,1.9221236e-08
4308,1,1,0.9999936,8,4.22608e-06
4309,9,9,0.99983954,4,0.00015760404
4310,5,5,0.9999655,8,3.4314133e-05
4311,3,3,0.99999386,5,5.7793154e-06
4312,5,5,0.9999979,8,2.0298378e-06
4313,4,4,0.9955163,7,0.0018313052
4314,9,9,0.90702,8,0.09291144
4315,5,5,0.9999681,8,1.8553801e-05
4316,9,9,0.9999319,3,5.6472334e-05
4317,3,3,0.9995231,5,0.000405999
4318,1,1,0.99999267,2,5.2062783e-06
4319,9,9,0.999994,4,3.0167034e-06
4320,0,0,0.9999656,2,3.284956e-05
4321,9,9,0.9999078,3,6.8920264e-05
4322,7,7,0.9999636,2,3.267057e-05
4323,5,5,0.9996873,3,0.00030482793
4324,4,4,0.9999996,9,3.3002246e-07
4325,9,9,0.9975896,7,0.0018737852
4326,2,2,0.99999374,8,3.89923e-06
4327,0,0,0.9999458,9,5.0257608e-05
4328,1,1,0.99999624,8,2.3369557e-06
4329,0,0,0.9999061,6,8.9022324e-05
4330,5,5,0.99996275,8,3.4981786e-05
4331,1,1,0.99972,4,9.852199e-05
4332,4,4,0.99999994,5,2.2988095e-08
4333,9,9,0.99813384,5,0.00077711686
4334,3,3,0.9999977,5,2.2870163e-06
4335,3,3,0.9999942,8,2.7097167e-06
4336,6,6,0.9999998,8,6.9056256e-08
4337,1,1,0.99996597,8,1.6488355e-05
4338,5,5,0.9999998,3,1.1780745e-07
4339,2,2,0.9999916,7,5.7499456e-06
4340,5,5,0.9999997,3,2.6610064e-07
4341,2,2,0.999922,8,7.6020224e-05
4342,2,2,0.99968135,8,0.0003078175
4343,0,0,0.9999812,8,1.4785664e-05
4344,9,9,0.9976473,8,0.0011578646
4345,2,2,0.99999994,4,7.766014e-11
4346,6,6,0.999999,5,8.041433e-07
4347,6,6,0.9999996,5,3.0947118e-07
4348,0,0,0.9999942,2,5.6422587e-06
4349,1,1,0.99640965,8,0.0018594533
4350,2,2,0.9875398,8,0.012293179
4351,0,0,0.99999803,6,1.9541978e-06
4352,3,3,0.9999998,8,6.116902e-08
4353,0,0,0.99999815,2,1.3680167e-06
4354,2,2,0.99996656,7,2.6901465e-05
4355,5,5,0.9997401,3,0.00025983938
4356,5,5,0.9999978,6,1.3698752e-06
4357,7,7,0.9999959,2,1.903845e-06
4358,9,9,0.99571425,8,0.00360279
4359,5,5,0.99178725,7,0.0029681954
4360,5,5,0.9021795,3,0.097808145
4361,0,0,0.9999967,6,2.779451e-06
4362,8,8,0.99999994,2,4.0227338e-08
4363,9,9,0.9983856,5,0.0016130577
4364,5,5,0.9999997,8,2.697192e-07
4365,0,0,0.9999885,9,1.0197196e-05
4366,3,3,0.99999994,8,3.6213947e-08
4367,2,2,0.99995714,1,4.2656e-05
4368,5,5,0.99999565,3,2.2614624e-06
4369,9,9,0.97448915,4,0.015060206
4370,0,0,0.99999934,2,3.1211496e-07
4371,8,8,0.99999994,2,1.7173601e-08
4372,8,8,0.99999994,2,7.283139e-10
4373,4,4,0.98090404,2,0.018982852
4374,5,5,0.91267085,9,0.061613657
4375,8,8,0.9999998,2,1.3400546e-07
4376,8,8,0.99999994,3,1.6874038e-08
4377,4,4,0.9983741,9,0.0015914226
4378,5,5,0.99999994,8,2.2053097e-09
4379,4,4,0.9999997,9,1.270243e-07
4380,8,8,0.9896291,5,0.009669377
4381,5,5,0.99999994,3,3.7815429e-10
4382,4,4,0.9678221,9,0.030960973
4383,9,9,0.9994205,8,0.00056768977
4384,2,2,0.9998293,8,0.000115369294
4385,2,2,0.99999374,7,3.1147465e-06
4386,1,1,0.9999873,8,6.142348e-06
4387,2,2,0.99995035,1,4.712308e-05
4388,6,6,0.99999326,5,6.144857e-06
4389,8,8,0.9999961,9,1.5336716e-06
4390,8,8,0.99999374,2,3.6873676e-06
4391,7,7,0.9999923,9,4.1376406e-06
4392,0,0,0.99994045,9,5.7255784e-05
4393,3,3,0.9998541,5,0.0001401638
4394,6,6,0.99999934,4,4.4929166e-07
4395,6,6,0.9999965,4,3.1585296e-06
4396,4,4,0.99998754,8,1.0742402e-05
4397,3,3,0.9999992,8,3.5625507e-07
4398,8,8,0.9999997,2,2.2100147e-07
4399,8,8,0.9999984,0,8.5030854e-07
4400,7,7,0.99641246,2,0.0026568868
4401,2,2,0.99941266,3,0.000370264
4402,2,2,0.99999994,1,1.2323736e-08
4403,0,0,0.99995214,9,2.7264216e-05
4404,0,0,0.9999986,6,9.79579e-07
4405,9,9,0.99419165,4,0.005012407
4406,3,3,0.99999994,5,1.7613285e-08
4407,9,9,0.99999744,7,1.4868616e-06
4408,9,9,0.9990389,4,0.00077508425
4409,1,1,0.9999966,2,2.3977552e-06
4410,9,9,0.99897027,8,0.0010293456
4411,8,8,0.99999994,3,1.3050312e-09
4412,6,6,0.99999946,8,1.5454216e-07
4413,6,6,0.9974744,5,0.002026527
4414,4,4,0.99999696,9,2.3023595e-06
4415,2,2,0.99998826,0,1.0048287e-05
4416,6,6,0.99999994,0,1.0465065e-08
4417,9,9,0.9999992,8,3.9831266e-07
4418,2,2,0.99999994,0,4.2438706e-09
4419,8,8,0.99999696,5,2.1166986e-06
4420,5,5,0.99999946,3,3.1050496e-07
4421,4,4,0.9999983,9,1.39396e-06
4422,5,5,0.9999986,3,1.2692905e-06
4423,7,7,0.9999997,2,2.4474627e-07
4424,9,9,0.9991587,8,0.00080914487
4425,9,9,0.99902683,4,0.00070132053
4426,9,9,0.99997455,8,2.4820503e-05
4427,2,2,0.99995047,8,2.7024975e-05
4428,1,1,0.9999922,8,4.775593e-06
4429,8,8,0.9998443,5,0.0001225272
4430,3,3,0.99999994,8,7.339943e-09
4431,4,4,0.9999487,9,3.406676e-05
4432,0,0,0.9998999,6,9.1766735e-05
4433,7,7,0.98261845,2,0.017213432
4434,8,8,0.99999017,3,9.433345e-06
4435,3,3,0.99999875,7,8.411136e-07
4436,9,9,0.9999899,3,7.153475e-06
4437,3,3,0.99977565,2,0.00017649688
4438,4,4,0.9862537,9,0.010026265
4439,6,6,0.99386156,4,0.006112749
4440,5,5,0.9999986,9,7.836908e-07
4441,6,6,0.9999885,4,1.1410075e-05
4442,2,2,0.99999565,1,4.203206e-06
4443,3,3,0.9969291,2,0.0015843618
4444,9,9,0.9967323,8,0.003146893
4445,2,2,0.99999696,3,2.402918e-06
4446,6,6,0.99999994,5,3.081403e-08
4447,0,0,0.9999916,9,2.7111676e-06
4448,0,0,0.9999992,2,4.764197e-07
4449,6,6,0.9998534,8,0.00014374714
4450,1,1,0.999971,4,9.571596e-06
4451,2,2,0.9995143,7,0.00019198113
4452,8,8,0.99999887,2,9.916122e-07
4453,7,7,0.99986863,9,8.876382e-05
4454,9,9,0.917536,8,0.081474096
4455,8,8,0.99992496,2,6.7579305e-05
4456,2,2,0.9999991,8,6.7038667e-07
4457,0,0,0.99999803,2,1.3978762e-06
4458,4,4,0.9998813,9,0.000111857786
4459,7,7,0.99974036,2,0.00012992151
4460,7,7,0.84218377,3,0.12947989
4461,5,5,0.99996,3,1.8479466e-05
4462,0,0,0.99999875,6,1.0999219e-06
4463,5,5,0.9999872,9,1.0129596e-05
4464,6,6,0.99999994,4,3.0622058e-10
4465,4,4,0.99964607,2,0.00035388247
4466,6,6,0.9999997,5,1.947142e-07
4467,7,7,0.99999446,9,3.6832544e-06
4468,4,4,0.9999973,7,1.1865128e-06
4469,3,3,0.9971499,8,0.001400289
4470,0,0,0.9999389,8,5.2878375e-05
4471,7,7,0.99976087,3,0.00016499562
4472,5,5,0.99998194,8,1.791209e-05
4473,0,0,0.9999985,6,9.0534047e-07
4474,7,7,0.99997824,2,1.8846695e-05
4475,4,4,0.99999994,8,3.1855784e-08
4476,2,2,0.99999756,1,2.124816e-06
4477,0,0,0.89320713,6,0.10672214
4478,8,8,0.9999997,6,2.6921887e-07
4479,9,9,0.99770176,7,0.0013039297
4480,9,9,0.9999978,5,9.5013445e-07
4481,4,4,0.9994563,7,0.00044123904
4482,2,2,0.99999136,0,7.1553955e-06
4483,4,4,0.99868035,9,0.0013010188
4484,6,6,0.9999998,5,8.0785625e-08
4485,7,7,0.9999847,8,6.885097e-06
4486,8,8,0.9999985,2,4.4926767e-07
4487,7,2,0.61192447,7,0.31094068
4488,6,6,0.99971557,5,0.00028076966
4489,9,9,0.99715966,8,0.002638463
4490,4,4,0.99999994,9,1.6226304e-08
4491,1,1,0.99962014,2,0.0002074875
4492,3,3,0.9999998,8,1.149089e-07
4493,7,7,0.99658376,3,0.0023276103
4494,3,3,0.99935406,5,0.00064132025
4495,0,0,0.9999996,2,2.0451499e-07
4496,8,8,0.99999994,9,4.8801695e-08
4497,8,8,0.79634076,7,0.20032485
4498,7,7,0.989878,2,0.009678617
4499,6,6,0.9998467,0,0.00015247439
4500,9,9,0.928359,1,0.05236831
4501,3,3,0.9999992,5,7.190157e-07
4502,9,9,0.9999923,4,4.20949e-06
4503,2,2,0.9999955,1,3.2154644e-06
4504,2,2,0.9590601,7,0.040895022
4505,9,9,0.9467153,3,0.03581364
4506,2,2,0.999991,0,4.2004735e-06
4507,1,2,0.8321465,8,0.13120031
4508,8,8,0.99999994,3,3.0199347e-09
4509,3,3,0.99988216,8,0.000106307045
4510,2,2,0.9999899,8,6.3448115e-06
4511,9,9,0.99937147,4,0.00054788403
4512,6,6,0.9999965,5,3.347842e-06
4513,8,8,0.99991375,5,7.466173e-05
4514,4,4,0.9993778,8,0.0004167131
4515,0,0,0.99997,9,1.6244609e-05
4516,1,1,0.99989027,8,5.3292595e-05
4517,2,2,0.9999997,3,9.165706e-08
4518,8,8,0.99999946,3,4.1886898e-07
4519,4,4,0.99978304,9,0.00017514771
4520,5,5,0.9999768,9,2.2300073e-05
4521,2,2,0.99939215,7,0.0005943229
4522,7,7,0.9999116,3,7.7157165e-05
4523,8,8,0.9999984,0,7.484949e-07
4524,1,1,0.9999613,7,1.7262126e-05
4525,1,1,0.9999966,7,1.2105971e-06
4526,3,3,0.9999921,8,4.255536e-06
4527,0,0,0.9999979,2,1.0641864e-06
4528,3,3,0.9979012,5,0.0020976954
4529,5,5,0.99999994,8,2.4056328e-08
4530,7,7,0.9999873,2,7.738448e-06
4531,0,0,0.9999915,6,7.175309e-06
4532,3,3,0.9999998,5,7.824681e-08
4533,1,1,0.9999209,8,4.331625e-05
4534,9,9,0.9978264,8,0.0021643308
4535,3,3,0.99999815,5,1.7046216e-06
4536,6,5,0.5363589,6,0.46261814
4537,3,3,0.99999994,5,1.5629645e-08
4538,1,1,0.9987055,2,0.0011127396
4539,7,7,0.9998288,3,9.288524e-05
4540,7,7,0.9998188,2,8.349871e-05
4541,3,3,0.9999998,5,6.651762e-08
4542,0,0,0.9999998,2,6.018083e-08
4543,8,8,0.999999,3,8.306045e-07
4544,4,4,0.99999946,6,4.8452034e-07
4545,8,8,0.9999997,3,1.733017e-07
4546,2,2,0.99999017,8,9.657447e-06
4547,6,6,0.9978271,4,0.0020672302
4548,5,5,0.8825934,6,0.116164446
4549,2,2,0.9999998,7,1.2102345e-07
4550,9,9,0.999968,8,2.8680613e-05
4551,7,7,0.9962594,4,0.0036526131
4552,3,3,0.99978495,5,0.00019727273
4553,9,9,0.99999815,3,8.651678e-07
4554,0,0,0.99501085,9,0.0048732823
4555,9,9,0.99985695,5,5.591705e-05
4556,9,9,0.9999618,8,3.0381601e-05
4557,6,6,0.99999994,8,3.44591e-08
4558,4,4,0.9989099,6,0.0010727695
4559,2,2,0.9999996,8,2.0028637e-07
4560,9,9,0.9999377,8,4.549015e-05
4561,7,7,0.9999084,2,4.2671334e-05
4562,2,2,0.9999985,0,1.3183109e-06
4563,1,1,0.9963605,2,0.0034983046
4564,1,1,0.9999917,8,5.891778e-06
4565,6,6,0.99999124,5,7.5678727e-06
4566,7,7,0.9983051,2,0.0015717829
4567,4,4,0.74066347,9,0.25885013
4568,7,7,0.99964285,2,0.00023354196
4569,5,5,0.99999386,8,3.2630192e-06
4570,9,9,0.99989325,4,7.619848e-05
4571,6,6,0.8503866,8,0.103547126
4572,8,8,0.99999803,2,1.9229267e-06
4573,2,2,0.9998835,0,7.3766016e-05
4574,1,1,0.999653,2,0.00012778807
4575,4,4,0.9945602,9,0.001913993
4576,4,4,0.99999994,2,5.5160406e-08
4577,5,5,0.9999475,8,5.1998435e-05
4578,7,7,0.98925155,9,0.005933712
4579,6,6,0.99984145,5,0.00014280222
4580,1,1,0.9999904,7,6.25298e-06
4581,3,3,0.99999994,5,4.529425e-08
4582,2,2,0.9999997,8,1.8385852e-07
4583,5,5,0.9999967,8,2.8524632e-06
4584,9,9,0.9996743,8,0.00028089815
4585,9,9,0.9985124,4,0.0014319699
4586,3,3,0.99994284,5,3.6341255e-05
4587,6,6,0.9999997,5,1.6518942e-07
4588,1,1,0.9999698,8,2.1501875e-05
4589,1,1,0.9999986,7,8.948664e-07
4590,4,4,0.9999984,9,9.721261e-07
4591,6,6,0.9999983,4,1.1561459e-06
4592,9,9,0.99981,4,0.00018112698
4593,7,7,0.99994713,2,2.9875988e-05
4594,2,2,0.9982736,7,0.0009230346
4595,1,1,0.99995977,8,2.151245e-05
4596,5,5,0.9999998,9,9.2386514e-08
4597,1,1,0.9999644,7,3.0294825e-05
4598,4,4,0.99985194,9,0.00014538591
4599,6,6,0.9999991,5,7.3537615e-07
4600,3,3,0.99999994,5,1.0105814e-09
4601,8,8,0.99991447,4,8.3975974e-05
4602,1,1,0.9999985,2,7.248287e-07
4603,1,1,0.99995977,8,1.3076337e-05
4604,0,0,0.99724656,6,0.0024903778
4605,3,3,0.99999684,5,2.4085687e-06
4606,1,1,0.9999966,2,2.14387e-06
4607,6,6,0.9999997,5,1.9190178e-07
4608,8,8,0.9999991,6,4.4763297e-07
4609,4,4,0.99893206,8,0.0010662384
4610,9,9,0.9999631,8,2.785624e-05
4611,0,0,0.9999978,6,1.8111658e-06
4612,7,7,0.9999921,3,3.7966254e-06
4613,3,3,0.99999946,8,2.924545e-07
4614,0,0,0.99999887,6,9.604217e-07
4615,2,2,0.99997455,4,2.3122988e-05
4616,9,9,0.99999803,8,1.0185703e-06
4617,0,0,0.9999984,6,1.4825021e-06
4618,6,6,0.99999815,0,7.338552e-07
4619,6,6,0.9889757,5,0.008385895
4620,6,6,0.68863195,2,0.20518382
4621,3,3,0.99999994,5,5.8774168e-09
4622,6,6,0.9999998,5,8.0729556e-08
4623,7,7,0.999994,9,2.4881028e-06
4624,7,7,0.9985604,2,0.0011306654
4625,2,2,0.9999879,8,6.6753864e-06
4626,8,8,0.99999744,2,2.5276745e-06
4627,6,6,0.9999996,4,1.3153841e-07
4628,0,0,0.99999934,6,5.5276735e-07
4629,8,8,0.99999994,2,3.5215436e-08
4630,3,3,0.9995542,5,0.000380545
4631,0,0,0.99999934,2,1.9785986e-07
4632,2,2,0.9999266,3,6.106299e-05
4633,9,9,0.99960655,8,0.000226704
4634,8,8,0.99999994,9,2.7713128e-08
4635,3,3,0.99014443,5,0.009855029
4636,2,2,0.99999994,1,1.805916e-08
4637,5,5,0.9999998,8,1.193975e-07
4638,3,3,0.9999996,5,4.0472156e-07
4639,8,9,0.5218487,8,0.47796687
4640,8,8,0.99994224,2,2.8067603e-05
4641,0,0,0.99999076,6,5.171525e-06
4642,0,0,0.999993,8,2.819987e-06
4643,1,1,0.9986701,8,0.0005793738
4644,9,9,0.9999705,7,1.6765583e-05
4645,5,5,0.99999565,8,4.2472398e-06
4646,1,1,0.9998658,9,4.5606415e-05
4647,3,3,0.9999986,5,9.036008e-07
4648,9,9,0.9999983,8,1.1110735e-06
4649,6,6,0.9999967,5,2.1546434e-06
4650,0,0,0.99999636,6,3.1840973e-06
4651,1,1,0.9999853,8,4.9046353e-06
4652,4,4,0.99999183,2,7.963764e-06
4653,1,1,0.99985933,8,8.815988e-05
4654,7,7,0.9999891,3,7.881313e-06
4655,1,1,0.9996921,8,0.00011997207
4656,2,2,0.99999815,7,1.7846248e-06
4657,3,3,0.99999446,8,5.44759e-06
4658,7,7,0.99935573,2,0.00064004184
4659,9,9,0.999957,4,3.057982e-05
4660,7,7,0.7338603,3,0.2603013
4661,4,4,0.99999994,9,1.4019947e-08
4662,9,9,0.9991375,7,0.00048841664
4663,9,9,0.999958,4,2.8714594e-05
4664,3,3,0.9999947,8,3.6826195e-06
4665,9,9,0.9991608,8,0.0008281675
4666,2,2,0.99999994,8,4.2479783e-08
4667,8,8,0.99999994,2,3.6901338e-10
4668,2,2,0.9999601,4,3.4456796e-05
4669,7,7,0.9999942,2,2.3187959e-06
4670,1,1,0.9999955,7,3.6305287e-06
4671,8,8,0.99988705,3,7.9370126e-05
4672,0,0,0.99999565,6,3.9172546e-06
4673,9,9,0.9937184,8,0.0062806816
4674,1,1,0.9999059,2,8.793122e-05
4675,0,0,0.9999986,8,7.4468517e-07
4676,1,1,0.99993557,8,1.5438925e-05
4677,7,7,0.9994575,3,0.00045473792
4678,7,7,0.99998325,3,8.162384e-06
4679,9,9,0.99994606,7,2.3805449e-05
4680,6,6,0.99999994,4,1.6128452e-09
4681,9,9,0.9972254,4,0.0013084549
4682,9,9,0.99999326,4,2.406799e-06
4683,9,9,0.99998873,8,5.0920808e-06
4684,2,2,0.9999413,8,5.7984966e-05
4685,1,1,0.99995726,8,2.3436061e-05
4686,6,6,0.9999998,0,5.7376997e-08
4687,1,1,0.99999183,8,4.244531e-06
4688,3,3,0.99999994,5,1.9419343e-08
4689,5,5,0.9999997,6,2.0208473e-07
4690,7,7,0.9966485,2,0.0032176469
4691,1,1,0.9999909,2,6.8096642e-06
4692,9,9,0.99632543,5,0.0036103686
4693,7,7,0.99995965,9,3.7914928e-05
4694,6,6,0.9999996,5,3.831885e-07
4695,4,4,0.9999961,9,3.6171596e-06
4696,5,5,0.9916022,3,0.008361004
4697,7,7,0.9990439,2,0.0008822422
4698,6,6,0.9999959,8,2.6786117e-06
4699,6,1,0.90557855,6,0.08747532
4700,9,9,0.99999946,8,3.4267686e-07
4701,9,9,0.9999998,4,7.1196034e-08
4702,6,6,0.9999923,8,6.3212e-06
4703,3,3,0.9999997,5,2.1806478e-07
4704,6,6,0.99983096,5,0.00015749106
4705,2,2,0.99999994,8,1.9505466e-08
4706,9,9,0.9999605,4,3.2750762e-05
4707,8,8,0.99999994,9,3.979016e-08
4708,1,1,0.99994606,8,4.338825e-05
4709,2,2,0.99999994,1,1.0252303e-08
4710,2,2,0.99999696,8,2.4713718e-06
4711,5,5,0.99999505,8,4.871925e-06
4712,5,5,0.9996767,9,0.0003232836
4713,2,2,0.9949524,6,0.0045309374
4714,3,3,0.9999996,5,3.1702677e-07
4715,7,7,0.9997108,2,0.00026154192
4716,2,2,0.9999806,8,1.863916e-05
4717,1,1,0.9999983,7,1.046993e-06
4718,0,0,0.9999997,2,1.868114e-07
4719,1,1,0.99994725,7,3.5003097e-05
4720,0,0,0.9999425,2,5.143641e-05
4721,4,4,0.999988,6,7.2658413e-06
4722,5,5,0.9992676,3,0.0007305967
4723,2,2,0.89064306,3,0.10911892
4724,8,8,0.9998734,6,9.12623e-05
4725,2,2,0.9999921,7,4.4020544e-06
4726,8,8,0.9999998,2,6.578356e-08
4727,3,3,0.99999934,8,5.3487474e-07
4728,5,5,0.9998572,8,0.00013895097
4729,1,1,0.9996692,4,0.00016639389
4730,7,7,0.99993426,3,3.9643e-05
4731,8,8,0.99225926,3,0.00521481
4732,1,1,0.99999255,2,5.1861484e-06
4733,1,1,0.9999983,7,1.3538905e-06
4734,2,2,0.9999929,8,6.7919914e-06
4735,9,9,0.99968493,4,0.00029366545
4736,7,7,0.9980559,2,0.0019439358
4737,8,8,0.9935311,6,0.0062973937
4738,4,4,0.99622315,6,0.0032266008
4739,0,0,0.9983894,2,0.0011018493
4740,3,5,0.7287777,3,0.27035937
4741,0,0,0.9999853,6,1.467984e-05
4742,7,7,0.99953586,3,0.00020130382
4743,8,8,0.97803193,6,0.019371321
4744,8,8,0.99999946,3,3.300061e-07
4745,4,4,0.9999879,2,8.447176e-06
4746,7,7,0.99998814,4,1.0762753e-05
4747,7,7,0.9999643,3,3.2356827e-05
4748,8,8,0.99999994,2,1.8942739e-08
4749,5,5,0.9999978,8,1.1578778e-06
4750,8,8,0.99999994,3,2.991655e-08
4751,4,4,0.9925755,6,0.0064227805
4752,9,9,0.99998826,3,5.235727e-06
4753,8,8,0.99999994,3,8.3879e-09
4754,1,1,0.9997102,8,0.00019047523
4755,3,3,0.99998194,5,1.6510192e-05
4756,8,8,0.9999992,2,7.1667915e-07
4757,0,0,0.9999948,9,4.261221e-06
4758,3,3,0.99999946,8,4.731561e-07
4759,1,1,0.9952862,4,0.0020570636
4760,7,7,0.9991905,3,0.0005199791
4761,9,8,0.9298211,9,0.069169536
4762,5,5,0.9999991,3,8.58133e-07
4763,5,5,0.9968899,6,0.0030470127
4764,1,1,0.99999815,7,9.980077e-07
4765,6,6,0.9999996,5,4.0811256e-07
4766,5,5,0.9999997,3,2.759167e-07
4767,7,7,0.9998152,3,0.0001453006
4768,4,4,0.999999,6,5.096746e-07
4769,9,9,0.99999803,4,1.2727625e-06
4770,3,3,0.9999998,5,7.638467e-08
4771,5,5,0.99978685,8,0.00011341781
4772,4,4,0.9999196,8,5.1572762e-05
4773,7,7,0.99977565,3,0.00020590817
4774,1,1,0.9999694,9,1.2634378e-05
4775,2,2,0.9999998,1,1.1558957e-07
4776,0,0,0.99990374,6,6.337435e-05
4777,8,8,0.99993557,5,5.6493605e-05
4778,1,1,0.9999134,4,3.3062188e-05
4779,6,6,0.99999994,4,1.19438e-08
4780,0,0,0.9999997,2,2.5131558e-07
4781,7,7,0.9999897,3,1.0185905e-05
4782,3,3,0.9999997,9,1.0587418e-07
4783,4,4,0.9215391,9,0.07840743
4784,7,7,0.9999972,2,1.922025e-06
4785,3,3,0.99994093,8,5.865475e-05
4786,9,9,0.9999942,8,5.0159315e-06
4787,6,6,0.9999998,5,6.657639e-08
4788,0,0,0.99991363,6,7.394426e-05
4789,8,8,0.9999886,5,1.0973025e-05
4790,6,6,0.99999315,5,4.456074e-06
4791,4,4,0.9999922,2,4.374472e-06
4792,8,8,0.99999994,2,2.0714704e-10
4793,7,7,0.9999848,9,9.686274e-06
4794,7,7,0.99998766,4,9.586134e-06
4795,9,9,0.9999942,8,4.1827584e-06
4796,3,3,0.9999581,8,4.14771e-05
4797,8,8,0.9999997,3,1.1865094e-07
4798,6,6,0.99358606,5,0.0033570263
4799,9,9,0.9999446,8,4.6273293e-05
4800,7,7,0.9999469,3,4.726456e-05
4801,2,2,0.9999984,1,1.5925901e-06
4802,3,3,0.99999255,5,4.6975447e-06
4803,4,4,0.9999985,1,6.0907894e-07
4804,0,0,0.99144983,6,0.005256486
4805,2,2,0.99999994,8,9.919849e-09
4806,1,1,0.99997455,4,9.1523125e-06
4807,8,8,0.9724268,0,0.02587297
4808,3,3,0.9997916,5,0.00020492608
4809,5,5,0.9999967,8,2.6229197e-06
4810,5,5,0.9999977,8,1.3795716e-06
4811,7,7,0.99998945,2,8.402365e-06
4812,2,2,0.9999967,1,2.884535e-06
4813,4,4,0.99987125,8,0.00011584978
4814,6,6,0.93212616,4,0.03518151
4815,7,7,0.9987745,9,0.00073019235
4816,2,2,0.99145246,4,0.007663396
4817,8,8,0.9999997,3,2.4410198e-07
4818,3,3,0.99999994,5,6.048769e-10
4819,0,0,0.99996537,8,2.8423714e-05
4820,8,8,0.9999997,9,1.7273129e-07
4821,7,7,0.9999991,9,4.0201093e-07
4822,8,8,0.9999983,2,1.5935684e-06
4823,9,4,0.6288013,9,0.31800628
4824,0,0,0.99999064,2,5.8366854e-06
4825,8,8,0.9999929,9,2.8858092e-06
4826,4,4,0.9986806,9,0.0010791105
4827,4,4,0.999991,8,8.465839e-06
4828,5,5,0.9999998,6,1.3042721e-07
4829,8,8,0.99999386,5,4.919251e-06
4830,5,5,0.9999644,9,3.5538487e-05
4831,6,6,0.99999684,5,2.610291e-06
4832,6,6,0.99999815,5,1.2030741e-06
4833,3,3,0.9998873,8,0.000103739854
4834,0,0,0.9999984,6,1.4420891e-06
4835,9,9,0.9999972,8,2.1145584e-06
4836,3,3,0.99997133,5,2.8328895e-05
4837,7,7,0.6246378,2,0.37125888
4838,6,6,0.52746403,8,0.2684588
4839,8,8,0.999927,2,5.9038237e-05
4840,9,9,0.99998957,4,5.794688e-06
4841,3,3,0.9990209,8,0.0009723799
4842,4,4,0.99999887,8,7.7580717e-07
4843,9,9,0.9999922,4,4.03066e-06
4844,5,5,0.99999744,3,2.493304e-06
4845,8,8,0.9999998,3,9.645325e-08
4846,9,9,0.99987555,4,8.6491906e-05
4847,1,1,0.9999623,4,2.5623514e-05
4848,2,2,0.9999967,8,3.1831146e-06
4849,8,8,0.99999994,6,4.5155327e-10
4850,8,8,0.99999994,9,4.0930384e-09
4851,6,6,0.99986243,8,0.00013430581
4852,8,8,0.9991263,5,0.000647607
4853,1,1,0.9999923,8,3.8328208e-06
4854,3,3,0.9999922,5,7.7764535e-06
4855,7,7,0.999878,3,9.457179e-05
4856,9,9,0.99982095,7,0.0001325207
4857,0,0,0.9998937,8,7.383934e-05
4858,1,1,0.99985576,8,8.722776e-05
4859,1,1,0.9999544,8,2.47507e-05
4860,4,9,0.6034354,4,0.394472
4861,7,7,0.98880494,3,0.009346579
4862,0,0,0.99999744,2,1.0720182e-06
4863,8,8,0.99986315,3,7.675485e-05
4864,1,1,0.99994487,7,2.0270658e-05
4865,7,7,0.9999638,8,2.338975e-05
4866,4,4,0.9999935,9,5.8980063e-06
4867,5,5,0.9999998,3,1.4391394e-07
4868,7,7,0.9989025,2,0.00088108366
4869,1,1,0.9997711,8,0.00017956381
4870,2,2,0.99999994,8,1.5536497e-08
4871,1,1,0.9998691,8,3.492701e-05
4872,1,1,0.9999991,7,7.403363e-07
4873,3,3,0.9999979,8,1.8166169e-06
4874,9,9,0.89773697,0,0.09227705
4875,6,6,0.99999946,8,2.0046788e-07
4876,2,2,0.9999822,4,1.7208966e-05
4877,1,1,0.99987006,4,4.4826684e-05
4878,2,2,0.9999998,8,6.4237746e-08
4879,8,8,0.94773227,6,0.052228976
4880,0,0,0.996993,8,0.0028483237
4881,7,7,0.9939824,2,0.0045038746
4882,6,6,0.9999425,5,5.0983494e-05
4883,6,6,0.99999887,5,6.4255244e-07
4884,9,9,0.999978,4,1.5266312e-05
4885,3,3,0.9999996,8,3.0999962e-07
4886,7,7,0.98755175,2,0.009001816
4887,0,0,0.999993,8,3.0585252e-06
4888,5,5,0.9911175,6,0.006971587
4889,2,2,0.9999992,1,5.853835e-07
4890,8,8,0.99995595,6,4.307221e-05
4891,0,0,0.9999979,6,2.0083376e-06
4892,5,5,0.99999994,9,2.06934e-08
4893,4,4,0.9999661,9,2.9575802e-05
4894,3,3,0.99997324,5,2.6714579e-05
4895,8,8,0.9999998,2,5.6636004e-08
4896,4,4,0.99999076,2,7.898113e-06
4897,6,6,0.99947995,5,0.0004827284
4898,6,6,0.99994725,5,4.2456955e-05
4899,2,2,0.9999837,8,1.6216103e-05
4900,7,7,0.9998207,9,0.00010727993
4901,9,9,0.9999797,8,1.2514183e-05
4902,5,5,0.99997836,3,2.1102567e-05
4903,1,1,0.99995893,6,1.3065132e-05
4904,3,3,0.9999978,8,1.8132657e-06
4905,2,2,0.9999898,8,5.2696532e-06
4906,4,4,0.9999978,1,7.716152e-07
4907,3,3,0.9997474,5,0.00020172505
4908,6,6,0.99999624,5,3.5850223e-06
4909,1,1,0.9987712,4,0.0011309165
4910,9,9,0.9999326,4,5.9356807e-05
4911,4,4,0.79592085,9,0.20312004
4912,4,4,0.9999904,8,8.689263e-06
4913,7,7,0.99924076,2,0.0005274924
4914,6,6,0.9999998,5,1.0141294e-07
4915,5,5,0.99974716,8,0.00018620538
4916,4,4,0.99999946,8,3.902613e-07
4917,1,1,0.9999979,7,1.1305456e-06
4918,9,9,0.99967337,0,0.00011166826
4919,9,9,0.99998504,5,6.236242e-06
4920,2,2,0.9999998,8,1.1967178e-07
4921,7,7,0.99044555,2,0.005369628
4922,8,8,0.9999992,2,4.784947e-07
4923,0,0,0.99995214,6,3.9458133e-05
4924,1,1,0.9937818,2,0.0058231708
4925,3,3,0.9999986,5,1.3494555e-06
4926,6,6,0.9999998,5,6.295912e-08
4927,1,1,0.99996096,9,1.7983244e-05
4928,3,3,0.99999994,8,3.735664e-09
4929,4,4,0.99741197,6,0.0012002909
4930,1,1,0.9999688,8,1.08567165e-05
4931,1,1,0.99996716,7,1.6284892e-05
4932,1,1,0.9999992,2,5.072332e-07
4933,5,5,0.9999996,9,2.900265e-07
4934,6,6,0.99953777,5,0.0004538336
4935,0,0,0.9999991,2,4.9309176e-07
4936,7,7,0.9990891,3,0.00052175776
4937,0,0,0.9999818,9,1.3397444e-05
4938,7,7,0.9999581,3,2.046236e-05
4939,2,2,0.99950284,7,0.0003412729
4940,3,3,0.99999994,5,1.3011917e-08
4941,2,2,0.9999835,3,1.16262745e-05
4942,5,5,0.9997935,3,0.00018779965
4943,2,2,0.9994494,8,0.00049954455
4944,2,2,0.99998873,8,6.8559084e-06
4945,9,9,0.99999255,8,5.8900578e-06
4946,4,4,0.99999946,8,2.1002504e-07
4947,9,9,0.99967444,8,0.0003247042
4948,8,8,0.99999934,9,5.969127e-07
4949,1,1,0.9999855,8,6.476739e-06
4950,2,2,0.9962019,8,0.0031785364
4951,1,1,0.99915594,7,0.00047733932
4952,6,6,0.999914,5,6.142504e-05
4953,1,1,0.9999786,8,1.43554635e-05
4954,2,2,0.9997747,3,0.00011750669
4955,7,7,0.99998814,3,6.0482434e-06
4956,8,8,0.9968252,4,0.0031531784
4957,0,0,0.99998766,6,1.1396971e-05
4958,0,0,0.9999986,2,1.3222243e-06
4959,0,0,0.99999124,8,5.3460494e-06
4960,8,8,0.99999934,6,4.854287e-07
4961,2,2,0.9999998,8,7.221494e-08
4962,2,2,0.99999994,1,2.9604974e-08
4963,9,9,0.9995759,7,0.00039200604
4964,2,2,0.9999861,8,1.1988068e-05
4965,2,2,0.999986,8,1.357531e-05
4966,7,7,0.89843494,8,0.095283896
4967,9,9,0.9986307,8,0.0010950787
4968,9,9,0.99988943,0,6.4641376e-05
4969,2,2,0.999999,0,5.113845e-07
4970,7,7,0.999066,2,0.00059483026
4971,5,5,0.9999946,3,4.514144e-06
4972,1,1,0.9999687,7,1.5230906e-05
4973,3,3,0.99999994,8,2.975539e-08
4974,4,4,0.99998444,2,1.5117084e-05
4975,9,9,0.9999344,8,6.473385e-05
4976,4,4,0.9998727,9,0.00012651151
4977,1,1,0.99997026,8,1.8516526e-05
4978,8,8,0.99627674,3,0.0029366643
4979,5,5,0.9999979,3,1.9315817e-06
4980,6,6,0.99999887,0,6.9681323e-07
4981,2,2,0.9999979,3,7.5864256e-07
4982,8,8,0.9999967,9,1.9755157e-06
4983,3,3,0.99999994,8,4.4869197e-09
4984,1,1,0.9996561,4,0.00018722648
4985,2,2,0.99999124,7,7.9679685e-06
4986,8,8,0.99999815,6,1.1218452e-06
4987,4,4,0.9999979,6,1.1774316e-06
4988,9,9,0.9999973,8,2.1009582e-06
4989,9,9,0.9984823,8,0.0015113642
4990,3,3,0.9987738,8,0.0011193141
4991,7,7,0.99995095,3,3.5052268e-05
4992,0,0,0.99999887,6,1.0742435e-06
4993,7,7,0.9994365,9,0.0002846844
4994,7,7,0.9999426,2,4.6118254e-05
4995,2,2,0.9998875,1,7.354765e-05
4996,3,3,0.9999998,5,1.6662449e-07
4997,2,2,0.75365144,8,0.24300306
4998,4,4,0.9980386,8,0.0018827376
4999,0,0,0.9999998,6,6.525345e-08
5000,3,3,0.9999955,8,4.091138e-06
5001,9,9,0.957619,8,0.042376135
5002,9,9,0.99999136,8,8.103487e-06
5003,8,8,0.99999994,2,1.5397928e-08
5004,4,4,0.9999998,8,5.5843515e-08
5005,1,1,0.9999967,7,1.9977713e-06
5006,0,0,0.99998134,2,1.8437015e-05
5007,6,6,0.99999994,8,4.853852e-08
5008,0,0,0.99995667,2,4.176987e-05
5009,9,9,0.9999955,4,1.8923553e-06
5010,6,6,0.99999946,5,3.7861622e-07
5011,8,8,0.99999934,9,4.6978965e-07
5012,6,6,0.9999997,4,1.7476505e-07
5013,1,1,0.99999756,2,1.698276e-06
5014,1,1,0.9999854,2,6.380316e-06
5015,9,9,0.9893592,8,0.010638333
5016,8,8,0.99999994,2,2.0626057e-08
5017,9,9,0.9995418,8,0.00045593837
5018,2,2,0.99999994,7,3.090896e-09
5019,3,3,0.99999994,5,5.130798e-08
5020,5,5,0.9999991,3,5.127661e-07
5021,5,5,0.9999997,3,7.4467074e-08
5022,9,9,0.9999971,8,2.544463e-06
5023,4,4,0.9999965,2,3.3164238e-06
5024,2,2,0.9999997,7,1.2045828e-07
5025,1,1,0.9999904,2,8.3363e-06
5026,9,9,0.9999952,8,4.2864353e-06
5027,4,4,0.9998646,8,9.06357e-05
5028,3,3,0.99999994,5,4.2956344e-08
5029,9,9,0.9999673,4,1.7982293e-05
5030,6,6,0.9999997,4,2.4579114e-07
5031,0,0,0.99998635,2,1.3310852e-05
5032,4,4,0.9999973,8,2.3702628e-06
5033,0,0,0.9999942,2,5.6222884e-06
5034,6,6,0.99999994,5,1.9451445e-08
5035,0,0,0.99984264,6,0.00015132877
5036,1,1,0.9999935,2,3.5130613e-06
5037,2,2,0.9999996,1,3.1977237e-07
5038,3,3,0.9999867,5,1.1395808e-05
5039,4,4,0.99999994,9,4.632212e-09
5040,7,7,0.9999452,9,3.5743273e-05
5041,8,8,0.99999994,5,2.593505e-08
5042,9,9,0.9999979,3,1.0986524e-06
5043,0,0,0.9999954,2,4.055763e-06
5044,1,1,0.9999885,8,5.1376046e-06
5045,2,2,0.99999875,1,8.562524e-07
5046,3,3,0.99944985,5,0.00054969266
5047,4,4,0.9999992,8,5.524579e-07
5048,7,7,0.9998131,9,8.489657e-05
5049,8,8,0.99999994,5,1.5347439e-08
5050,9,9,0.9999997,8,1.3080637e-07
5051,0,0,0.99962944,2,0.00036557863
5052,1,1,0.99999565,2,3.848473e-06
5053,2,2,0.9999992,1,5.14748e-07
5054,3,3,0.999921,5,7.395863e-05
5055,4,4,0.99999994,7,5.3497164e-08
5056,5,5,0.99999636,8,2.7660408e-06
5057,6,6,0.9999991,0,6.268693e-07
5058,7,7,0.99995536,9,1.8198714e-05
5059,8,8,0.99999994,2,9.895184e-10
5060,9,9,0.9999936,5,3.2469882e-06
5061,8,8,0.99999994,9,2.9191279e-08
5062,3,3,0.99997896,8,1.8297696e-05
5063,4,4,0.9999897,7,6.763091e-06
5064,7,7,0.99994546,3,4.0834395e-05
5065,8,8,0.99988586,5,0.00010089357
5066,6,6,0.9999998,8,7.994792e-08
5067,3,3,0.9945201,8,0.0036758173
5068,4,4,0.556706,7,0.41934443
5069,0,0,0.99997765,2,2.1658354e-05
5070,9,9,0.99996,8,1.85127e-05
5071,7,7,0.9999334,3,4.67496e-05
5072,1,1,0.99997956,2,1.5129644e-05
5073,9,9,0.9999984,4,5.6142073e-07
5074,3,3,0.99999076,5,8.346375e-06
5075,8,8,0.99999994,9,7.648056e-09
5076,4,4,0.99999994,8,6.6200787e-09
5077,7,7,0.9993357,9,0.000540472
5078,3,3,0.9996506,5,0.00028742102
5079,0,0,0.99998707,2,1.2763958e-05
5080,9,9,0.9999998,5,4.073181e-08
5081,1,1,0.9999942,7,3.461978e-06
5082,4,4,0.99999875,8,1.0505762e-06
5083,5,5,0.9991369,8,0.00053946034
5084,4,4,0.99997526,7,9.96154e-06
5085,6,6,0.99999017,8,8.366548e-06
5086,2,2,0.99945676,4,0.00053747353
5087,0,0,0.9999854,2,1.4350893e-05
5088,6,6,0.999411,8,0.00056743977
5089,2,2,0.99999887,7,5.922932e-07
5090,1,1,0.9995819,2,0.00031488185
5091,1,1,0.99986887,2,9.932692e-05
5092,1,1,0.99900717,2,0.000941588
5093,1,1,0.9999216,2,3.5134843e-05
5094,7,7,0.99999064,9,6.314008e-06
5095,2,2,0.99999994,3,1.9166395e-08
5096,4,4,0.99997646,8,2.3341958e-05
5097,7,7,0.99999684,9,1.71498e-06
5098,5,5,0.9999941,8,5.695314e-06
5099,2,2,0.99998206,3,1.5865333e-05
5100,9,9,0.9999564,5,1.797944e-05
5101,4,4,0.99999756,8,2.3441307e-06
5102,5,5,0.99999756,8,2.2883794e-06
5103,8,8,0.99999994,5,4.3034415e-08
5104,4,4,0.9999972,8,1.7750855e-06
5105,2,2,0.99999136,1,6.1499863e-06
5106,9,9,0.99998945,8,8.527506e-06
5107,7,7,0.9999928,3,3.5691778e-06
5108,0,0,0.9999222,2,7.381758e-05
5109,0,0,0.99981666,2,0.00018179046
5110,7,7,0.9999774,9,1.1814822e-05
5111,5,5,0.9999961,3,2.1349408e-06
5112,1,1,0.99999934,2,4.7495945e-07
5113,1,1,0.99999064,2,4.8382144e-06
5114,7,7,0.99952835,3,0.00031940336
5115,6,6,0.99999934,8,5.433838e-07
5116,6,6,0.9999947,4,4.660003e-06
5117,6,6,0.9999998,0,1.1802314e-07
5118,8,8,0.99999994,2,2.5958742e-09
5119,2,2,0.9999992,8,3.984445e-07
5120,2,2,0.9999986,3,7.8154727e-07
5121,7,7,0.9999803,1,1.3149374e-05
5122,7,7,0.99997264,2,2.1033291e-05
5123,4,4,0.99999815,8,1.636571e-06
5124,0,0,0.99999434,2,5.2281e-06
5125,2,2,0.99998003,1,1.650207e-05
5126,4,4,0.9999725,7,1.8807157e-05
5127,2,2,0.9966849,7,0.0033059914
5128,1,1,0.99999756,2,2.1335882e-06
5129,8,8,0.9999998,5,1.0171785e-07
5130,9,9,0.9999955,8,3.933253e-06
5131,6,6,0.9999941,5,5.2247888e-06
5132,1,1,0.9999742,2,2.4899397e-05
5133,0,0,0.9999879,2,1.187204e-05
5134,5,5,0.9999829,6,7.971193e-06
5135,9,9,0.99999183,4,4.22837e-06
5136,6,6,0.99999934,8,4.794901e-07
5137,9,9,0.9999984,4,6.4135526e-07
5138,8,8,0.9999978,5,2.1255785e-06
5139,0,0,0.999957,2,4.227927e-05
5140,3,3,0.9981777,5,0.0017368073
5141,0,0,0.99991566,2,8.38957e-05
5142,8,8,0.9999998,3,1.2597391e-07
5143,3,3,0.99996036,5,3.8489965e-05
5144,9,9,0.9999997,4,1.2283563e-07
5145,6,6,0.9999861,0,7.664816e-06
5146,3,3,0.999991,5,4.63784e-06
5147,0,0,0.99999565,2,4.0869777e-06
5148,1,1,0.9999997,2,7.867721e-08
5149,2,2,0.9999996,8,2.869739e-07
5150,3,3,0.99999994,5,1.0792686e-09
5151,4,4,0.9999972,9,2.7514204e-06
5152,5,5,0.99997157,3,2.344914e-05
5153,6,6,0.99999875,4,1.2383252e-06
5154,7,7,0.99582815,3,0.00293699
5155,0,0,0.99824315,8,0.00092359947
5156,1,1,0.9999959,7,1.7531836e-06
5157,2,2,0.99999994,8,1.9848828e-08
5158,3,3,0.9999997,5,1.8220118e-07
5159,4,4,0.9765771,9,0.022926277
5160,5,5,0.9999996,8,2.6995363e-07
5161,6,6,0.99999946,4,5.140815e-07
5162,7,7,0.98035586,2,0.017824879
5163,8,8,0.9999997,2,1.910144e-07
5164,9,9,0.9999953,3,2.5270735e-06
5165,0,0,0.9316749,6,0.051848013
5166,1,1,0.99999803,7,6.542354e-07
5167,2,2,0.99976254,8,0.0002219386
5168,3,3,0.99999994,5,4.461123e-09
5169,4,4,0.99999994,9,7.768303e-09
5170,5,5,0.99999994,3,3.7735347e-08
5171,6,6,0.9999972,4,2.4439664e-06
5172,7,7,0.9981095,2,0.0015340145
5173,8,8,0.99999803,5,1.5514925e-06
5174,5,5,0.9999998,9,1.334274e-07
5175,4,4,0.9999998,9,1.7619442e-07
5176,8,8,0.99998385,4,1.16942e-05
5177,7,7,0.9985672,2,0.0014108038
5178,4,4,0.9999997,5,7.1082596e-08
5179,7,7,0.99998766,3,1.0047457e-05
5180,7,7,0.99684685,2,0.0019828617
5181,3,3,0.9999997,5,2.2703215e-07
5182,9,9,0.99998254,8,1.3706234e-05
5183,8,8,0.99999946,4,5.1352237e-07
5184,8,8,0.99999994,2,1.7251532e-09
5185,3,3,0.9999954,5,2.9160237e-06
5186,1,1,0.99999887,8,4.2839156e-07
5187,5,5,0.9999978,3,2.0900577e-06
5188,8,8,0.99999994,2,1.5249191e-12
5189,2,2,0.9999905,1,8.92355e-06
5190,7,7,0.999406,2,0.000381461
5191,4,4,0.99999994,9,4.2510564e-09
5192,2,2,0.99999994,8,2.4683521e-08
5193,1,1,0.9999879,7,8.340208e-06
5194,5,5,0.99953514,3,0.0004397361
5195,4,4,0.99999994,2,3.7680973e-08
5196,5,5,0.9999996,3,3.2548093e-07
5197,5,5,0.9999998,3,1.1896128e-07
5198,8,8,0.99999994,2,3.4695185e-09
5199,6,6,0.9990073,4,0.0008593443
5200,4,4,0.9999985,9,1.340809e-06
5201,4,4,0.9969248,9,0.0030678438
5202,4,4,0.99999696,9,2.4437188e-06
5203,1,1,0.9969234,7,0.0015844244
5204,8,8,0.99999386,2,4.984515e-06
5205,7,7,0.9998331,2,0.00014675879
5206,5,5,0.9999996,3,3.988659e-07
5207,5,5,0.99996275,3,3.5553243e-05
5208,1,1,0.9999967,8,1.041103e-06
5209,8,8,0.99997765,6,2.2149627e-05
5210,9,9,0.9998885,8,9.376972e-05
5211,1,1,0.99997276,8,1.4070192e-05
5212,3,3,0.99999994,8,1.0616003e-09
5213,6,6,0.99997634,4,2.354058e-05
5214,3,3,0.99999994,8,5.4118043e-09
5215,3,3,0.99999946,8,3.185226e-07
5216,2,2,0.99999946,1,4.6001125e-07
5217,2,2,0.9998057,8,0.00019384842
5218,6,6,0.9999625,4,3.6890622e-05
5219,9,9,0.9991237,8,0.0008761807
5220,9,9,0.9999549,4,3.5036293e-05
5221,6,6,0.99971604,0,0.000246744
5222,5,5,0.9999942,9,5.67501e-06
5223,5,5,0.9999997,3,2.0559447e-07
5224,3,3,0.99999994,5,1.7996442e-08
5225,3,3,0.99999994,8,1.7924537e-08
5226,8,8,0.99999994,5,4.962945e-11
5227,1,1,0.9999921,2,6.0686743e-06
5228,6,6,0.99507254,4,0.004922005
5229,5,5,0.99999565,3,4.2576416e-06
5230,6,6,0.99999994,5,4.2487462e-09
5231,8,8,0.99999994,2,7.829537e-11
5232,1,1,0.9999997,2,2.6050822e-07
5233,9,9,0.99998754,8,1.0892689e-05
5234,7,7,0.998715,3,0.00066712685
5235,6,6,0.9999973,4,2.4097737e-06
5236,8,8,0.99999994,5,9.597767e-10
5237,3,3,0.9999996,8,3.4395282e-07
5238,7,7,0.9995732,2,0.00022523107
5239,4,4,0.9999905,9,4.392122e-06
5240,7,7,0.99631,2,0.00271003
5241,0,0,0.999996,6,2.3441808e-06
5242,9,9,0.99927783,8,0.00068845
5243,0,0,0.99964964,2,0.00030759
5244,0,0,0.9998052,4,0.0001601852
5245,3,3,0.9999996,9,2.9648663e-07
5246,7,7,0.48930782,2,0.48765546
5247,9,9,0.99993175,8,6.768225e-05
5248,3,3,0.99999994,5,2.5778613e-08
5249,0,0,0.99995655,2,4.0086412e-05
5250,2,2,0.99757373,8,0.0020410472
5251,0,0,0.9998579,2,0.00010372968
5252,1,1,0.99999875,4,6.865206e-07
5253,0,0,0.9999978,2,1.9509368e-06
5254,1,1,0.99996585,2,3.299654e-05
5255,0,0,0.99999624,2,3.705899e-06
5256,4,4,0.99999994,8,3.6296996e-08
5257,0,0,0.999996,2,3.7590667e-06
5258,1,1,0.999988,2,1.11600175e-05
5259,0,0,0.99999803,2,1.8292418e-06
5260,4,4,0.9985221,8,0.0011889607
5261,7,7,0.72674435,2,0.2660678
5262,9,9,0.9991494,8,0.00082066655
5263,6,6,0.9999706,4,2.6082083e-05
5264,2,2,0.9999997,8,6.3212035e-08
5265,6,6,0.9580136,4,0.041985095
5266,2,2,0.99999875,1,1.0169589e-06
5267,2,2,0.99964356,8,0.0003418164
5268,9,9,0.84785944,8,0.15096483
5269,9,9,0.63974893,8,0.3602344
5270,0,0,0.999996,8,2.4456306e-06
5271,1,1,0.9999854,7,1.0648103e-05
5272,2,2,0.9999996,8,2.2670368e-07
5273,3,3,0.9999847,5,1.3156582e-05
5274,4,4,0.9999991,8,8.3464795e-07
5275,5,5,0.99999994,9,4.487622e-09
5276,6,6,0.99999994,5,2.266561e-08
5277,7,7,0.99995345,3,2.8430477e-05
5278,8,8,0.99984026,9,0.00015543058
5279,9,9,0.9999922,4,3.4528143e-06
5280,0,0,0.9999991,2,6.1876415e-07
5281,1,1,0.99997586,2,2.2561971e-05
5282,2,2,0.99999994,8,9.7204325e-09
5283,3,3,0.99997014,8,2.9731744e-05
5284,4,4,0.99983454,9,0.00010411278
5285,5,5,0.9999997,9,2.013587e-07
5286,6,6,0.9999997,5,1.8015508e-07
5287,7,7,0.9998777,2,8.489202e-05
5288,8,8,0.99990195,9,8.3012965e-05
5289,9,9,0.9999996,4,1.5943586e-07
5290,0,0,0.99988264,2,0.000106745356
5291,1,1,0.9999817,2,1.3402899e-05
5292,2,2,0.9999991,3,3.8943358e-07
5293,3,3,0.9999953,5,4.6343093e-06
5294,4,4,0.9999998,8,5.4469535e-08
5295,5,5,0.99999994,8,8.378126e-10
5296,6,6,0.99999744,5,2.4099647e-06
5297,7,7,0.9988574,3,0.0010063598
5298,8,8,0.99995106,9,2.8688444e-05
5299,9,9,0.99986196,7,7.2585026e-05
5300,8,8,0.99999994,9,3.2583056e-08
5301,0,0,0.99999887,2,8.265626e-07
5302,5,5,0.9999996,3,3.48982e-07
5303,6,6,0.9999998,5,1.40871e-07
5304,6,6,0.9999992,5,6.957358e-07
5305,0,0,0.99999875,2,9.366867e-07
5306,8,8,0.9999996,9,3.5458012e-07
5307,0,0,0.99999803,2,9.979439e-07
5308,2,2,0.9999997,8,1.0577527e-07
5309,3,3,0.99999946,5,4.7158346e-07
5310,7,7,0.998939,2,0.00078390905
5311,9,9,0.9998269,7,8.969957e-05
5312,4,4,0.9999928,8,4.9378586e-06
5313,7,7,0.99996036,2,2.7836406e-05
5314,1,1,0.99999887,2,5.599719e-07
5315,9,9,0.99999064,3,2.8649868e-06
5316,1,1,0.9999936,2,3.1210855e-06
5317,7,7,0.9993523,2,0.0005222701
5318,1,1,0.9999985,2,6.7048734e-07
5319,4,4,0.99999195,8,6.9644007e-06
5320,0,0,0.9999983,8,1.0418207e-06
5321,0,0,0.9999983,6,1.1396934e-06
5322,4,4,0.99984837,7,0.0001172127
5323,1,1,0.9999737,7,1.2365933e-05
5324,7,7,0.997117,2,0.002805392
5325,5,5,0.99999994,3,2.807678e-08
5326,7,7,0.99983025,2,0.00014361541
5327,1,1,0.9999562,2,3.6659378e-05
5328,3,3,0.9999961,5,3.724379e-06
5329,3,3,0.9999847,5,1.5254044e-05
5330,3,3,0.99998766,5,1.1889645e-05
5331,1,1,0.9103407,6,0.08776663
5332,6,6,0.99999946,5,3.2721258e-07
5333,9,9,0.9999985,3,8.6111567e-07
5334,7,7,0.9984845,2,0.0008030956
5335,4,4,0.9999345,9,2.5237037e-05
5336,3,3,0.9999457,8,5.2282372e-05
5337,0,0,0.9999996,6,3.1090707e-07
5338,2,2,0.99999994,4,1.4363998e-09
5339,5,5,0.99996406,3,3.557869e-05
5340,2,2,0.99999994,8,7.249146e-09
5341,6,6,0.9999998,5,1.0002633e-07
5342,0,0,0.9999984,2,8.5583906e-07
5343,8,8,0.99998754,9,1.1972169e-05
5344,9,9,0.99999934,3,3.1241692e-07
5345,4,4,0.99998444,9,6.9083853e-06
5346,3,3,0.9999961,5,2.8150139e-06
5347,5,5,0.99999994,9,5.316806e-09
5348,4,4,0.9997721,7,0.00016324263
5349,8,8,0.9999991,9,4.4782425e-07
5350,1,1,0.99990255,2,9.400536e-05
5351,5,5,0.9999909,3,9.059404e-06
5352,9,9,0.999999,3,4.4528687e-07
5353,0,0,0.9999997,2,1.3817422e-07
5354,6,6,0.9999996,5,3.1057724e-07
5355,4,4,0.99999934,9,2.8671283e-07
5356,3,3,0.99999946,8,4.978706e-07
5357,6,6,0.9999724,5,2.4478119e-05
5358,3,3,0.9999911,5,8.726765e-06
5359,3,3,0.9999955,8,4.337465e-06
5360,8,8,0.9999015,9,9.069992e-05
5361,1,1,0.9999898,2,9.173442e-06
5362,4,4,0.9999996,7,1.6263674e-07
5363,7,7,0.9999775,2,1.8588866e-05
5364,5,5,0.99999994,9,1.8179003e-09
5365,7,7,0.99980164,3,0.00016253736
5366,2,2,0.9999997,3,7.345337e-08
5367,2,2,0.9999986,8,1.128095e-06
5368,0,0,0.99999815,8,1.0893973e-06
5369,0,0,0.99999887,6,8.218057e-07
5370,1,1,0.99994224,8,5.0661896e-05
5371,7,7,0.9999643,2,3.1071828e-05
5372,7,7,0.9999439,2,4.5116452e-05
5373,9,9,0.999999,8,5.934178e-07
5374,5,5,0.99999005,3,9.567762e-06
5375,9,9,0.99999017,8,9.344193e-06
5376,8,8,0.9999998,9,1.349033e-07
5377,9,9,0.99999946,8,4.0844347e-07
5378,6,6,0.9999996,5,3.4992414e-07
5379,8,8,0.9997488,9,0.00025073663
5380,8,8,0.99978924,9,0.00020048111
5381,2,2,0.9999998,3,7.0268e-08
5382,3,3,0.99999887,2,7.627814e-07
5383,6,6,0.9999997,5,1.8096664e-07
5384,1,1,0.9999985,7,5.164396e-07
5385,2,2,0.99999994,8,2.2664852e-10
5386,9,9,0.9999983,4,9.265261e-07
5387,8,8,0.9999998,9,7.868052e-08
5388,9,9,0.9999991,4,7.4554316e-07
5389,5,5,0.9999979,3,2.0841385e-06
5390,2,2,0.99999994,8,1.2240596e-08
5391,6,6,0.999999,5,8.419268e-07
5392,2,2,0.99999875,0,8.8399247e-07
5393,4,4,0.9999965,8,3.4719576e-06
5394,8,8,0.9898923,9,0.010004629
5395,4,4,0.9999296,8,3.238936e-05
5396,6,6,0.9999992,5,4.6217727e-07
5397,5,5,0.9999991,3,8.317135e-07
5398,0,0,0.99999994,2,3.0566536e-08
5399,1,1,0.9999952,2,3.8473927e-06
5400,5,5,0.9999996,3,1.9592233e-07
5401,6,6,0.9999973,5,2.355047e-06
5402,7,7,0.99994177,3,5.370079e-05
5403,8,8,0.99999994,3,3.046468e-08
5404,9,9,0.9999997,8,9.8087895e-08
5405,0,0,0.9997852,8,0.00020916513
5406,1,1,0.9999934,2,4.9303467e-06
5407,2,2,0.9997616,7,0.00021567906
5408,3,3,0.99999183,5,4.5143383e-06
5409,4,4,0.9965165,6,0.0034729058
5410,5,5,0.999994,6,5.467902e-06
5411,6,6,0.99999994,8,3.6550503e-08
5412,7,7,0.9999452,9,4.038518e-05
5413,8,8,0.99999994,3,7.3654527e-09
5414,9,9,0.9999972,8,9.693404e-07
5415,0,0,0.99999696,2,2.9134542e-06
5416,1,1,0.99960107,8,0.00025495075
5417,2,2,0.9977761,3,0.0018398198
5418,3,3,0.99999994,5,4.682595e-10
5419,4,4,0.9999992,8,6.9869395e-07
5420,5,5,0.9999284,3,5.8234316e-05
5421,6,6,0.9999959,4,3.525881e-06
5422,7,7,0.9999991,2,6.4887496e-07
5423,8,8,0.9999996,9,2.6337895e-07
5424,9,9,0.99991757,4,5.5723147e-05
5425,7,7,0.9999872,2,9.133629e-06
5426,4,4,0.99999994,7,4.1703605e-09
5427,2,2,0.9999791,3,1.8444201e-05
5428,0,0,0.9999954,2,3.611604e-06
5429,9,9,0.9999116,8,6.6429384e-05
5430,0,0,0.99999887,2,9.4801027e-07
5431,1,1,0.99995476,2,3.351323e-05
5432,5,5,0.9999972,9,2.6230412e-06
5433,8,8,0.99999994,3,1.22109345e-08
5434,8,8,0.99999994,2,1.6868697e-08
5435,0,0,0.99999875,2,9.616773e-07
5436,2,2,0.99999994,3,2.0376067e-09
5437,7,7,0.99993116,9,3.1274765e-05
5438,8,8,0.99999994,3,2.6722142e-09
5439,4,4,0.99992365,7,7.606422e-05
5440,4,4,0.9999985,8,8.9402783e-07
5441,6,6,0.99999994,4,7.431891e-09
5442,1,1,0.9999978,2,1.8248714e-06
5443,0,0,0.99999684,6,2.8487118e-06
5444,4,4,0.99999934,7,4.048234e-07
5445,5,5,0.99999946,3,2.083904e-07
5446,3,3,0.9999986,5,1.2827543e-06
5447,9,9,0.99998385,4,1.5464635e-05
5448,4,4,0.9999997,7,7.568219e-08
5449,2,2,0.82299197,3,0.17627382
5450,0,0,0.9925675,5,0.0073550865
5451,5,5,0.99999994,9,5.353192e-10
5452,0,0,0.9999947,6,4.3849504e-06
5453,1,1,0.9999959,8,2.6739003e-06
5454,3,3,0.99999803,5,1.9603353e-06
5455,2,2,0.99999994,8,9.562798e-09
5456,9,9,0.9999923,3,2.6967905e-06
5457,1,1,0.9975236,8,0.001168749
5458,6,6,0.99999994,4,1.0282437e-09
5459,0,0,0.9998947,6,7.291745e-05
5460,1,1,0.99998134,7,1.4126055e-05
5461,1,1,0.999983,2,1.4977909e-05
5462,8,8,0.99999994,3,3.0476187e-08
5463,0,0,0.9999991,6,6.5102086e-07
5464,4,4,0.9999791,8,2.0665115e-05
5465,7,7,0.99995905,3,2.293324e-05
5466,7,7,0.99973845,3,0.00013712373
5467,6,6,0.99999994,0,6.8105663e-09
5468,3,3,0.9999979,5,2.0158077e-06
5469,6,6,0.9999998,8,1.3378443e-07
5470,0,0,0.99994546,2,4.673113e-05
5471,7,7,0.9999971,2,9.0489124e-07
5472,3,3,0.99999994,5,2.443693e-08
5473,5,5,0.99999994,6,3.5108933e-08
5474,4,4,0.9999941,7,5.442421e-06
5475,2,2,0.9999997,8,1.0685282e-07
5476,4,4,0.9999997,7,1.8033057e-07
5477,1,1,0.99999815,2,8.7364975e-07
5478,8,8,0.9999998,3,8.076621e-08
5479,3,3,0.9999996,5,3.4096678e-07
5480,5,5,0.9999998,6,1.0452561e-07
5481,6,6,0.99999994,4,5.5512718e-08
5482,7,7,0.99998623,2,1.0625662e-05
5483,0,0,0.99999875,2,1.1078755e-06
5484,6,6,0.99999994,0,5.908957e-09
5485,7,7,0.999773,2,0.00015442903
5486,1,1,0.999994,2,5.630867e-06
5487,2,2,0.9999998,7,8.647531e-08
5488,5,5,0.99999994,3,2.9285863e-08
5489,8,8,0.99999994,3,5.193395e-09
5490,1,1,0.99999577,7,2.256172e-06
5491,9,9,0.9998512,8,0.00013758866
5492,3,3,0.9999998,5,6.932693e-08
5493,8,8,0.99999994,3,3.6050338e-08
5494,2,2,0.9999997,8,2.8509552e-07
5495,8,8,0.9999996,3,3.7411925e-07
5496,7,7,0.9999812,1,1.0687848e-05
5497,6,6,0.9999997,4,2.5732737e-07
5498,7,7,0.999965,3,3.4328586e-05
5499,1,1,0.9999959,7,2.2517463e-06
5500,4,4,0.999996,8,3.2361233e-06
5501,6,6,0.99999994,4,4.2992228e-09
5502,2,2,0.9999389,3,4.7360198e-05
5503,9,9,0.99999756,3,1.5674839e-06
5504,3,3,0.9999948,8,3.7336988e-06
5505,0,0,0.99999624,6,3.2411556e-06
5506,1,1,0.9999885,8,8.3529485e-06
5507,2,2,0.9999818,1,1.8130977e-05
5508,3,3,0.9999998,5,7.088723e-08
5509,4,4,0.9999998,7,6.843814e-08
5510,5,5,0.99999946,3,4.834228e-07
5511,6,6,0.99999994,5,8.889857e-09
5512,7,7,0.9999942,9,2.4874012e-06
5513,0,0,0.9999991,6,8.0286367e-07
5514,1,1,0.99997395,8,1.8245697e-05
5515,2,2,0.9999996,1,2.9939562e-07
5516,3,3,0.9999998,5,1.1104093e-07
5517,4,4,0.99999994,9,5.4584746e-09
5518,5,5,0.99999994,3,1.8706048e-09
5519,0,0,0.9996979,6,0.0002981835
5520,1,1,0.9999823,8,1.2521844e-05
5521,2,2,0.9999965,1,3.4884963e-06
5522,8,8,0.9999842,9,1.2632096e-05
5523,9,9,0.9999978,7,1.2849681e-06
5524,1,1,0.99999136,4,2.7143024e-06
5525,4,4,0.99967957,9,0.00017801339
5526,0,0,0.99999565,8,2.3274995e-06
5527,9,9,0.99936944,4,0.0004997295
5528,5,5,0.9999997,9,8.9461274e-08
5529,0,0,0.99999803,6,9.0339864e-07
5530,8,8,0.99999934,6,2.4489376e-07
5531,0,0,0.9999996,2,3.8047565e-07
5532,7,7,0.9999692,9,1.5000044e-05
5533,7,7,0.99999493,9,3.3073222e-06
5534,1,1,0.9999576,8,3.176878e-05
5535,1,1,0.9999439,7,1.9730796e-05
5536,2,2,0.9996357,3,0.00018640421
5537,9,9,0.99988264,8,8.970705e-05
5538,3,3,0.99999994,5,1.3717835e-09
5539,6,6,0.9997324,0,0.00012107402
5540,7,7,0.99896646,3,0.0007597522
5541,2,2,0.9999898,8,5.0618883e-06
5542,3,3,0.9999997,5,2.9441796e-07
5543,8,8,0.9999998,6,3.131271e-08
5544,1,1,0.99996644,8,2.6276537e-05
5545,2,2,0.9999998,8,6.391693e-08
5546,9,9,0.9998119,8,0.00015495109
5547,8,8,0.9999457,0,4.5027944e-05
5548,8,8,0.99999815,6,1.5539464e-06
5549,7,7,0.99992627,2,7.062201e-05
5550,1,1,0.99999505,8,2.7177107e-06
5551,7,7,0.99999803,2,1.1615389e-06
5552,1,1,0.9998641,8,0.0001168576
5553,1,1,0.9999984,8,1.0819759e-06
5554,0,0,0.999999,6,7.0907896e-07
5555,3,3,0.99999994,5,5.6406602e-08
5556,4,4,0.99978065,2,0.00020412393
5557,2,2,0.99999684,8,1.9575905e-06
5558,6,6,0.9999984,8,1.1219793e-06
5559,4,4,0.9999859,9,1.09611665e-05
5560,7,7,0.9999978,9,1.3582081e-06
5561,4,4,0.9997735,2,0.00020349893
5562,2,2,0.99998754,8,1.2326624e-05
5563,7,7,0.99990875,3,7.584752e-05
5564,4,4,0.99957293,8,0.00027067133
5565,9,9,0.9999811,8,1.8574721e-05
5566,1,1,0.9999803,7,1.3762814e-05
5567,0,0,0.99999875,6,5.8631514e-07
5568,6,6,0.99999994,5,1.29776385e-08
5569,8,8,0.9999959,2,2.688044e-06
5570,5,5,0.99999994,9,1.7375077e-08
5571,5,5,0.99999994,3,6.523401e-09
5572,5,5,0.99999994,9,7.1155957e-09
5573,3,3,0.9992757,5,0.000724435
5574,5,5,0.99999994,8,4.554624e-09
5575,9,9,0.99996454,8,3.5229627e-05
5576,7,7,0.99988955,3,0.00010414592
5577,4,4,0.99998385,8,6.8367185e-06
5578,8,8,0.99999946,2,3.3965492e-07
5579,5,5,0.9999992,6,6.68872e-07
5580,9,9,0.9998505,8,0.00013950892
5581,6,6,0.99999994,0,1.3332102e-08
5582,9,9,0.9999942,8,4.9040527e-06
5583,3,3,0.9999319,5,6.810136e-05
5584,0,0,0.9999986,6,7.2738044e-07
5585,3,3,0.99999994,5,2.0035158e-09
5586,8,8,0.99995285,2,4.4844295e-05
5587,9,9,0.9999977,8,2.1494038e-06
5588,1,1,0.99997216,6,1.4150992e-05
5589,8,8,0.9999997,2,1.7821793e-07
5590,1,1,0.99987245,8,0.0001031232
5591,6,6,0.99999994,8,2.000008e-08
5592,0,0,0.99999815,2,9.184823e-07
5593,0,0,0.9999568,6,4.0820803e-05
5594,1,1,0.9976847,8,0.0018250975
5595,2,2,0.9999966,8,1.8410578e-06
5596,3,3,0.99998635,5,1.1532675e-05
5597,4,4,0.9840826,2,0.012581254
5598,5,5,0.99999994,8,1.7255217e-09
5599,6,6,0.99999934,5,6.1135256e-07
5600,7,7,0.97134286,9,0.016446583
5601,8,8,0.9999892,2,9.774427e-06
5602,9,9,0.999981,8,1.6017817e-05
5603,0,0,0.9997568,6,0.00023617221
5604,1,1,0.9999822,8,9.584418e-06
5605,2,2,0.9965438,8,0.003450525
5606,3,3,0.9999997,5,2.1573153e-07
5607,4,4,0.99178195,7,0.007898723
5608,5,5,0.99994856,3,3.5246572e-05
5609,6,6,0.99999994,5,1.7577466e-09
5610,7,7,0.99999374,9,4.112924e-06
5611,8,8,0.99998254,5,1.3209609e-05
5612,9,9,0.99997514,8,2.2015654e-05
5613,0,0,0.99994284,6,4.173859e-05
5614,1,1,0.99979043,8,6.317492e-05
5615,2,2,0.9998823,8,0.00011746197
5616,3,3,0.9999824,8,1.1049847e-05
5617,4,4,0.9830879,7,0.01590184
5618,5,5,0.9999997,3,2.177919e-07
5619,6,6,0.9999998,5,7.777944e-08
5620,7,7,0.99986887,4,6.9673195e-05
5621,8,8,0.99999994,5,1.3331662e-09
5622,9,9,0.99999887,4,7.666152e-07
5623,3,3,0.99450755,5,0.0046834867
5624,5,5,0.99999994,8,1.16639844e-08
5625,3,3,0.9999998,5,1.17088256e-07
5626,2,2,0.996472,8,0.0032120664
5627,9,9,0.9999984,8,8.677014e-07
5628,3,3,0.9999954,5,4.3756754e-06
5629,2,2,0.9999878,8,1.2135972e-05
5630,1,1,0.99967575,9,0.00010873006
5631,4,4,0.9933433,7,0.005817646
5632,5,5,0.99999875,3,1.1566063e-06
5633,5,5,0.9999998,8,6.482374e-08
5634,2,8,0.96620053,2,0.032486673
5635,3,3,0.99998814,5,1.133957e-05
5636,2,2,0.99940455,8,0.00046477842
5637,1,1,0.9999533,8,1.10624205e-05
5638,3,3,0.9999991,5,7.866527e-07
5639,9,9,0.9964738,5,0.0034447869
5640,7,7,0.99996525,9,2.1304866e-05
5641,2,2,0.9994765,8,0.0005015624
5642,1,1,0.99974704,5,0.00013230255
5643,2,2,0.9995915,8,0.00040788559
5644,8,8,0.99999994,5,3.7827803e-08
5645,9,9,0.9999978,8,1.7809381e-06
5646,1,1,0.99997157,8,1.9242325e-05
5647,8,8,0.9999878,5,9.9698855e-06
5648,8,8,0.999999,4,6.137913e-07
5649,7,7,0.9998355,9,0.00012534026
5650,8,8,0.99999994,5,4.187106e-09
5651,1,1,0.999975,7,1.2795932e-05
5652,0,0,0.999999,6,8.9229997e-07
5653,0,0,0.99989897,8,4.391789e-05
5654,7,7,0.77213466,2,0.2238539
5655,7,7,0.904672,3,0.046683244
5656,8,8,0.99999994,3,1.208682e-09
5657,7,7,0.9999922,2,5.435025e-06
5658,5,5,0.99999994,3,1.8148619e-09
5659,0,0,0.9999997,6,1.1791028e-07
5660,6,6,0.9999973,5,2.6498944e-06
5661,1,1,0.99996454,8,2.9441997e-05
5662,5,5,0.99998075,3,1.9218625e-05
5663,7,7,0.99999565,0,2.6688222e-06
5664,4,4,0.9997616,7,0.00014494792
5665,6,6,0.9999991,5,7.81816e-07
5666,1,1,0.9999321,7,3.9865157e-05
5667,2,2,0.9999544,8,4.5264624e-05
5668,5,5,0.9999997,9,1.3905554e-07
5669,0,0,0.9999971,6,1.9781369e-06
5670,7,7,0.9999991,9,5.187135e-07
5671,9,9,0.9999897,8,9.98792e-06
5672,9,9,0.99999565,4,1.5833343e-06
5673,0,0,0.99999946,8,1.9779405e-07
5674,3,3,0.9986573,5,0.0013415673
5675,8,8,0.9999998,5,6.5512346e-08
5676,4,4,0.94967633,7,0.04354858
5677,4,4,0.9974703,7,0.00082223135
5678,8,8,0.995351,5,0.002596002
5679,1,1,0.99992925,8,2.9824041e-05
5680,8,8,0.999999,3,6.754332e-07
5681,6,6,0.9999996,5,3.0276306e-07
5682,5,5,0.99999994,6,1.7052766e-08
5683,9,9,0.999934,5,3.3035827e-05
5684,0,0,0.9999955,6,4.453548e-06
5685,0,0,0.9999942,6,5.177376e-06
5686,0,0,0.9999996,6,2.59983e-07
5687,3,3,0.9999941,5,5.0394256e-06
5688,7,7,0.9999197,2,6.3253574e-05
5689,1,1,0.99999505,7,2.9005519e-06
5690,6,6,0.9999997,5,1.9695834e-07
5691,4,4,0.99629635,2,0.0029816234
5692,2,2,0.99999374,8,6.2552376e-06
5693,6,6,0.9999998,5,9.7884566e-08
5694,6,6,0.9999998,5,7.637331e-08
5695,0,0,0.999993,8,3.2383275e-06
5696,4,4,0.9980084,7,0.0019485512
5697,5,5,0.99999994,9,1.2360672e-08
5698,4,4,0.9524389,2,0.044477686
5699,1,1,0.9998348,8,5.327516e-05
5700,3,3,0.9999886,8,5.8311875e-06
5701,8,8,0.9999985,2,1.3657282e-06
5702,6,6,0.9999998,5,1.0524761e-07
5703,3,3,0.99987173,5,0.00012350958
5704,9,9,0.9999897,8,1.0098082e-05
5705,9,9,0.9999922,4,6.867515e-06
5706,5,5,0.9999998,8,7.198061e-08
5707,9,9,0.9999886,8,1.0970891e-05
5708,3,3,0.999981,5,1.893309e-05
5709,7,7,0.99905807,9,0.0006171643
5710,8,8,0.99999934,2,2.7287845e-07
5711,5,5,0.99999994,9,2.1861997e-09
5712,6,6,0.99999994,5,3.262696e-08
5713,4,4,0.9999872,7,1.21731955e-05
5714,7,7,0.99788684,2,0.0018931165
5715,6,6,0.99999934,5,6.0090514e-07
5716,2,2,0.9999992,8,6.60947e-07
5717,2,2,0.98646665,8,0.013532958
5718,0,0,0.9999959,6,3.3452166e-06
5719,9,9,0.9987552,8,0.00096450467
5720,4,4,0.9952649,7,0.0028881608
5721,0,0,0.9999996,2,3.7014277e-07
5722,1,1,0.9999972,8,1.0572423e-06
5723,2,2,0.9999996,8,3.0760947e-07
5724,3,3,0.99999994,8,1.8909698e-09
5725,4,4,0.99999994,5,8.256215e-10
5726,5,5,0.99999887,9,1.0619682e-06
5727,6,6,0.9999954,0,4.055972e-06
5728,7,7,0.9999948,4,4.6070477e-06
5729,8,8,0.99999994,9,9.641146e-09
5730,9,9,0.9998684,8,0.00013090158
5731,0,0,0.9997202,9,0.00019717665
5732,1,1,0.99993294,7,3.511561e-05
5733,2,2,0.9999997,8,1.924237e-07
5734,3,3,0.99942386,7,0.00040769138
5735,5,5,0.99951,3,0.00042696053
5736,6,6,0.99838716,4,0.0008013835
5737,0,0,0.99975216,2,0.00022441712
5738,1,1,0.99999195,7,5.4764337e-06
5739,2,2,0.99999946,8,3.3680928e-07
5740,3,3,0.9999997,5,2.741363e-07
5741,4,4,0.999999,8,5.870068e-07
5742,5,5,0.99995834,3,4.163321e-05
5743,6,6,0.9999977,2,1.055807e-06
5744,8,8,0.99999994,2,4.715587e-10
5745,7,7,0.9980649,1,0.0018083075
5746,1,1,0.9999723,2,2.3360433e-05
5747,3,3,0.99999994,5,9.578369e-09
5748,2,2,0.99999803,8,1.7775195e-06
5749,8,8,0.92856133,5,0.04152375
5750,0,0,0.9981852,2,0.0017792563
5751,7,7,0.9972166,3,0.0026791282
5752,5,5,0.99676925,3,0.0032305701
5753,9,9,0.9999848,5,1.4967569e-05
5754,9,9,0.9999593,4,1.938328e-05
5755,6,6,0.99999994,4,4.4788845e-08
5756,0,0,0.9760168,4,0.022956911
5757,9,9,0.97240275,8,0.026141843
5758,4,4,0.99999994,8,1.552758e-08
5759,1,1,0.9999102,2,8.793588e-05
5760,3,3,0.99999994,5,1.1454429e-08
5761,2,2,0.99999994,1,2.9802475e-08
5762,1,1,0.99993974,2,4.5587047e-05
5763,2,2,0.9999997,8,1.3642087e-07
5764,3,3,0.99999875,5,9.092968e-07
5765,8,8,0.9999996,2,3.0421833e-07
5766,3,3,0.99999994,5,8.037814e-09
5767,2,2,0.9999998,8,9.9449345e-08
5768,6,6,0.9999942,4,5.6299177e-06
5769,5,5,0.9991201,6,0.0008785396
5770,6,6,0.9999953,4,4.07558e-06
5771,8,8,0.9997189,2,0.00028107336
5772,2,2,0.9999885,3,7.2129737e-06
5773,7,7,0.9990901,9,0.00070201606
5774,4,4,0.9999998,9,5.7309954e-08
5775,8,8,0.9999997,2,2.8578887e-07
5776,1,1,0.9999712,8,2.2147413e-05
5777,8,8,0.9999998,2,1.2740817e-07
5778,0,0,0.9999923,4,3.2877783e-06
5779,5,5,0.99999994,9,1.9728077e-09
5780,3,3,0.999994,8,5.948487e-06
5781,9,9,0.99999374,4,3.2002877e-06
5782,4,4,0.99999994,2,2.5048378e-08
5783,1,1,0.9999984,8,8.4247085e-07
5784,9,9,0.9998498,4,9.1610775e-05
5785,2,2,0.99999994,8,1.3717318e-08
5786,1,1,0.9999967,2,1.2824398e-06
5787,9,9,0.99998814,4,7.999336e-06
5788,6,6,0.99999994,5,5.133504e-10
5789,7,7,0.9998898,3,9.89797e-05
5790,9,9,0.99999815,4,1.2747585e-06
5791,0,0,0.99829817,4,0.0014741302
5792,4,4,0.99999934,8,6.2981525e-07
5793,6,6,0.9999998,0,8.4576584e-08
5794,1,1,0.99998015,2,9.595721e-06
5795,7,7,0.9999308,3,5.7467754e-05
5796,3,3,0.99999994,5,8.5077945e-09
5797,8,8,0.99999994,5,4.3033365e-11
5798,7,7,0.9999655,3,1.6977481e-05
5799,2,2,0.999996,7,3.7564612e-06
5800,9,9,0.9999905,4,4.99948e-06
5801,6,6,0.9999619,0,1.8913346e-05
5802,5,5,0.99987173,9,0.0001278948
5803,8,8,0.9999983,2,1.6572498e-06
5804,3,3,0.9999998,5,6.584758e-08
5805,9,9,0.99999756,5,8.579148e-07
5806,0,0,0.9987219,4,0.0008270469
5807,5,5,0.9999959,9,4.025631e-06
5808,7,7,0.9999694,3,2.7266611e-05
5809,1,1,0.9999978,2,1.637515e-06
5810,6,6,0.9999992,4,6.7707344e-07
5811,1,1,0.9999961,2,2.4811277e-06
5812,0,0,0.9999948,6,3.5124394e-06
5813,9,9,0.9999991,4,3.3451968e-07
5814,3,3,0.99999946,5,1.986108e-07
5815,3,3,0.9999997,5,2.651153e-07
5816,4,4,0.99999994,9,2.170134e-09
5817,4,4,0.99999994,2,5.7659612e-08
5818,0,0,0.99999183,6,6.553151e-06
5819,6,6,0.9999996,5,2.6975496e-07
5820,2,2,0.9999961,3,1.5326393e-06
5821,5,5,0.99826795,3,0.0017201058
5822,4,4,0.99999994,2,4.408748e-08
5823,2,2,0.99999577,7,3.1763616e-06
5824,3,3,0.99999994,8,4.548367e-08
5825,4,4,0.99999994,6,7.4056565e-09
5826,6,6,0.9999997,4,1.934875e-07
5827,0,0,0.9981229,4,0.001404075
5828,0,0,0.9985635,6,0.0011365701
5829,2,2,0.99999994,1,1.5553536e-09
5830,0,0,0.9999921,9,5.4085713e-06
5831,1,1,0.9998916,8,5.1550713e-05
5832,4,4,0.9996848,2,0.00030931848
5833,5,5,0.9999445,3,5.482547e-05
5834,6,6,0.9999998,5,9.872043e-08
5835,7,7,0.9970567,2,0.002708631
5836,8,8,0.99999994,2,7.7082873e-10
5837,9,9,0.9999936,8,3.7705577e-06
5838,0,0,0.999999,2,8.002997e-07
5839,1,1,0.9999946,2,2.8563525e-06
5840,2,2,0.9999991,8,6.866498e-07
5841,3,3,0.99995965,5,3.9490125e-05
5842,4,4,0.99385583,7,0.0053741247
5843,5,5,0.999999,9,6.768299e-07
5844,6,6,0.99999994,4,5.1399636e-09
5845,7,7,0.99990815,2,8.562223e-05
5846,8,8,0.99999994,2,3.474462e-11
5847,0,0,0.9999874,2,1.07942e-05
5848,1,1,0.9999321,8,2.6904927e-05
5849,2,2,0.9999936,8,5.282509e-06
5850,3,3,0.99999994,5,1.942327e-08
5851,4,4,0.999939,7,3.1967375e-05
5852,5,5,0.9999996,3,4.1230822e-07
5853,6,6,0.9999992,5,6.9106983e-07
5854,7,7,0.9999643,4,1.777425e-05
5855,8,8,0.99999946,5,4.1067136e-07
5856,9,9,0.9999984,8,1.4659097e-06
5857,8,8,0.99999946,2,4.0826978e-07
5858,7,7,0.9999518,2,3.1020754e-05
5859,1,1,0.9999921,4,2.000395e-06
5860,3,3,0.99999946,5,4.2632342e-07
5861,7,7,0.99959046,2,0.0004047351
5862,5,5,0.9999997,3,2.452863e-07
5863,2,2,0.99999934,8,4.7602418e-07
5864,8,8,0.99999994,2,3.2841835e-10
5865,0,0,0.99999744,2,1.5344314e-06
5866,7,7,0.9999872,4,9.232308e-06
5867,5,5,0.9999991,3,7.9905055e-07
5868,9,9,0.9999929,8,6.6499597e-06
5869,9,9,0.9999973,5,1.2821166e-06
5870,0,0,0.9999824,8,1.4605092e-05
5871,9,9,0.9999954,8,2.9400662e-06
5872,1,1,0.9999942,7,3.6697897e-06
5873,1,1,0.9999977,8,1.0785867e-06
5874,5,5,0.9999979,3,2.0162922e-06
5875,8,8,0.99999994,2,6.54838e-10
5876,8,8,0.99999994,2,2.0271683e-08
5877,6,6,0.9968996,0,0.0030941467
5878,3,3,0.9892247,5,0.010773617
5879,2,2,0.99999994,1,1.3929322e-08
5880,1,1,0.99997514,8,8.4378e-06
5881,8,8,0.99999994,9,1.1518002e-09
5882,3,3,0.9999997,5,1.2799968e-07
5883,2,2,0.99999994,8,4.457944e-08
5884,6,6,0.99999994,8,1.8335766e-10
5885,5,5,0.9999979,3,1.9343097e-06
5886,6,6,0.9999997,5,2.0921745e-07
5887,7,7,0.98942184,0,0.0076593794
5888,4,4,0.9987113,0,0.0011278519
5889,1,1,0.9999892,8,4.6733153e-06
5890,0,0,0.99998456,8,9.746187e-06
5891,5,5,0.99998826,3,8.094062e-06
5892,3,3,0.999999,5,9.0943144e-07
5893,1,1,0.9999744,4,9.755769e-06
5894,9,9,0.9999997,8,1.233784e-07
5895,2,2,0.9999737,1,1.5940637e-05
5896,1,1,0.9999836,7,5.508418e-06
5897,9,9,0.9997295,4,0.0002284827
5898,6,6,0.99999994,5,2.4605022e-08
5899,0,0,0.99999934,2,5.070838e-07
5900,4,4,0.9999991,2,8.41057e-07
5901,6,6,0.9999998,5,1.0143306e-07
5902,1,1,0.99999493,8,4.4558565e-06
5903,7,7,0.9999644,3,1.383463e-05
5904,3,3,0.9999985,8,1.1805593e-06
5905,8,8,0.99999994,3,4.818622e-09
5906,7,7,0.9987394,4,0.0008791601
5907,2,2,0.9999899,8,9.844915e-06
5908,9,9,0.9999972,4,1.7443966e-06
5909,6,6,0.9999997,5,1.0834253e-07
5910,5,5,0.99999994,3,7.4030018e-09
5911,8,8,0.99999994,3,1.0031881e-08
5912,3,3,0.9992907,5,0.00070797297
5913,5,5,0.99999803,3,1.8833562e-06
5914,7,7,0.9998419,4,0.00015465973
5915,1,1,0.99998325,8,1.1694037e-05
5916,6,6,0.99999136,0,3.530825e-06
5917,1,1,0.9999767,9,9.075229e-06
5918,0,0,0.9999828,6,8.758391e-06
5919,9,9,0.99959356,8,0.00040428847
5920,6,6,0.99999946,5,4.277166e-07
5921,2,2,0.99994,1,5.3103875e-05
5922,5,5,0.99996716,3,3.2684868e-05
5923,4,4,0.99995154,2,4.491126e-05
5924,2,2,0.9999623,1,3.762672e-05
5925,3,3,0.99999934,5,5.4574883e-07
5926,4,4,0.99954194,9,0.00028556996
5927,4,4,0.99999744,2,2.44853e-06
5928,6,6,0.99999994,5,2.4893682e-08
5929,0,0,0.9999986,6,1.0230033e-06
5930,0,0,0.99999934,2,5.0404054e-07
5931,2,2,0.9999998,1,5.9753745e-08
5932,0,0,0.9999986,6,1.0328396e-06
5933,1,1,0.9999389,8,2.4396151e-05
5934,2,2,0.99998313,1,1.1145456e-05
5935,3,3,0.99849045,5,0.0014841164
5936,4,4,0.99834234,9,0.0010039711
5937,5,3,0.8549539,5,0.14504285
5938,6,6,0.99999803,5,1.2119029e-06
5939,7,7,0.9537089,9,0.043633252
5940,8,8,0.9999904,2,9.431476e-06
5941,9,9,0.9999985,4,1.2270431e-06
5942,0,0,0.9999719,2,1.8525352e-05
5943,1,1,0.9997537,8,0.00012849363
5944,2,2,0.9999983,7,9.431006e-07
5945,3,3,0.9999936,8,3.6859396e-06
5946,4,4,0.99999994,8,6.4028667e-09
5947,5,5,0.99999946,9,3.5728064e-07
5948,6,6,0.9999997,5,9.4757944e-08
5949,7,7,0.99835265,9,0.0015314183
5950,8,8,0.99995285,6,2.73271e-05
5951,9,9,0.9999439,4,5.038084e-05
5952,0,0,0.99998814,5,5.621905e-06
5953,1,1,0.9997213,2,0.00012020429
5954,2,2,0.99999934,3,5.8210236e-07
5955,3,8,0.97286785,3,0.026935518
5956,4,4,0.99999636,9,3.3960382e-06
5957,5,5,0.99999946,3,2.62947e-07
5958,6,6,0.9999998,5,1.07721085e-07
5959,7,7,0.9924016,9,0.0066595306
5960,8,8,0.9999345,2,5.886221e-05
5961,9,9,0.99915844,7,0.00036767535
5962,8,8,0.9999998,5,5.7456397e-08
5963,6,6,0.99999136,5,6.6726793e-06
5964,5,5,0.999994,3,5.9434287e-06
5965,0,0,0.99998754,6,8.002176e-06
5966,6,6,0.99999887,5,1.1311162e-06
5967,8,8,0.9999916,2,5.315513e-06
5968,9,9,0.9999891,3,8.3485975e-06
5969,4,4,0.9999977,8,9.688954e-07
5970,1,1,0.9999437,4,3.567633e-05
5971,9,9,0.9999835,4,1.0887857e-05
5972,5,5,0.99970484,3,0.00029252077
5973,3,3,0.78650296,8,0.20822255
5974,0,0,0.9999872,2,5.520165e-06
5975,4,4,0.99999386,9,5.7695624e-06
5976,8,8,0.99999756,2,1.1028321e-06
5977,9,9,0.99997896,4,9.942026e-06
5978,1,1,0.99946845,8,0.00026849518
5979,4,4,0.9999998,9,4.5327692e-08
5980,0,0,0.99982953,6,0.00016858106
5981,5,5,0.9984319,9,0.00092185213
5982,5,5,0.9971807,3,0.0028177488
5983,2,2,0.9999561,0,3.6205092e-05
5984,1,1,0.99910355,2,0.00055832387
5985,5,5,0.9997885,8,0.00011223934
5986,4,4,0.9999892,9,7.847968e-06
5987,0,0,0.999305,5,0.00036780591
5988,7,7,0.99992234,2,3.678905e-05
5989,6,6,0.9999961,5,2.7127523e-06
5990,0,0,0.9998436,6,0.00014389963
5991,1,1,0.9999679,4,1.3767409e-05
5992,7,7,0.99983716,9,0.00013214978
5993,0,0,0.9999742,6,2.4588595e-05
5994,6,6,0.9999998,5,1.1000336e-07
5995,8,8,0.99999994,2,1.7488421e-08
5996,9,9,0.99893004,3,0.00028448805
5997,5,5,0.97163785,9,0.015813641
5998,1,1,0.99096125,8,0.003910149
5999,7,7,0.9997978,3,9.149059e-05
6000,9,9,0.9998164,7,9.342547e-05
6001,8,8,0.99999946,6,2.4975057e-07
6002,6,6,0.9999909,5,7.195162e-06
6003,0,0,0.9999407,6,4.372831e-05
6004,8,8,0.99993235,9,2.4264637e-05
6005,1,1,0.99775875,8,0.0015963727
6006,7,7,0.9845196,9,0.007895996
6007,7,7,0.9998684,9,0.00010340108
6008,1,1,0.99920505,4,0.00059988274
6009,3,3,0.9980941,5,0.0019024339
6010,2,2,0.9999961,8,3.6072247e-06
6011,3,3,0.5692071,5,0.42901903
6012,1,1,0.99993795,4,3.6064976e-05
6013,4,4,0.9999965,2,3.1988197e-06
6014,2,2,0.9999998,7,5.8404186e-08
6015,0,0,0.99999243,6,5.2940673e-06
6016,0,0,0.999983,6,1.6293881e-05
6017,7,7,0.9968527,2,0.0019849206
6018,8,8,0.99999994,2,4.1858065e-08
6019,4,4,0.99998885,9,5.949727e-06
6020,6,6,0.9999233,5,7.472363e-05
6021,4,4,0.9999978,9,8.710579e-07
6022,9,9,0.9999854,8,6.8660474e-06
6023,3,3,0.9887573,5,0.009203512
6024,8,8,0.99999624,3,2.448567e-06
6025,4,4,0.99999887,9,8.863139e-07
6026,7,7,0.95527714,8,0.021962008
6027,2,2,0.9998986,8,5.229118e-05
6028,5,5,0.9991631,3,0.00083681796
6029,6,6,0.9999904,5,9.062614e-06
6030,3,3,0.99999887,5,4.2483325e-07
6031,6,6,0.9999681,5,3.1271033e-05
6032,9,9,0.99999136,4,8.3252335e-06
6033,6,6,0.999994,5,5.1437264e-06
6034,3,3,0.999975,5,2.4456107e-05
6035,2,2,0.99940145,0,0.0005424466
6036,2,2,0.9999966,8,3.068288e-06
6037,4,4,0.99999505,9,4.7778162e-06
6038,6,6,0.9999971,5,2.8548536e-06
6039,9,9,0.999983,4,1.56126e-05
6040,0,0,0.99999374,5,2.8804004e-06
6041,2,2,0.99999815,8,1.1537733e-06
6042,5,5,0.8981415,9,0.09772389
6043,5,5,0.9999985,3,1.3284504e-06
6044,1,1,0.9999562,4,2.507672e-05
6045,3,3,0.9999978,8,1.4463842e-06
6046,3,3,0.9999983,8,1.4938444e-06
6047,9,9,0.99997836,4,1.0501437e-05
6048,7,7,0.9858852,2,0.0069837263
6049,8,8,0.9999744,2,2.5275935e-05
6050,7,7,0.9988576,3,0.00092139596
6051,2,2,0.9999735,8,2.6218298e-05
6052,2,2,0.99998313,8,1.5890259e-05
6053,5,5,0.99985623,3,0.000120753444
6054,7,7,0.9981212,9,0.0013861816
6055,9,9,0.999986,3,5.8489336e-06
6056,8,8,0.99999946,2,3.8508026e-07
6057,2,2,0.99999946,8,2.934477e-07
6058,1,1,0.999993,4,2.3681694e-06
6059,3,3,0.99963677,5,0.00023988179
6060,1,1,0.99995345,8,3.0947256e-05
6061,3,3,0.99999756,5,2.3093207e-06
6062,0,0,0.9999941,8,3.1272248e-06
6063,1,1,0.9972057,8,0.0025673057
6064,2,2,0.9999978,8,1.4537355e-06
6065,3,3,0.9938425,8,0.0058987867
6066,4,4,0.9999997,8,9.625898e-08
6067,5,5,0.99999946,9,4.0827717e-07
6068,6,6,0.99999994,4,1.3378533e-09
6069,7,7,0.9999961,9,1.7153388e-06
6070,8,8,0.99996537,2,3.038994e-05
6071,9,9,0.9876522,3,0.010060811
6072,0,0,0.9995195,6,0.00032145868
6073,1,1,0.99883455,8,0.0006338022
6074,2,2,0.9999946,8,4.5559273e-06
6075,3,3,0.99996895,5,3.0846524e-05
6076,4,4,0.99999946,9,3.7651554e-07
6077,5,5,0.9999998,8,7.3033995e-08
6078,6,6,0.99999994,4,1.7276591e-09
6079,7,7,0.99998933,2,5.26953e-06
6080,8,8,0.999901,6,4.942802e-05
6081,9,9,0.971129,5,0.02337209
6082,0,0,0.999975,9,7.754014e-06
6083,1,1,0.9996766,2,0.00014508219
6084,2,2,0.99993795,8,5.2921863e-05
6085,3,3,0.99998516,5,1.0756615e-05
6086,4,4,0.9999717,8,2.0364634e-05
6087,5,5,0.9999936,8,5.975213e-06
6088,6,6,0.9999998,5,1.10304654e-07
6089,7,7,0.9999878,2,8.307992e-06
6090,8,8,0.999988,2,9.098305e-06
6091,9,9,0.79821914,5,0.20042048
6092,1,1,0.99988383,8,8.153804e-05
6093,2,2,0.9883427,8,0.011406514
6094,6,6,0.9999998,5,4.815206e-08
6095,5,5,0.99999994,3,2.6004992e-08
6096,3,3,0.9999909,5,9.091089e-06
6097,0,0,0.9999953,6,3.7149505e-06
6098,7,7,0.9998798,3,5.3819225e-05
6099,0,0,0.9999905,2,6.896394e-06
6100,4,4,0.99999934,8,4.3402224e-07
6101,1,1,0.9245414,8,0.061396174
6102,4,4,0.9999998,2,1.582596e-07
6103,3,3,0.9999998,5,1.2560346e-07
6104,6,6,0.9999998,8,7.4187795e-08
6105,7,7,0.9996946,3,0.00028186964
6106,2,2,0.9999978,1,8.928283e-07
6107,3,3,0.9999792,5,2.0602247e-05
6108,1,1,0.9999884,2,8.522928e-06
6109,2,2,0.9999903,7,6.429396e-06
6110,1,1,0.99971807,2,0.00013762887
6111,2,2,0.9999766,8,1.6178576e-05
6112,9,9,0.9916292,8,0.005731567
6113,6,6,0.99999374,8,5.6465246e-06
6114,0,0,0.9999904,2,5.66405e-06
6115,1,1,0.9967911,8,0.003081534
6116,3,3,0.9998479,5,0.00015190258
6117,0,0,0.99995893,2,2.9911149e-05
6118,2,2,0.99991816,8,3.9161387e-05
6119,7,7,0.99999815,2,8.2828694e-07
6120,5,5,0.99999875,3,3.662735e-07
6121,7,7,0.999942,9,3.7966183e-05
6122,6,6,0.9999998,5,8.32193e-08
6123,2,2,0.9999984,8,1.1856058e-06
6124,9,9,0.9985038,5,0.0013180884
6125,1,1,0.9999954,8,2.7942883e-06
6126,9,9,0.9991342,5,0.0008473248
6127,0,0,0.9999998,2,4.0365528e-08
6128,6,6,0.99999994,5,4.1384926e-08
6129,0,0,0.9999998,2,1.3100326e-07
6130,6,6,0.99999994,5,1.0344031e-08
6131,0,0,0.9999842,2,1.4702985e-05
6132,2,2,0.99999946,8,3.883441e-07
6133,0,0,0.99998325,6,1.541674e-05
6134,6,6,0.9999973,5,2.4455965e-06
6135,1,1,0.99997586,2,1.7455402e-05
6136,5,5,0.9999992,8,7.488197e-07
6137,8,8,0.9999984,2,9.2908783e-07
6138,4,4,0.99999994,2,1.5293262e-08
6139,3,3,0.99997634,5,2.2909458e-05
6140,0,0,0.9999725,6,2.1292164e-05
6141,1,1,0.9999675,8,1.8365337e-05
6142,5,5,0.99999934,8,3.1201554e-07
6143,4,4,0.99999577,8,4.027209e-06
6144,4,4,0.9999996,2,3.152062e-07
6145,8,8,0.9999998,2,1.03309034e-07
6146,5,5,0.9999952,8,4.5670145e-06
6147,7,7,0.9999917,9,6.9044245e-06
6148,5,5,0.9999998,3,9.030217e-08
6149,7,7,0.99996036,9,3.0667597e-05
6150,8,8,0.9999997,2,2.1644559e-07
6151,3,3,0.9999997,5,1.89036e-07
6152,4,4,0.9999991,7,5.0796126e-07
6153,8,8,0.99999756,3,1.5664199e-06
6154,8,8,0.9999936,3,2.2876723e-06
6155,5,5,0.9999998,3,7.706369e-08
6156,2,2,0.99999994,1,1.7558678e-08
6157,9,9,0.99022055,5,0.00472149
6158,7,7,0.9977932,3,0.0011852742
6159,1,1,0.99996525,2,1.8604831e-05
6160,3,3,0.99999696,8,2.6579569e-06
6161,8,8,0.99934155,2,0.0006247758
6162,1,1,0.99998933,8,6.07234e-06
6163,0,0,0.99998206,6,1.1516337e-05
6164,7,7,0.99999315,3,2.9286896e-06
6165,5,5,0.99999934,3,4.7384694e-07
6166,9,9,0.54495853,3,0.29960796
6167,6,6,0.99999994,4,1.0554308e-08
6168,9,9,0.96195704,8,0.021182267
6169,4,4,0.99999994,6,2.0823068e-08
6170,7,7,0.9995039,9,0.0003775408
6171,7,7,0.9994897,3,0.00037503082
6172,9,9,0.95217764,5,0.04727516
6173,9,9,0.683805,8,0.29513428
6174,3,3,0.99934095,5,0.00065858004
6175,4,4,0.99999446,8,4.662522e-06
6176,4,4,0.9999996,8,1.8703082e-07
6177,3,3,0.99999636,5,3.606682e-06
6178,8,8,0.9999959,2,3.3979675e-06
6179,6,6,0.9999252,5,7.383716e-05
6180,2,2,0.9999749,1,2.3462371e-05
6181,0,0,0.9999947,2,2.756146e-06
6182,1,1,0.9999574,8,3.4936857e-05
6183,2,2,0.99999994,8,3.2461227e-08
6184,3,3,0.9999998,5,1.020669e-07
6185,4,4,0.9996923,8,0.0003060155
6186,5,5,0.99999994,9,2.5943065e-08
6187,6,6,0.9999997,4,2.6523568e-07
6188,7,7,0.99987555,9,5.639849e-05
6189,8,8,0.99999994,2,1.847592e-09
6190,9,9,0.99999934,8,3.3832328e-07
6191,0,0,0.9999816,2,1.769758e-05
6192,1,1,0.9999959,8,3.1438562e-06
6193,2,2,0.99999815,3,8.0431215e-07
6194,3,3,0.99999946,5,3.2517684e-07
6195,4,4,0.99999875,9,6.0916335e-07
6196,5,5,0.99999994,3,2.3198284e-08
6197,6,6,0.99999994,4,1.2971229e-08
6198,7,7,0.9999941,2,4.3108516e-06
6199,8,8,0.99999994,5,1.5274955e-08
6200,9,9,0.99998087,8,1.7845285e-05
6201,0,0,0.9999984,2,1.2735959e-06
6202,1,1,0.99999946,8,2.8618155e-07
6203,2,2,0.9999998,8,1.551456e-07
6204,3,3,0.99999875,5,8.3853473e-07
6205,4,4,0.9999755,8,2.448083e-05
6206,5,5,0.99999994,3,4.393183e-09
6207,6,6,0.99999994,4,1.7505107e-08
6208,7,7,0.9999693,2,1.8121813e-05
6209,8,8,0.99999994,2,6.2239844e-09
6210,9,9,0.999996,4,3.0851402e-06
6211,0,0,0.9999996,6,3.2964502e-07
6212,8,8,0.9999998,3,1.1428378e-07
6213,3,3,0.9999525,5,4.7466423e-05
6214,9,9,0.9999971,4,1.6384198e-06
6215,5,5,0.99999994,3,3.4739703e-08
6216,5,5,0.99999994,3,2.3967662e-08
6217,2,2,0.9999977,8,2.231029e-06
6218,6,6,0.99999875,4,1.1595497e-06
6219,8,8,0.99999994,2,4.626426e-10
6220,4,4,0.9999998,8,7.5543305e-08
6221,9,9,0.9999952,8,3.9556494e-06
6222,1,1,0.9999934,7,2.463292e-06
6223,7,7,0.99999267,2,5.212265e-06
6224,1,1,0.99998254,7,9.573468e-06
6225,2,2,0.99999994,8,2.5155337e-08
6226,3,3,0.9999998,5,1.2127519e-07
6227,5,5,0.9977215,3,0.0022784108
6228,9,9,0.99999887,8,6.674101e-07
6229,6,6,0.9999998,4,1.4473922e-07
6230,9,9,0.9999979,4,1.6061216e-06
6231,1,1,0.9999842,8,1.25220595e-05
6232,1,1,0.99996597,8,1.4554711e-05
6233,1,1,0.9999955,7,2.244407e-06
6234,2,2,0.99997693,3,1.5821779e-05
6235,9,9,0.9999961,8,3.1344778e-06
6236,5,5,0.99999994,3,3.546876e-08
6237,6,6,0.99998945,4,9.706885e-06
6238,8,8,0.9999996,5,2.538898e-07
6239,1,1,0.9999923,7,5.7937264e-06
6240,2,2,0.9999996,3,1.9747874e-07
6241,0,0,0.99999017,6,8.793776e-06
6242,7,7,0.999973,4,1.0402948e-05
6243,7,7,0.9998917,4,0.00010083385
6244,5,5,0.9999997,3,2.9072604e-07
6245,8,8,0.99999994,3,5.6459826e-10
6246,2,2,0.99999994,8,1.0814059e-08
6247,9,9,0.99998826,8,1.13346305e-05
6248,8,8,0.99999994,3,7.835651e-10
6249,9,9,0.99957174,8,0.0004279994
6250,0,0,0.9996711,6,0.00031392227
6251,4,4,0.99999577,9,2.52607e-06
6252,6,6,0.99999994,5,3.3003815e-08
6253,7,7,0.9999245,2,6.411972e-05
6254,1,1,0.99999744,7,2.129047e-06
6255,3,3,0.9999998,8,1.4250136e-07
6256,4,4,0.9999121,8,6.5458364e-05
6257,5,5,0.99999994,9,2.881257e-09
6258,6,6,0.99999994,4,7.285421e-09
6259,0,0,0.99999696,6,2.9434852e-06
6260,3,3,0.9999997,5,1.3997668e-07
6261,6,6,0.99999994,0,4.804443e-09
6262,8,8,0.99999994,3,2.0544155e-08
6263,7,7,0.99941885,2,0.00039234123
6264,0,0,0.997738,4,0.00188404
6265,4,4,0.99998003,8,1.9343428e-05
6266,2,2,0.9999973,8,2.24013e-06
6267,7,7,0.9999811,2,1.4895986e-05
6268,4,4,0.9999997,8,1.5920858e-07
6269,7,7,0.9999946,9,2.5497693e-06
6270,5,5,0.9999998,3,8.05433e-08
6271,4,4,0.99997646,8,1.872321e-05
6272,3,3,0.9999998,5,1.2441357e-07
6273,4,4,0.9999972,0,1.5326599e-06
6274,2,2,0.9999998,8,1.475575e-07
6275,8,8,0.99999994,2,2.5521851e-09
6276,1,1,0.999999,2,5.669749e-07
6277,5,5,0.9999998,3,7.666608e-08
6278,1,1,0.9999941,2,4.0724044e-06
6279,2,2,0.99999803,7,1.8139372e-06
6280,0,0,0.99999946,2,2.91478e-07
6281,2,2,0.9999998,8,8.896578e-08
6282,5,5,0.99999994,6,1.1332604e-08
6283,6,6,0.9999998,4,1.0719148e-07
6284,4,4,0.99999136,8,6.9904277e-06
6285,3,3,0.9999991,5,8.419109e-07
6286,0,0,0.9999849,2,1.3365861e-05
6287,0,0,0.9999952,2,4.341664e-06
6288,0,0,0.9999967,2,2.5775682e-06
6289,3,3,0.99999684,5,3.0644578e-06
6290,3,3,0.9999998,5,9.611864e-08
6291,5,5,0.99999994,6,3.9731006e-08
6292,7,7,0.9999295,2,6.373783e-05
6293,0,0,0.99999815,2,1.5077114e-06
6294,6,6,0.9999911,4,6.414806e-06
6295,4,4,0.9999855,8,1.398494e-05
6296,8,8,0.99999994,5,2.7112323e-09
6297,8,8,0.99999994,5,5.8137284e-10
6298,6,6,0.9999898,5,9.697608e-06
6299,3,3,0.9999998,5,1.02674925e-07
6300,4,4,0.9999998,9,1.15303536e-07
6301,6,6,0.99999994,0,2.4962814e-08
6302,9,9,0.99999493,8,4.9782066e-06
6303,9,9,0.9999983,8,1.572372e-06
6304,8,8,0.9999998,5,5.1431133e-08
6305,2,2,0.99999803,8,1.918721e-06
6306,7,7,0.9997226,3,0.00024514436
6307,7,7,0.99995154,3,4.6146866e-05
6308,1,1,0.9999588,7,2.307227e-05
6309,0,0,0.99999946,2,2.8815722e-07
6310,1,1,0.9998121,8,0.000121753204
6311,2,2,0.9999997,8,1.8163213e-07
6312,3,3,0.99999994,8,2.4178735e-08
6313,4,4,0.9999998,8,1.2472626e-07
6314,5,5,0.99999994,6,2.075847e-08
6315,6,6,0.99999994,4,6.448877e-09
6316,7,7,0.9995071,2,0.00029884308
6317,8,8,0.99999434,2,5.659483e-06
6318,9,9,0.99999434,8,5.3213657e-06
6319,0,0,0.9999998,2,4.9805617e-08
6320,1,1,0.9999936,2,2.891508e-06
6321,2,2,0.99999994,3,8.294175e-10
6322,3,3,0.99999994,5,4.8845557e-08
6323,4,4,0.99999994,9,1.2259639e-08
6324,5,5,0.99999994,6,1.5027414e-08
6325,6,6,0.99999994,4,1.0315129e-08
6326,7,7,0.9999253,2,4.6820656e-05
6327,8,8,0.9999998,2,1.12950715e-07
6328,0,0,0.9999966,2,3.3295978e-06
6329,1,1,0.99999934,7,1.8159432e-07
6330,2,2,0.99999994,3,9.836397e-10
6331,3,3,0.9999997,5,2.145299e-07
6332,4,4,0.99999994,8,4.817418e-09
6333,5,5,0.99999994,3,1.927708e-08
6334,6,6,0.99999803,4,1.7925648e-06
6335,7,7,0.9999774,3,1.324725e-05
6336,8,8,0.9999998,2,6.2706725e-08
6337,2,2,0.9999997,3,1.5728459e-07
6338,1,1,0.99992114,7,2.6924268e-05
6339,7,7,0.9999389,3,2.6419944e-05
6340,2,2,0.9999998,3,7.1916794e-08
6341,5,5,0.99999994,3,9.2250135e-10
6342,0,0,0.9999985,6,9.680298e-07
6343,8,8,0.99999994,2,3.4344534e-08
6344,0,0,0.99995154,6,4.6909037e-05
6345,2,2,0.99999684,0,2.7489593e-06
6346,7,7,0.9996618,3,0.00019594016
6347,8,8,0.9999916,6,7.4474206e-06
6348,8,8,0.9999855,2,1.4446659e-05
6349,3,3,0.99999994,8,1.7514092e-08
6350,6,6,0.99999994,8,1.0091008e-08
6351,0,0,0.9999054,2,8.892511e-05
6352,2,2,0.99999994,0,2.8340038e-08
6353,7,7,0.9999996,9,2.1217171e-07
6354,6,6,0.99999994,5,6.167165e-10
6355,6,6,0.99999994,5,2.2582498e-08
6356,1,1,0.9999538,2,2.343938e-05
6357,2,2,0.99999994,8,1.3587873e-08
6358,8,8,0.9999996,2,3.5065105e-07
6359,8,8,0.99999386,2,6.016688e-06
6360,7,7,0.9999997,9,7.803204e-08
6361,7,7,0.99994785,2,3.2929398e-05
6362,4,4,0.99999803,7,1.7427486e-06
6363,7,7,0.9999977,9,1.5888481e-06
6364,7,7,0.99997836,3,1.4442189e-05
6365,3,3,0.99999994,5,3.52643e-08
6366,7,7,0.9999011,3,6.5176086e-05
6367,4,4,0.9999997,5,2.2566488e-07
6368,5,5,0.99999994,3,4.6720166e-09
6369,4,4,0.9999978,2,1.6425183e-06
6370,3,3,0.9999998,8,1.6307321e-07
6371,3,3,0.9999998,8,1.5338168e-07
6372,8,8,0.9999996,2,1.6454068e-07
6373,4,4,0.99999994,7,5.036927e-08
6374,1,1,0.999999,8,3.6878424e-07
6375,1,1,0.99998146,2,1.323171e-05
6376,9,9,0.9999847,4,1.0041019e-05
6377,7,7,0.99971914,9,0.00013939936
6378,4,4,0.99999994,2,1.3969524e-08
6379,3,3,0.9999997,8,2.3542049e-07
6380,7,7,0.9993931,9,0.0005540634
6381,3,3,0.9999997,5,1.15950925e-07
6382,3,3,0.99999994,5,1.2727837e-09
6383,0,0,0.99999815,2,1.645173e-06
6384,2,2,0.9999998,8,9.881047e-08
6385,5,5,0.9999998,3,1.736253e-07
6386,5,5,0.99999994,3,7.493481e-09
6387,6,6,0.99999994,4,2.607189e-08
6388,6,6,0.99999946,5,2.0025615e-07
6389,3,3,0.9999947,8,4.465917e-06
6390,5,5,0.99999946,8,4.7304195e-07
6391,2,2,0.99992186,0,5.9266687e-05
6392,5,5,0.9951125,8,0.0047338163
6393,9,9,0.9999611,4,3.3121614e-05
6394,9,9,0.99999744,3,1.2678782e-06
6395,8,8,0.9999979,2,1.6622492e-06
6396,4,4,0.99996763,8,2.6805996e-05
6397,1,1,0.99998647,8,4.353231e-06
6398,0,0,0.9999408,5,2.7672342e-05
6399,6,6,0.9999998,4,1.2350614e-07
6400,0,0,0.846794,4,0.14793377
6401,9,9,0.99994344,4,5.034763e-05
6402,6,6,0.9999992,4,3.7831188e-07
6403,8,8,0.9999998,6,7.2496746e-08
6404,8,8,0.9999996,2,3.2612658e-07
6405,5,5,0.99999994,6,2.5161048e-08
6406,6,6,0.99999994,5,6.637413e-09
6407,1,1,0.9999576,8,1.7275155e-05
6408,1,1,0.9999178,4,5.5745273e-05
6409,9,9,0.99995023,4,3.74068e-05
6410,8,8,0.99997514,2,2.21754e-05
6411,9,9,0.99995893,4,2.107569e-05
6412,2,2,0.99999994,0,2.2084846e-08
6413,3,3,0.99999994,5,1.6956568e-08
6414,5,5,0.99999994,3,4.3318284e-08
6415,5,5,0.99999994,3,1.8183094e-09
6416,9,9,0.9995515,5,0.0003148032
6417,4,4,0.9999439,8,3.359264e-05
6418,2,2,0.9995466,7,0.00045295208
6419,1,1,0.9999669,2,1.8567267e-05
6420,9,9,0.9999791,4,1.6712536e-05
6421,3,3,0.9999948,2,4.3179566e-06
6422,9,9,0.99995106,4,2.1836782e-05
6423,2,2,0.99999994,4,1.0198955e-09
6424,0,0,0.99954575,2,0.00044532627
6425,6,6,0.9999966,0,2.5501806e-06
6426,0,0,0.99985933,2,9.7804535e-05
6427,4,4,0.99999875,8,1.0099459e-06
6428,0,0,0.9999712,2,2.6700489e-05
6429,0,0,0.9999979,2,1.9687134e-06
6430,1,1,0.999968,2,3.0145646e-05
6431,2,2,0.99999994,8,1.12591145e-08
6432,3,3,0.9999997,9,1.3678759e-07
6433,4,4,0.9999997,2,2.7208546e-07
6434,7,7,0.99998397,1,1.1915982e-05
6435,8,8,0.99999994,2,2.7386967e-08
6436,9,9,0.9999997,8,2.148163e-07
6437,0,0,0.99999446,2,5.4122374e-06
6438,1,1,0.999978,2,2.0366104e-05
6439,2,2,0.99999994,8,1.1086038e-08
6440,3,3,0.9999998,5,1.0489689e-07
6441,7,7,0.99997145,4,2.2358536e-05
6442,8,8,0.99999994,2,1.0897857e-08
6443,9,9,0.99997336,8,2.4231038e-05
6444,0,0,0.99999887,2,6.111989e-07
6445,1,1,0.9999648,2,3.4482167e-05
6446,2,2,0.9999998,7,1.2417661e-07
6447,3,3,0.9999997,5,2.64756e-07
6448,4,4,0.99999994,1,1.844396e-08
6449,7,7,0.9999978,1,1.6251265e-06
6450,8,8,0.9999997,2,1.8996654e-07
6451,9,9,0.9999934,8,4.758501e-06
6452,7,7,0.99999124,4,7.645158e-06
6453,3,3,0.99994034,5,5.936672e-05
6454,0,0,0.9999978,2,1.7769768e-06
6455,3,3,0.9999961,5,3.8507696e-06
6456,1,1,0.9999811,2,1.7575227e-05
6457,8,8,0.99999994,2,7.374182e-09
6458,7,7,0.99994713,1,4.69129e-05
6459,6,6,0.9999991,4,3.813346e-07
6460,4,4,0.9999823,8,1.5844833e-05
6461,0,0,0.99999934,6,3.2363982e-07
6462,2,2,0.99999994,8,5.470471e-09
6463,6,6,0.999999,4,8.655151e-07
6464,8,8,0.9999998,2,1.02817985e-07
6465,3,3,0.99999255,5,7.4352783e-06
6466,2,2,0.99999994,7,6.6318826e-09
6467,8,8,0.99999994,2,2.6143397e-08
6468,1,1,0.9998942,2,9.886522e-05
6469,2,2,0.99999994,8,1.7052637e-08
6470,0,0,0.9999812,2,1.8012719e-05
6471,7,7,0.99980354,1,0.0001847907
6472,1,1,0.99999875,2,9.4007305e-07
6473,0,0,0.99999636,2,1.8567822e-06
6474,4,4,0.99999386,1,2.2561676e-06
6475,4,4,0.99999994,2,1.2347924e-08
6476,5,5,0.99999994,6,1.1028567e-08
6477,8,8,0.99999124,9,7.8387e-06
6478,0,0,0.9999916,2,7.3537517e-06
6479,6,6,0.99997693,5,2.170507e-05
6480,2,2,0.9999992,1,2.8141326e-07
6481,3,3,0.99999875,5,1.1422989e-06
6482,1,1,0.99999744,2,1.4391463e-06
6483,5,5,0.99999994,9,2.7182136e-08
6484,1,1,0.99995583,2,4.185908e-05
6485,8,8,0.9999946,2,5.2821815e-06
6486,5,5,0.99999994,9,5.5237446e-09
6487,9,9,0.9999781,8,2.0607864e-05
6488,4,4,0.9999996,1,1.3606082e-07
6489,0,0,0.9999873,2,1.14333925e-05
6490,7,7,0.99999946,1,1.8289523e-07
6491,5,5,0.99999994,9,2.1070573e-08
6492,8,8,0.99999946,2,4.1563192e-07
6493,8,8,0.9999998,2,1.7236157e-07
6494,3,3,0.99998397,5,1.600896e-05
6495,8,8,0.9997692,9,0.0001968239
6496,9,9,0.9999953,8,3.972298e-06
6497,2,2,0.99999994,8,4.0533337e-08
6498,6,6,0.99999803,5,1.8658684e-06
6499,2,2,0.9999979,8,1.2032219e-06
6500,5,5,0.9999998,8,9.801796e-08
6501,3,3,0.9999992,5,6.575194e-07
6502,1,1,0.99997336,2,2.4506287e-05
6503,7,7,0.9999953,1,2.802612e-06
6504,3,3,0.99999994,5,2.0401705e-08
6505,9,9,0.86792976,0,0.11927833
6506,1,1,0.9998897,2,0.00010191071
6507,9,9,0.99990016,8,9.622807e-05
6508,9,9,0.99999696,4,2.4509611e-06
6509,6,6,0.9999998,5,1.40699e-07
6510,0,0,0.9999102,2,8.960504e-05
6511,3,3,0.99963003,5,0.00037003827
6512,9,9,0.9995745,8,0.00038035063
6513,2,2,0.99999994,3,4.234776e-08
6514,8,8,0.99999934,2,5.775928e-07
6515,1,1,0.9999756,2,2.3596845e-05
6516,4,4,0.9999983,8,1.6316419e-06
6517,3,3,0.9929874,5,0.007000438
6518,5,5,0.9999986,9,1.3070442e-06
6519,2,2,0.99999994,8,4.700225e-09
6520,9,9,0.9999873,8,1.0996057e-05
6521,2,2,0.9999996,8,1.9541066e-07
6522,5,5,0.9999909,8,8.172805e-06
6523,8,8,0.99998003,9,1.9741765e-05
6524,9,9,0.99999934,8,4.9582593e-07
6525,5,5,0.9999998,3,1.4593495e-07
6526,0,0,0.9999824,6,1.6159025e-05
6527,1,1,0.999921,2,7.5050055e-05
6528,2,2,0.9999998,1,1.492059e-07
6529,4,4,0.9999872,2,1.20443e-05
6530,5,5,0.9999936,8,4.32271e-06
6531,6,6,0.99999934,4,6.156241e-07
6532,0,0,0.99796355,5,0.0016513284
6533,1,1,0.99999505,7,2.4895842e-06
6534,2,2,0.99999684,7,2.7359606e-06
6535,3,3,0.9999996,5,2.2243462e-07
6536,4,4,0.99999934,8,4.6305925e-07
6537,5,5,0.9999997,9,1.731583e-07
6538,6,6,0.99953693,4,0.0002172323
6539,7,7,0.99997014,9,1.1894347e-05
6540,1,1,0.99937385,8,0.00030266555
6541,2,2,0.9999998,3,5.1105406e-08
6542,3,3,0.9999259,7,6.17242e-05
6543,4,4,0.99976873,2,0.00023126688
6544,5,5,0.9999772,3,2.1886262e-05
6545,1,1,0.99993104,2,4.9099268e-05
6546,0,0,0.9998715,8,5.3951517e-05
6547,4,4,0.99999696,8,2.0423897e-06
6548,5,5,0.99999756,3,2.3786442e-06
6549,6,6,0.99999577,4,3.4757684e-06
6550,6,6,0.99999934,5,2.9852652e-07
6551,3,3,0.9999998,5,1.3215558e-07
6552,4,4,0.9999946,2,2.3787982e-06
6553,4,4,0.9904494,9,0.006606952
6554,2,2,0.9996642,3,0.00015568297
6555,8,8,0.9957805,7,0.002610692
6556,1,1,0.9999599,7,3.092872e-05
6557,0,0,0.99602616,2,0.0038999626
6558,6,6,0.9281406,2,0.030929387
6559,4,4,0.9989681,2,0.0010246324
6560,9,5,0.6470831,9,0.34549412
6561,7,7,0.9044136,9,0.051700514
6562,2,2,0.9998548,3,0.00014236737
6563,3,3,0.99999803,5,8.9551816e-07
6564,3,3,0.9984988,5,0.0010982523
6565,9,9,0.9986954,5,0.0009607473
6566,2,2,0.9999998,4,1.2540335e-07
6567,0,0,0.99998385,2,6.976955e-06
6568,9,9,0.9950275,5,0.0027926494
6569,3,3,0.9891144,2,0.00791399
6570,3,3,0.9996613,5,0.0002920785
6571,9,7,0.43762565,9,0.43437305
6572,1,1,0.87036186,7,0.07966903
6573,5,5,0.9997083,3,0.00029170275
6574,2,2,0.9995143,6,0.0002647324
6575,3,3,0.999507,7,0.0003444488
6576,7,7,0.5467465,1,0.3721126
6577,7,7,0.9961907,2,0.0017306609
6578,8,8,0.98484296,5,0.014842821
6579,4,4,0.9998493,2,0.000108816166
6580,0,0,0.99996537,2,2.916341e-05
6581,2,2,0.999999,7,8.530202e-07
6582,4,4,0.99999994,1,5.7339453e-09
6583,0,0,0.9999986,6,1.3059627e-06
6584,2,2,0.99938697,3,0.00043260847
6585,4,4,0.99999946,8,4.8134206e-07
6586,7,7,0.99929714,3,0.00047899975
6587,8,8,0.9999998,2,8.090883e-08
6588,0,0,0.99999756,8,1.373353e-06
6589,7,7,0.97942513,2,0.01218178
6590,0,0,0.9999637,8,3.0913125e-05
6591,6,6,0.99999946,5,5.032995e-07
6592,9,9,0.9951498,5,0.0036979145
6593,3,3,0.9999899,7,3.0490594e-06
6594,2,2,0.99999815,7,1.7353007e-06
6595,8,8,0.99999994,2,2.6126636e-09
6596,6,6,0.99993235,5,5.963982e-05
6597,0,7,0.3411166,3,0.2888892
6598,5,5,0.964656,0,0.018419225
6599,7,7,0.9941441,2,0.002403406
6600,5,5,0.9999308,3,6.854992e-05
6601,1,1,0.999988,2,8.161784e-06
6602,0,0,0.9999978,2,1.6055241e-06
6603,8,8,0.9995379,9,0.00036004864
6604,1,1,0.999999,8,4.4204964e-07
6605,6,6,0.9909017,1,0.0036912193
6606,7,7,0.9998805,3,6.025133e-05
6607,2,2,0.99999124,8,7.4699524e-06
6608,9,9,0.99613005,5,0.0037610298
6609,7,7,0.9985288,9,0.0010323591
6610,9,9,0.98992276,5,0.010075156
6611,5,5,0.9999947,8,3.2245268e-06
6612,8,8,0.9999998,2,1.2852531e-07
6613,6,6,0.99977136,0,0.00016920875
6614,2,2,0.99926734,7,0.00062821375
6615,6,6,0.9999483,5,3.8825463e-05
6616,2,2,0.99999076,3,8.753868e-06
6617,8,8,0.99986744,2,0.00013174734
6618,1,1,0.9994876,2,0.00027123996
6619,7,7,0.9999911,4,5.416288e-06
6620,5,5,0.9999979,8,1.0547104e-06
6621,0,0,0.99904746,5,0.00054198253
6622,1,1,0.9998052,7,0.00012663116
6623,1,1,0.9997592,8,0.00011040856
6624,3,3,0.999945,5,5.105602e-05
6625,8,2,0.84978294,8,0.10500451
6626,4,4,0.99979806,8,0.00016288031
6627,9,9,0.9988108,5,0.0011517679
6628,1,1,0.9999047,7,3.6243095e-05
6629,8,8,0.99999994,3,1.7682828e-08
6630,6,6,0.9999997,5,1.669604e-07
6631,8,8,0.99949986,2,0.00037536508
6632,9,9,0.9053992,5,0.09250748
6633,0,0,0.9999991,2,7.839476e-07
6634,1,1,0.99999934,7,3.9598947e-07
6635,2,2,0.99999386,3,4.2759575e-06
6636,3,3,0.99997014,8,1.669891e-05
6637,4,4,0.9996126,7,0.00022898888
6638,5,5,0.9999992,3,5.9021613e-07
6639,6,6,0.9999986,5,1.1833187e-06
6640,7,7,0.99990004,3,7.676529e-05
6641,8,8,0.99998564,6,1.10055435e-05
6642,9,9,0.99986386,5,0.00012741207
6643,0,0,0.99999255,8,7.184697e-06
6644,1,1,0.99999756,2,8.843902e-07
6645,2,2,0.9999744,8,2.3904748e-05
6646,3,3,0.9999997,5,1.998586e-07
6647,4,4,0.9999979,8,1.0610927e-06
6648,7,7,0.9995108,3,0.00045940172
6649,8,8,0.99999994,5,5.4742755e-11
6650,9,9,0.9998398,8,7.720727e-05
6651,0,8,0.9221187,0,0.061892122
6652,1,1,0.99999505,2,3.4163622e-06
6653,7,7,0.9999754,3,1.8088649e-05
6654,8,8,0.99999994,2,1.01287095e-11
6655,9,9,0.99852425,8,0.0014565927
6656,9,9,0.99992603,8,6.710529e-05
6657,8,8,0.99999994,2,2.2696616e-09
6658,9,9,0.9999959,8,2.1292874e-06
6659,8,8,0.99999994,2,4.8139114e-08
6660,4,4,0.999996,8,3.5824137e-06
6661,1,1,0.9992034,7,0.00035087077
6662,7,2,0.4726292,7,0.4328713
6663,7,7,0.9997983,3,0.00019709859
6664,3,3,0.9999984,5,1.5050011e-06
6665,3,3,0.99999994,7,4.09736e-08
6666,7,7,0.9964051,3,0.0033379893
6667,6,6,0.99977326,5,0.00017004671
6668,6,6,0.9996679,8,0.00019904994
6669,6,6,0.9997957,5,0.00016328321
6670,1,1,0.99999803,7,6.9700076e-07
6671,9,9,0.9999811,8,1.7805341e-05
6672,0,0,0.999809,2,9.587946e-05
6673,1,1,0.9999849,7,6.232228e-06
6674,7,7,0.99944985,3,0.00043972727
6675,6,6,0.99999946,5,3.0195477e-07
6676,3,3,0.99999994,8,2.2983185e-08
6677,2,2,0.9975578,3,0.0019855225
6678,1,1,0.9999972,2,1.3214193e-06
6679,7,7,0.999991,3,7.793e-06
6680,1,1,0.9999984,7,1.2002497e-06
6681,3,3,0.99999624,5,3.0249005e-06
6682,9,9,0.9999822,3,9.89582e-06
6683,1,1,0.9999992,7,2.9955717e-07
6684,7,7,0.99976563,2,0.00013032935
6685,6,6,0.9999986,5,7.28121e-07
6686,8,8,0.99999994,2,7.0737416e-09
6687,4,4,0.9999991,8,5.098788e-07
6688,1,1,0.9954876,2,0.004408468
6689,4,4,0.99997896,7,1.3122561e-05
6690,3,3,0.99999994,5,9.604347e-09
6691,6,6,0.99993914,8,4.3277978e-05
6692,9,9,0.9999755,8,1.4791954e-05
6693,6,6,0.9999842,5,8.786514e-06
6694,1,1,0.9990802,2,0.00086748746
6695,4,4,0.99996287,7,2.398293e-05
6696,4,4,0.99999946,7,3.8112933e-07
6697,7,7,0.99911654,3,0.0007528156
6698,2,2,0.99999994,8,2.270428e-09
6699,4,4,0.99999946,2,2.2711936e-07
6700,4,4,0.9986892,6,0.00060674874
6701,0,0,0.99999696,2,1.8097986e-06
6702,1,1,0.9999648,2,1.898424e-05
6703,2,2,0.9999977,7,1.9249994e-06
6704,3,3,0.9999984,5,9.729257e-07
6705,4,4,0.99999994,8,1.31332945e-08
6706,5,5,0.9996928,3,0.00022171644
6707,6,6,0.9999985,4,8.5548993e-07
6708,7,7,0.99758065,2,0.0021896514
6709,8,8,0.99999386,6,4.5241914e-06
6710,9,9,0.918206,8,0.081647575
6711,0,0,0.9999986,2,6.828704e-07
6712,1,1,0.9999762,2,1.978321e-05
6713,2,2,0.9999997,3,2.2727065e-07
6714,3,3,0.9999998,5,9.4479674e-08
6715,4,4,0.99999803,8,1.5673487e-06
6716,5,5,0.9999941,3,2.776683e-06
6717,6,6,0.99999636,5,3.1879408e-06
6718,9,9,0.993619,8,0.0055496464
6719,0,0,0.99946916,2,0.00052859134
6720,1,1,0.99978113,2,0.00019866151
6721,2,2,0.9999915,7,7.886655e-06
6722,3,3,0.99995834,5,3.9257342e-05
6723,4,4,0.999986,8,1.1558689e-05
6724,7,7,0.99958557,2,0.00017792436
6725,8,8,0.99998933,2,4.5079855e-06
6726,1,1,0.99996084,2,2.7069544e-05
6727,3,3,0.99999994,5,1.1385034e-08
6728,5,5,0.9998026,3,0.00019725965
6729,1,1,0.9999986,2,9.4771536e-07
6730,7,7,0.9999811,2,7.882949e-06
6731,7,7,0.99970675,3,0.00017935013
6732,2,2,0.99998707,7,8.71295e-06
6733,1,1,0.99867463,2,0.001298461
6734,4,4,0.99997646,8,2.3452005e-05
6735,8,8,0.9999973,5,2.2631964e-06
6736,3,3,0.9999996,5,3.620622e-07
6737,4,4,0.99992746,6,3.493041e-05
6738,4,4,0.99999136,8,8.3886725e-06
6739,3,3,0.9999983,8,1.1800626e-06
6740,9,9,0.9762892,8,0.017850708
6741,7,7,0.99998945,2,6.280471e-06
6742,4,4,0.99999994,2,2.9119487e-08
6743,1,1,0.996945,2,0.002998929
6744,2,2,0.99946296,8,0.00052841264
6745,3,3,0.99975204,5,0.00024678276
6746,5,5,0.9999501,8,2.6857982e-05
6747,9,9,0.99989897,8,7.700513e-05
6748,1,1,0.99999887,4,3.6817448e-07
6749,6,6,0.9997065,5,0.00028878456
6750,0,0,0.9999804,9,1.3226132e-05
6751,1,1,0.99997014,2,2.6926024e-05
6752,0,0,0.9999954,2,4.4192393e-06
6753,0,0,0.9999756,6,1.3613648e-05
6754,2,2,0.99999946,7,4.5528023e-07
6755,8,8,0.99843955,9,0.001382657
6756,7,7,0.99010676,9,0.0073350365
6757,1,1,0.99999946,4,2.2943766e-07
6758,1,1,0.9967651,2,0.0032002833
6759,4,4,0.9995995,2,0.0002457384
6760,0,0,0.9999792,2,1.6349542e-05
6761,4,4,0.99999076,8,6.340849e-06
6762,7,7,0.99412423,2,0.0043294346
6763,3,3,0.99999267,5,7.1080676e-06
6764,6,6,0.9990815,5,0.0008306747
6765,8,8,0.99999315,6,6.0996363e-06
6766,0,0,0.99998623,2,1.3386239e-05
6767,3,3,0.9999998,5,1.669442e-07
6768,7,7,0.99212456,2,0.007585067
6769,4,4,0.99696815,8,0.0029940947
6770,0,0,0.9999971,2,2.8316538e-06
6771,6,6,0.9998312,4,0.00012324374
6772,9,9,0.99995774,4,2.438319e-05
6773,2,2,0.9999997,3,2.0157525e-07
6774,6,6,0.99992067,5,4.937707e-05
6775,5,5,0.99999315,9,3.6484469e-06
6776,8,8,0.9999998,6,4.3143636e-08
6777,6,6,0.9999971,5,1.941601e-06
6778,9,9,0.999799,8,0.00020001977
6779,0,0,0.9999983,2,1.5634123e-06
6780,4,4,0.9985369,8,0.00080299407
6781,0,0,0.9991533,4,0.00067280955
6782,6,6,0.999924,5,6.314614e-05
6783,1,1,0.9835466,2,0.010844993
6784,9,9,0.9966609,8,0.0028771635
6785,2,2,0.99999374,7,3.0396004e-06
6786,0,0,0.9999966,2,2.8623601e-06
6787,9,9,0.999779,8,0.00016885136
6788,5,5,0.9966785,8,0.003305026
6789,1,1,0.9999996,4,2.0636607e-07
6790,3,3,0.9999954,5,3.3987208e-06
6791,7,7,0.99938965,2,0.00040812828
6792,6,6,0.99998564,5,1.21385265e-05
6793,9,9,0.9999251,8,5.910725e-05
6794,3,3,0.9999998,5,1.0999959e-07
6795,0,0,0.99999934,2,5.073083e-07
6796,2,2,0.999846,7,9.3702976e-05
6797,2,2,0.9999706,7,2.4512765e-05
6798,0,0,0.9999984,6,1.4329711e-06
6799,1,1,0.9999905,8,4.9277987e-06
6800,2,2,0.99999434,1,5.549828e-06
6801,3,3,0.99999565,5,3.9334336e-06
6802,4,4,0.9999997,8,1.5339863e-07
6803,5,5,0.99999994,3,3.4261358e-09
6804,6,6,0.99999994,5,1.2084797e-08
6805,7,7,0.9992565,2,0.00043372987
6806,8,8,0.9999959,2,2.2348179e-06
6807,9,9,0.99514526,8,0.0048110792
6808,0,0,0.99999446,6,5.145922e-06
6809,1,1,0.99993473,7,3.4033586e-05
6810,2,2,0.99999994,1,4.050219e-08
6811,3,3,0.999996,5,3.8516287e-06
6812,4,4,0.99996215,7,3.7374404e-05
6813,5,5,0.99999875,8,7.914277e-07
6814,6,6,0.9999997,5,2.1622483e-07
6815,7,7,0.9999915,2,4.1414387e-06
6816,8,8,0.99999994,6,1.8487059e-09
6817,9,9,0.9887849,8,0.011187018
6818,0,0,0.9999836,2,7.393712e-06
6819,1,1,0.99999386,8,4.5338925e-06
6820,2,2,0.9999985,1,1.1989056e-06
6821,3,3,0.9999967,5,3.2273574e-06
6822,4,4,0.9999997,2,1.3430419e-07
6823,5,5,0.99999994,3,4.5633303e-08
6824,6,6,0.99999994,5,9.163255e-09
6825,7,7,0.99994534,3,3.5227273e-05
6826,8,8,0.99999994,2,3.7603147e-08
6827,9,9,0.9997792,8,0.00012444908
6828,2,2,0.99999994,1,3.2130075e-08
6829,1,1,0.9999786,7,1.2062279e-05
6830,7,7,0.9997797,2,0.00019831464
6831,2,2,0.99999994,1,1.1760648e-08
6832,5,5,0.9999996,9,2.3760926e-07
6833,0,0,0.9999873,9,1.0683021e-05
6834,8,8,0.99999994,3,2.7509737e-08
6835,0,0,0.9996225,9,0.00018280424
6836,2,2,0.99999994,0,2.3648296e-08
6837,7,7,0.99914503,2,0.00079779513
6838,8,8,0.99999994,3,2.8006875e-08
6839,8,8,0.9999979,3,2.0772034e-06
6840,3,3,0.99977684,2,0.00020902099
6841,0,0,0.99961776,2,0.00037687077
6842,6,6,0.9999998,5,8.136428e-08
6843,0,0,0.9999952,5,3.0557474e-06
6844,2,2,0.9999998,1,6.69721e-08
6845,7,7,0.9980655,2,0.0015608625
6846,6,6,0.99999994,5,3.365938e-08
6847,6,6,0.99881345,4,0.0011817671
6848,1,1,0.99997646,8,1.3398164e-05
6849,2,2,0.99999946,1,4.867759e-07
6850,8,8,0.99999994,2,2.097704e-10
6851,8,8,0.99999994,3,2.6583626e-08
6852,7,7,0.9973703,2,0.0017044558
6853,7,7,0.9983448,2,0.0010286538
6854,4,4,0.9999971,7,2.0990851e-06
6855,7,7,0.9999997,9,2.2890444e-07
6856,7,7,0.9994396,2,0.00051259605
6857,3,3,0.99999577,5,4.2027136e-06
6858,7,7,0.99976707,9,0.00011831124
6859,4,4,0.99999887,8,7.2681206e-07
6860,5,5,0.99999994,3,2.943447e-09
6861,4,4,0.99999994,8,5.4707294e-10
6862,3,3,0.999999,5,9.401441e-07
6863,3,3,0.99999744,5,2.5294441e-06
6864,8,8,0.99999994,3,2.0074568e-08
6865,4,4,0.9999998,5,9.469147e-08
6866,5,5,0.99999994,3,1.530222e-08
6867,4,4,0.9987541,8,0.0011956342
6868,1,1,0.9999986,8,5.1585937e-07
6869,1,1,0.9999793,8,6.868154e-06
6870,9,9,0.9998739,4,7.270803e-05
6871,7,7,0.9992788,2,0.0006905305
6872,4,4,0.99986434,2,8.211571e-05
6873,3,3,0.99999934,5,5.5438545e-07
6874,7,7,0.99967086,2,0.0002044826
6875,3,3,0.99999994,5,4.887377e-09
6876,3,3,0.9999991,5,8.331012e-07
6877,0,0,0.9999984,9,7.49964e-07
6878,2,2,0.9999276,1,6.0277784e-05
6879,5,5,0.99999994,8,1.5488172e-09
6880,5,5,0.99999803,9,1.8831012e-06
6881,6,6,0.99999994,5,1.0335388e-09
6882,3,3,0.99999994,5,1.8893738e-08
6883,1,1,0.9955642,2,0.0022883108
6884,5,5,0.99999994,9,4.1406956e-08
6885,2,2,0.99996716,1,3.2363467e-05
6886,5,5,0.9999934,3,6.6041366e-06
6887,9,9,0.9999973,4,2.2044662e-06
6888,9,9,0.99971175,4,0.00013454078
6889,8,8,0.99999994,9,3.794762e-08
6890,4,4,0.99999994,7,5.5526352e-09
6891,1,1,0.9999781,4,8.530745e-06
6892,0,0,0.99999946,6,2.2052352e-07
6893,6,6,0.9999996,5,3.811675e-07
6894,0,0,0.9970246,2,0.0029607958
6895,9,9,0.99913347,7,0.0006818331
6896,6,6,0.99999994,5,6.0195617e-09
6897,8,8,0.99998814,2,9.783928e-06
6898,8,8,0.9999986,9,1.2020381e-06
6899,5,5,0.9999985,8,9.674419e-07
6900,6,6,0.9999971,5,2.8278837e-06
6901,1,1,0.9999773,8,1.2524099e-05
6902,1,1,0.9999563,8,1.4295291e-05
6903,9,9,0.99989456,7,6.8221154e-05
6904,8,8,0.9999997,2,2.4781886e-07
6905,9,9,0.99988455,8,6.958611e-05
6906,2,2,0.9997134,6,0.000231339
6907,3,3,0.9999998,5,9.8639866e-08
6908,5,5,0.99999994,9,8.858391e-09
6909,5,5,0.99992436,8,4.8036498e-05
6910,9,9,0.9999117,7,4.1347415e-05
6911,4,4,0.99999994,2,3.4812049e-09
6912,2,2,0.999986,1,1.0908203e-05
6913,1,1,0.99998933,8,6.670547e-06
6914,9,9,0.9989748,8,0.0009004936
6915,4,4,0.9999998,7,1.2848045e-07
6916,9,9,0.9999774,8,1.9924255e-05
6917,1,1,0.99998766,8,4.6892146e-06
6918,3,3,0.9999967,5,3.192119e-06
6919,9,9,0.9994279,8,0.00036179845
6920,2,2,0.9999948,1,5.055299e-06
6921,0,0,0.9999985,9,6.984856e-07
6922,6,6,0.9999929,5,5.809304e-06
6923,0,0,0.9999934,2,4.1767275e-06
6924,4,4,0.9999744,7,1.7773531e-05
6925,0,0,0.999981,2,1.4504769e-05
6926,6,6,0.9999636,5,2.2699734e-05
6927,0,0,0.9999992,2,3.682266e-07
6928,1,1,0.99999446,8,3.3718409e-06
6929,2,2,0.9999996,3,1.644522e-07
6930,3,3,0.99999994,5,2.12217e-08
6931,4,4,0.99999994,8,1.555221e-08
6932,5,5,0.99999994,3,1.2275316e-08
6933,6,6,0.99999994,5,5.5976797e-09
6934,7,7,0.99998015,2,1.32652385e-05
6935,8,8,0.99999994,9,2.053823e-09
6936,9,9,0.999989,8,8.947381e-06
6937,0,0,0.999877,2,0.0001158858
6938,1,1,0.99995965,8,3.6932583e-05
6939,2,2,0.999999,8,8.068581e-07
6940,3,3,0.99997264,5,2.6365307e-05
6941,4,4,0.9999996,9,2.4658584e-07
6942,5,5,0.99999815,3,1.7485139e-06
6943,6,6,0.9999886,0,6.289781e-06
6944,7,7,0.9999668,0,1.6510037e-05
6945,8,8,0.9995213,4,0.00025762964
6946,9,9,0.9999992,8,2.490377e-07
6947,0,0,0.9999979,2,1.1998943e-06
6948,1,1,0.99999756,8,1.7750455e-06
6949,2,2,0.99999994,8,7.790175e-09
6950,3,3,0.9999998,5,1.4915028e-07
6951,4,4,0.9999998,8,1.1044001e-07
6952,5,5,0.99999994,3,2.1660288e-08
6953,6,6,0.9999996,0,2.523964e-07
6954,7,7,0.91745704,2,0.04595789
6955,8,8,0.99999994,2,4.464462e-08
6956,9,9,0.9999477,8,4.956931e-05
6957,3,3,0.99999934,8,6.2779975e-07
6958,8,8,0.99999994,2,1.4938217e-09
6959,0,0,0.9999885,2,6.6847174e-06
6960,7,7,0.99994105,3,3.174957e-05
6961,1,1,0.999896,8,7.2598916e-05
6962,0,0,0.99994475,6,4.4548702e-05
6963,7,7,0.9999235,2,3.9284587e-05
6964,5,5,0.9999761,3,2.3714618e-05
6965,5,5,0.99999994,9,1.7452066e-08
6966,6,6,0.99999994,4,3.8519484e-08
6967,9,9,0.999841,8,0.00014372794
6968,0,0,0.99970496,2,0.0002914735
6969,1,1,0.9999984,2,1.4131828e-06
6970,0,0,0.99998945,2,8.867744e-06
6971,0,0,0.9999203,2,7.911687e-05
6972,8,8,0.99999994,2,1.2235461e-08
6973,3,3,0.9999997,5,2.942975e-07
6974,4,4,0.99999946,8,4.3077122e-07
6975,3,3,0.99999183,5,7.951987e-06
6976,1,1,0.9999952,2,4.2134216e-06
6977,5,5,0.99999815,3,1.7305329e-06
6978,0,0,0.9999737,2,1.1748844e-05
6979,0,0,0.9999954,6,2.863984e-06
6980,9,9,0.9999637,7,2.4645407e-05
6981,5,5,0.99998873,3,1.1136923e-05
6982,3,3,0.9999984,5,1.4992165e-06
6983,4,4,0.99996525,8,3.1872263e-05
6984,9,9,0.9999897,8,4.5653037e-06
6985,3,3,0.9999954,8,4.378681e-06
6986,7,7,0.9997375,2,0.0001620864
6987,6,6,0.99999994,5,2.7296176e-08
6988,9,9,0.9997723,8,0.00018124403
6989,2,2,0.99999994,4,5.808389e-09
6990,4,4,0.99995345,8,3.9137452e-05
6991,5,5,0.9999997,3,2.7914942e-07
6992,7,7,0.9999965,3,1.5619253e-06
6993,2,2,0.99999994,4,2.2241656e-10
6994,6,6,0.9999984,8,9.1909504e-07
6995,4,4,0.99999994,8,2.6184617e-08
6996,9,9,0.9994841,8,0.0005146098
6997,4,4,0.9999592,8,3.257811e-05
6998,9,9,0.99964154,8,0.00035794015
6999,4,4,0.9999934,8,3.5791945e-06
7000,1,1,0.99999875,2,6.696382e-07
7001,2,2,0.99999934,8,4.9609554e-07
7002,2,2,0.99997336,8,2.6432423e-05
7003,5,5,0.99999994,3,4.0181405e-08
7004,8,8,0.99999994,9,1.6859778e-09
7005,1,1,0.9999955,8,1.8808781e-06
7006,3,3,0.99999994,5,3.5117889e-09
7007,2,2,0.99999994,8,9.57106e-10
7008,9,9,0.999989,8,9.350109e-06
7009,4,4,0.99999994,9,2.483587e-08
7010,3,3,0.99999994,5,2.9775885e-08
7011,8,8,0.99999994,2,1.4431602e-10
7012,2,2,0.99999994,4,1.5676213e-09
7013,2,2,0.99999994,4,2.5488818e-09
7014,1,1,0.9999874,2,7.815047e-06
7015,2,2,0.9999983,8,9.2831715e-07
7016,8,8,0.99999994,2,3.806542e-08
7017,6,6,0.9999998,5,7.675402e-08
7018,5,5,0.99999994,3,1.1048316e-08
7019,1,1,0.9999278,2,2.6737807e-05
7020,6,6,0.9999928,5,6.461973e-06
7021,7,7,0.99919754,3,0.0005692924
7022,2,2,0.99999994,3,2.253723e-08
7023,1,1,0.99994034,7,3.9712868e-05
7024,3,3,0.9999998,5,1.104535e-07
7025,9,9,0.9996138,8,0.0003856049
7026,3,3,0.9999997,5,2.7195574e-07
7027,8,8,0.99999994,9,4.373984e-10
7028,7,7,0.9982109,9,0.0010955232
7029,5,5,0.99999934,3,5.713206e-07
7030,7,7,0.9936159,2,0.0035780645
7031,0,0,0.9999506,2,4.0427512e-05
7032,7,7,0.9999955,0,1.845095e-06
7033,4,4,0.9999129,7,4.2653668e-05
7034,8,8,0.99999994,2,8.7216656e-10
7035,8,8,0.9999898,6,5.614944e-06
7036,5,5,0.99999994,6,4.3795147e-08
7037,0,0,0.9999991,6,5.8796996e-07
7038,6,6,0.99999994,5,1.252953e-09
7039,6,6,0.99999994,8,5.3780557e-08
7040,3,3,0.9999996,5,3.6747076e-07
7041,7,7,0.9973758,3,0.002568138
7042,6,6,0.99999994,5,1.8783606e-08
7043,9,9,0.99994594,3,3.3516804e-05
7044,9,9,0.9995324,7,0.00046086434
7045,4,4,0.9999923,1,4.0291307e-06
7046,8,8,0.9999998,9,1.6339546e-07
7047,4,4,0.99999744,8,1.6929881e-06
7048,1,1,0.9999948,2,4.635704e-06
7049,0,0,0.9988698,4,0.00065107906
7050,6,6,0.99995726,8,2.4713267e-05
7051,6,6,0.99932593,5,0.000511707
7052,0,0,0.9999997,2,2.2341452e-07
7053,1,1,0.9999935,7,2.8756679e-06
7054,2,2,0.99998695,7,1.2492394e-05
7055,3,3,0.9999998,5,9.142049e-08
7056,4,4,0.99999803,8,1.1444614e-06
7057,5,5,0.99999696,9,2.449017e-06
7058,6,6,0.99999946,0,2.7526457e-07
7059,7,7,0.999531,3,0.00044789055
7060,8,8,0.99999994,9,2.9406541e-08
7061,9,9,0.9999369,7,3.443126e-05
7062,0,0,0.9999996,2,2.7678374e-07
7063,1,1,0.9999426,7,3.013571e-05
7064,2,2,0.9999593,1,3.9078423e-05
7065,3,3,0.99999887,8,9.2373256e-07
7066,4,4,0.9999986,8,1.2913141e-06
7067,5,5,0.9999997,9,1.4075992e-07
7068,6,6,0.9999413,5,5.4332013e-05
7069,7,7,0.9994179,2,0.00030108597
7070,8,8,0.9999997,9,1.8381557e-07
7071,9,9,0.9999886,8,3.6606916e-06
7072,0,0,0.99999744,2,2.0635334e-06
7073,1,1,0.9999072,8,6.932102e-05
7074,2,2,0.9998069,7,0.0001924258
7075,3,3,0.99999946,5,4.811296e-07
7076,4,4,0.9999998,8,8.974909e-08
7077,5,5,0.99998873,9,1.0761733e-05
7078,6,6,0.9999997,4,1.8935013e-07
7079,7,7,0.95788753,3,0.030807707
7080,8,8,0.9999996,2,3.3242188e-07
7081,9,9,0.99977756,4,0.0001702165
7082,7,7,0.9998772,3,8.7248845e-05
7083,4,4,0.99999493,8,2.3244588e-06
7084,0,0,0.9999755,6,1.8242157e-05
7085,4,4,0.9999997,8,2.3247215e-07
7086,0,0,0.99999946,2,4.5279953e-07
7087,1,1,0.9999575,8,2.7825525e-05
7088,7,7,0.9996328,3,0.0003026718
7089,9,9,0.9997109,4,0.00023424982
7090,5,5,0.99999875,6,4.0213808e-07
7091,1,1,0.999994,2,4.84524e-06
7092,4,4,0.9999998,2,1.05254635e-07
7093,2,2,0.9997947,7,0.00020365954
7094,8,8,0.9957277,9,0.004265989
7095,9,9,0.99996716,8,1.97926e-05
7096,4,4,0.99999994,8,3.1166433e-08
7097,3,3,0.99999887,5,9.680393e-07
7098,7,7,0.97193843,3,0.024583334
7099,8,8,0.9999984,5,1.0402889e-06
7100,2,2,0.9999834,7,1.4675208e-05
7101,4,4,0.9999985,8,1.178494e-06
7102,4,4,0.99992424,8,7.401256e-05
7103,3,3,0.9999998,5,8.484884e-08
7104,3,3,0.99999994,5,2.1183807e-08
7105,6,6,0.99999994,4,5.789398e-09
7106,9,9,0.99996585,8,2.891683e-05
7107,9,9,0.9999357,8,4.797803e-05
7108,5,5,0.99996895,9,3.0869858e-05
7109,8,8,0.99999994,2,4.1520604e-08
7110,6,6,0.99999994,5,1.6375386e-08
7111,7,7,0.9999077,3,8.9233436e-05
7112,0,0,0.99999756,2,2.019767e-06
7113,6,6,0.9999998,0,4.2944954e-08
7114,8,8,0.99999994,2,6.453516e-09
7115,2,2,0.99997574,7,2.1684313e-05
7116,6,6,0.9999998,4,1.348098e-07
7117,3,3,0.99999994,8,2.2161253e-09
7118,9,9,0.9999173,7,5.9199763e-05
7119,3,3,0.99999994,5,5.115798e-08
7120,2,2,0.9999992,7,3.1192414e-07
7121,8,8,0.997411,9,0.0025860104
7122,6,6,0.99999946,0,4.2390752e-07
7123,1,1,0.99998826,2,9.8476885e-06
7124,7,7,0.9999816,3,1.6000267e-05
7125,4,4,0.9999998,8,1.5579249e-07
7126,8,8,0.9999997,9,1.996266e-07
7127,8,8,0.9999997,9,1.320695e-07
7128,9,9,0.9999744,8,2.3345272e-05
7129,0,0,0.9999997,2,1.3293979e-07
7130,3,3,0.9999998,8,1.0133521e-07
7131,3,3,0.99999994,5,2.0381274e-09
7132,9,9,0.9999632,4,2.44419e-05
7133,0,0,0.99999887,2,4.458341e-07
7134,5,5,0.99999803,9,9.875523e-07
7135,2,2,0.9999649,1,2.0084559e-05
7136,9,9,0.9999388,8,3.288457e-05
7137,4,4,0.9999996,8,3.1163793e-07
7138,1,1,0.9999735,2,1.8159948e-05
7139,0,0,0.9999991,2,8.857488e-07
7140,3,3,0.9999998,5,9.669271e-08
7141,7,7,0.99942005,3,0.00056446047
7142,5,5,0.99999994,9,5.0321255e-08
7143,8,8,0.9999996,9,2.377108e-07
7144,7,7,0.99965966,3,0.0003031826
7145,7,7,0.99966943,3,0.00022653455
7146,8,8,0.9999996,9,1.9215227e-07
7147,2,2,0.9999998,7,5.5988455e-08
7148,9,9,0.99924433,8,0.00061396166
7149,7,7,0.99791193,3,0.0016943199
7150,1,1,0.9999904,2,8.37189e-06
7151,2,2,0.99999815,7,1.5958647e-06
7152,6,6,0.9999991,4,7.6859556e-07
7153,4,4,0.99999267,8,7.0225833e-06
7154,2,2,0.99974465,7,0.00020928973
7155,5,5,0.99999934,9,5.5208614e-07
7156,2,2,0.9999513,3,3.398375e-05
7157,3,3,0.99999994,8,3.3121804e-08
7158,6,6,0.999999,4,4.4694954e-07
7159,6,6,0.9999998,5,6.737453e-08
7160,5,5,0.999999,9,6.869523e-07
7161,0,0,0.99999386,2,4.743157e-06
7162,0,0,0.99997085,2,2.3212408e-05
7163,2,2,0.9999997,7,1.748841e-07
7164,8,8,0.99999994,9,4.6047912e-08
7165,1,1,0.99999493,2,4.1991043e-06
7166,6,6,0.99999934,4,4.646961e-07
7167,1,1,0.9999965,2,3.1096708e-06
7168,0,0,0.9999928,2,6.72142e-06
7169,4,4,0.9999992,8,6.775495e-07
7170,3,3,0.99999994,8,5.364328e-08
7171,1,1,0.9998727,2,0.00012257368
7172,6,6,0.9999977,4,2.2281947e-06
7173,1,1,0.9999979,2,8.752524e-07
7174,9,9,0.9999885,8,5.1857023e-06
7175,0,0,0.99999684,2,2.9163339e-06
7176,1,1,0.9999991,8,5.048838e-07
7177,4,4,0.99999946,8,2.200076e-07
7178,5,5,0.9999693,3,2.6094813e-05
7179,6,6,0.999911,5,7.5028474e-05
7180,7,7,0.9997524,2,0.00022395002
7181,8,8,0.9999992,2,6.9912454e-07
7182,9,9,0.99999815,8,1.1068715e-06
7183,1,1,0.9999872,8,8.728553e-06
7184,2,2,0.9999986,8,1.3409499e-06
7185,3,3,0.9999996,5,3.4417988e-07
7186,4,4,0.99999386,8,5.1387397e-06
7187,5,5,0.99999267,3,7.1488707e-06
7188,6,6,0.99999934,5,4.3062494e-07
7189,7,7,0.9999377,3,4.010053e-05
7190,0,0,0.99995965,2,3.7505673e-05
7191,1,1,0.99999505,2,2.962695e-06
7192,2,2,0.9999868,8,1.3115257e-05
7193,3,3,0.99999946,5,4.1695037e-07
7194,4,4,0.9999998,2,1.50671e-07
7195,5,5,0.9944194,3,0.005535255
7196,6,6,0.99993855,5,6.070772e-05
7197,7,7,0.99991053,9,4.9993636e-05
7198,8,8,0.9988843,2,0.0011157698
7199,9,9,0.9999998,8,3.5326703e-08
7200,8,8,0.9999996,2,2.9908426e-07
7201,4,4,0.99999994,7,2.541698e-08
7202,0,0,0.9999725,2,2.7133907e-05
7203,0,0,0.99999934,2,6.2935476e-07
7204,7,7,0.9918621,2,0.007962466
7205,2,2,0.9998943,8,0.00010532483
7206,4,4,0.99999994,8,3.0489733e-08
7207,3,3,0.99999994,5,5.199483e-08
7208,8,8,0.98894,2,0.010509687
7209,6,6,0.9990093,5,0.0009556985
7210,6,6,0.9998212,5,0.0001505178
7211,3,3,0.9998843,5,0.00011545192
7212,2,2,0.9996526,7,0.00031607033
7213,6,6,0.9999483,4,2.93892e-05
7214,3,3,0.9999998,5,7.8181024e-08
7215,3,3,0.9999986,5,1.3471306e-06
7216,0,0,0.6272608,6,0.37214723
7217,1,1,0.99999183,7,5.307926e-06
7218,4,4,0.99997,2,2.976533e-05
7219,7,7,0.99999684,9,1.7454593e-06
7220,8,8,0.9999985,2,8.45349e-07
7221,0,0,0.99998933,2,1.0392606e-05
7222,3,3,0.99999994,5,4.033965e-09
7223,1,1,0.99999875,7,8.329015e-07
7224,9,9,0.99996346,3,1.8948022e-05
7225,0,0,0.9999972,6,1.8396935e-06
7226,1,1,0.99998826,7,4.7777658e-06
7227,9,9,0.999991,3,7.53869e-06
7228,1,1,0.9999526,2,4.637036e-05
7229,2,2,0.99991137,3,7.0912036e-05
7230,7,7,0.99997336,2,2.2317015e-05
7231,0,0,0.9999985,8,7.504606e-07
7232,1,1,0.9998881,2,0.00010335709
7233,3,3,0.99579895,0,0.0023372795
7234,8,8,0.999963,2,3.701211e-05
7235,2,2,0.99985814,8,9.535309e-05
7236,9,9,0.9999853,8,1.3655662e-05
7237,2,2,0.99996084,8,3.91507e-05
7238,7,7,0.9999216,2,3.4478115e-05
7239,6,6,0.9999607,5,2.4925812e-05
7240,5,5,0.99592036,3,0.0033388752
7241,5,5,0.99992806,3,6.725817e-05
7242,9,9,0.9999954,8,1.8597665e-06
7243,9,9,0.99978375,7,0.00013463583
7244,8,8,0.99999994,2,1.3601038e-09
7245,2,2,0.9999704,8,2.6384365e-05
7246,9,9,0.99998075,3,1.5048057e-05
7247,1,1,0.9999507,2,4.750619e-05
7248,3,3,0.9990099,5,0.000987153
7249,2,2,0.9996107,8,0.00030265326
7250,3,3,0.99999505,5,4.860726e-06
7251,4,4,0.9999992,2,7.5861607e-07
7252,3,3,0.99999875,5,9.5198016e-07
7253,1,1,0.9999787,2,1.509002e-05
7254,9,9,0.9999997,8,1.1061371e-07
7255,0,0,0.99999183,2,7.846956e-06
7256,9,9,0.999994,3,5.0233452e-06
7257,3,3,0.99999815,5,1.8083929e-06
7258,6,6,0.9998028,5,0.00018586373
7259,8,8,0.99974847,2,0.0002498038
7260,7,7,0.9999977,8,1.3792966e-06
7261,0,0,0.9998729,2,0.00012634732
7262,1,1,0.9999437,2,4.626619e-05
7263,0,0,0.9999986,2,1.2674228e-06
7264,5,5,0.999999,3,8.925587e-07
7265,8,8,0.99999064,3,5.448281e-06
7266,2,2,0.99995345,8,4.6368546e-05
7267,7,7,0.9998524,8,7.9723315e-05
7268,7,7,0.99779904,1,0.00216966
7269,0,0,0.99999946,2,3.5077142e-07
7270,1,1,0.999999,8,3.0717896e-07
7271,2,2,0.99990815,3,6.3177904e-05
7272,3,3,0.9999947,5,2.8905188e-06
7273,4,4,0.9999992,2,3.765101e-07
7274,5,5,0.99999994,9,6.105802e-09
7275,6,6,0.9999997,5,1.9381568e-07
7276,7,7,0.9995006,2,0.00043389708
7277,8,8,0.99999064,2,9.148812e-06
7278,9,9,0.9965668,8,0.0034290978
7279,0,0,0.9999898,2,9.580087e-06
7280,1,1,0.9999637,8,2.079849e-05
7281,2,2,0.99999636,8,3.4751606e-06
7282,3,3,0.9999618,8,3.648404e-05
7283,4,4,0.99998814,2,1.0598014e-05
7284,5,5,0.9999997,8,2.7689836e-07
7285,6,6,0.99999994,5,1.97653e-08
7286,7,7,0.9999946,2,3.0211304e-06
7287,8,8,0.9999972,2,2.7014319e-06
7288,9,9,0.999978,4,1.911907e-05
7289,0,0,0.99999636,2,2.3847583e-06
7290,1,1,0.99996704,8,2.7868069e-05
7291,2,2,0.9999853,3,1.3407882e-05
7292,3,3,0.9999998,9,8.7459455e-08
7293,4,4,0.9999998,7,6.2562414e-08
7294,5,5,0.99999946,3,3.0732033e-07
7295,6,6,0.99999994,5,5.623255e-09
7296,7,7,0.999973,2,1.8139483e-05
7297,8,8,0.99999934,2,6.0720095e-07
7298,9,9,0.99996835,8,2.7107386e-05
7299,1,1,0.9999606,8,3.4971566e-05
7300,7,7,0.99999315,2,3.0334306e-06
7301,4,4,0.99999803,8,7.651749e-07
7302,8,8,0.9999997,2,2.884138e-07
7303,1,1,0.99996394,8,3.17466e-05
7304,5,5,0.99999267,3,6.943767e-06
7305,6,6,0.99999994,4,2.594513e-09
7306,5,5,0.99999994,6,6.4303305e-09
7307,7,7,0.9996798,2,0.0001901083
7308,2,2,0.99999744,3,1.5807874e-06
7309,8,8,0.999988,2,7.54861e-06
7310,6,6,0.99999946,4,4.89131e-07
7311,3,3,0.99999994,8,3.8930597e-08
7312,3,3,0.99999994,8,4.7259192e-08
7313,8,8,0.99999994,2,8.3566765e-10
7314,6,6,0.99999994,0,2.0371647e-08
7315,5,5,0.9999977,3,2.248495e-06
7316,4,4,0.99999994,8,2.3540336e-08
7317,0,0,0.9999792,2,1.1971579e-05
7318,9,9,0.99999696,8,1.5099531e-06
7319,1,1,0.99980044,8,0.000118623066
7320,7,7,0.99997073,9,2.7456452e-05
7321,2,2,0.9999991,8,5.8748793e-07
7322,9,9,0.9999954,3,2.3983403e-06
7323,1,1,0.99998754,8,4.3350856e-06
7324,5,5,0.9999991,3,8.2572916e-07
7325,1,1,0.9999983,2,9.659556e-07
7326,3,3,0.99999994,8,1.6768386e-08
7327,2,2,0.9997661,3,0.00022867812
7328,2,2,0.99999005,8,6.91195e-06
7329,3,3,0.99999696,5,1.8964103e-06
7330,0,0,0.9999965,2,2.6238597e-06
7331,6,6,0.9999998,4,8.299326e-08
7332,4,4,0.99998575,8,1.1834192e-05
7333,3,3,0.99996525,8,1.7824019e-05
7334,7,7,0.9994179,2,0.00046804172
7335,6,6,0.99999946,4,3.00284e-07
7336,9,9,0.99997956,3,1.2267876e-05
7337,0,0,0.9998419,2,0.00012537622
7338,4,4,0.9997766,8,0.00010185274
7339,8,8,0.9999998,2,1.2145726e-07
7340,1,1,0.9999985,7,6.727656e-07
7341,4,4,0.9999998,9,6.719883e-08
7342,0,0,0.99999577,6,3.617762e-06
7343,6,6,0.9999996,5,2.6084726e-07
7344,1,1,0.99996966,7,2.2022401e-05
7345,2,2,0.9999868,7,8.6560585e-06
7346,6,6,0.99999994,5,3.6505754e-09
7347,9,9,0.9999972,8,2.4967535e-06
7348,2,2,0.99994236,3,2.7670932e-05
7349,2,2,0.9999884,8,3.9247275e-06
7350,3,3,0.9999997,5,1.02307595e-07
7351,5,5,0.99999994,3,2.8110325e-08
7352,5,5,0.9999997,9,1.5763688e-07
7353,1,1,0.9999967,2,1.4431804e-06
7354,0,0,0.97126126,6,0.028733477
7355,7,7,0.99999136,2,6.834671e-06
7356,7,7,0.9991639,2,0.0008180717
7357,9,9,0.99995583,8,4.3076358e-05
7358,6,6,0.9999998,5,1.171717e-07
7359,2,2,0.99998516,3,9.641497e-06
7360,9,9,0.99999315,4,3.396714e-06
7361,4,4,0.99999934,8,6.3760103e-07
7362,7,7,0.99991363,3,6.844005e-05
7363,0,0,0.9999799,6,1.6809096e-05
7364,2,2,0.99997383,8,1.9857314e-05
7365,3,3,0.9999997,8,2.632961e-07
7366,4,4,0.9999998,8,1.2948308e-07
7367,0,0,0.99999493,6,3.924906e-06
7368,0,0,0.9999917,2,3.909909e-06
7369,8,8,0.9999997,2,2.7454445e-07
7370,8,8,0.99996847,2,2.2727918e-05
7371,8,8,0.9999953,2,4.5940897e-06
7372,5,5,0.9999954,3,4.547141e-06
7373,1,1,0.99923205,2,0.00054526335
7374,3,3,0.99999994,5,5.5945655e-08
7375,7,7,0.99979377,2,0.00014403935
7376,4,4,0.9999997,8,1.3774977e-07
7377,9,9,0.99995345,7,3.3090608e-05
7378,8,8,0.9999985,2,1.42897e-06
7379,8,8,0.9999921,2,6.6215466e-06
7380,9,9,0.9999878,8,8.851254e-06
7381,0,0,0.9999574,2,3.83998e-05
7382,9,9,0.99996835,8,2.961959e-05
7383,8,8,0.99999994,2,3.663216e-08
7384,9,9,0.99989134,8,0.00010603403
7385,0,0,0.9999972,2,2.5717181e-06
7386,2,2,0.99971175,8,0.0002641131
7387,6,6,0.99999493,0,3.416769e-06
7388,5,5,0.9999917,3,8.224275e-06
7389,6,6,0.9999998,4,1.3014193e-07
7390,7,7,0.99919194,2,0.0006842496
7391,4,4,0.9999884,8,1.1107983e-05
7392,7,7,0.99984527,2,0.0001494626
7393,5,5,0.9999998,3,6.035476e-08
7394,4,4,0.99638206,8,0.0033019183
7395,1,1,0.99968445,2,0.000294357
7396,3,3,0.99999946,5,4.2771904e-07
7397,5,5,0.99999994,3,4.145421e-08
7398,3,3,0.9999983,8,9.849595e-07
7399,1,1,0.99999255,2,5.408976e-06
7400,2,2,0.9999998,4,8.189395e-08
7401,3,3,0.99997765,5,1.3523768e-05
7402,4,4,0.99994785,8,4.932749e-05
7403,5,5,0.9999971,3,1.8752946e-06
7404,6,6,0.99969554,0,0.00015796503
7405,1,1,0.9999719,4,1.4095913e-05
7406,2,2,0.99999946,8,5.3130077e-07
7407,3,3,0.99999946,9,2.3362736e-07
7408,4,4,0.9998379,8,0.00015260195
7409,6,6,0.99999934,4,5.401783e-07
7410,0,0,0.9994534,6,0.0003459453
7411,1,1,0.9999992,4,3.3877427e-07
7412,2,2,0.99999946,4,4.833407e-07
7413,4,4,0.99594814,8,0.003986232
7414,5,5,0.9999997,8,2.4398517e-07
7415,6,6,0.9999797,0,1.3382347e-05
7416,7,7,0.9997057,2,0.00019445132
7417,8,8,0.99999994,5,9.338345e-11
7418,1,1,0.99999875,2,6.368774e-07
7419,7,7,0.99814165,2,0.0010384188
7420,2,2,0.9999923,8,7.576821e-06
7421,4,4,0.9999979,8,1.3805537e-06
7422,1,1,0.9999923,4,4.3421155e-06
7423,4,4,0.9981105,9,0.0016016094
7424,1,1,0.99999934,2,3.9383485e-07
7425,4,4,0.99996847,8,3.0471178e-05
7426,9,9,0.9905942,5,0.009395704
7427,6,6,0.9960092,4,0.0021635466
7428,8,8,0.99999994,5,1.3985106e-10
7429,4,4,0.9999967,8,3.261199e-06
7430,5,5,0.9837258,3,0.016236423
7431,3,3,0.99999887,5,9.014363e-07
7432,7,7,0.93751186,2,0.058950767
7433,8,8,0.99999875,5,7.5398304e-07
7434,4,8,0.84455186,4,0.154035
7435,3,3,0.99999994,5,1.15890755e-08
7436,3,3,0.99999994,5,4.6424386e-08
7437,5,5,0.99260426,8,0.007377836
7438,6,6,0.9999575,4,4.0366074e-05
7439,7,7,0.99376565,3,0.004838988
7440,0,0,0.99999624,2,3.3075662e-06
7441,6,6,0.94584185,4,0.054052625
7442,1,1,0.9999961,2,3.1942673e-06
7443,6,6,0.99987316,4,0.00012599012
7444,8,8,0.99999994,4,3.6672898e-09
7445,7,7,0.9981601,2,0.0010149783
7446,0,0,0.9998812,2,0.00011764862
7447,1,1,0.998617,4,0.0009343335
7448,5,5,0.99995977,3,4.0059447e-05
7449,0,0,0.9999917,8,4.688053e-06
7450,8,8,0.9999997,5,2.674942e-07
7451,5,5,0.97673655,3,0.008915596
7452,0,0,0.99996704,2,3.17709e-05
7453,1,1,0.99999803,2,1.7774178e-06
7454,5,5,0.999981,9,1.8662291e-05
7455,8,8,0.9999998,5,5.9182536e-08
7456,4,4,0.9999787,8,1.9052573e-05
7457,2,2,0.9999649,8,3.1693813e-05
7458,3,3,0.9999998,5,1.14384314e-07
7459,9,9,0.9999712,5,2.6211239e-05
7460,7,7,0.9995101,3,0.0003526228
7461,6,6,0.99956745,0,0.00024974163
7462,9,9,0.9999921,4,5.3201506e-06
7463,1,1,0.99999315,4,4.469749e-06
7464,9,9,0.9999955,5,4.2964316e-06
7465,0,0,0.9997401,2,0.00015351854
7466,6,6,0.9997978,0,0.00014719318
7467,7,7,0.9999873,3,8.87573e-06
7468,1,1,0.99999505,7,2.6217976e-06
7469,2,2,0.99999994,8,4.423733e-08
7470,3,3,0.9999998,5,1.5076255e-07
7471,9,9,0.9778354,5,0.022088112
7472,2,2,0.9997345,7,0.00026484806
7473,4,4,0.9931046,7,0.002713164
7474,5,5,0.9999996,3,3.0232854e-07
7475,5,5,0.99999994,9,1.9056529e-08
7476,3,3,0.99988145,2,0.0001128698
7477,7,7,0.98131746,2,0.015677722
7478,5,5,0.99999875,3,1.2494679e-06
7479,3,3,0.99998206,5,1.781436e-05
7480,1,1,0.9999996,2,3.4793885e-07
7481,8,8,0.99999994,9,1.6445467e-08
7482,2,2,0.9998854,8,6.3103245e-05
7483,2,2,0.9999935,7,6.177404e-06
7484,3,3,0.9999984,5,1.5188662e-06
7485,0,0,0.9999984,2,1.6001383e-06
7486,2,2,0.9999972,8,2.422518e-06
7487,9,9,0.9999904,8,7.3443935e-06
7488,4,4,0.9999803,8,8.229884e-06
7489,9,9,0.99996537,7,2.8052089e-05
7490,7,7,0.99796236,3,0.0016189299
7491,0,0,0.9996538,8,0.00029315264
7492,2,2,0.9988207,7,0.0011361378
7493,7,7,0.99960786,3,0.00029560315
7494,4,4,0.9999977,1,6.9756106e-07
7495,9,9,0.99998194,8,1.2204832e-05
7496,9,9,0.99999577,8,2.5010825e-06
7497,2,2,0.999999,7,9.2060094e-07
7498,5,5,0.9984762,3,0.0015222185
7499,9,9,0.9999923,7,5.569562e-06
7500,8,8,0.9999992,9,6.812453e-07
7501,3,3,0.9999998,5,1.6728143e-07
7502,8,8,0.99999994,2,1.6116366e-09
7503,6,6,0.99963325,4,0.0003143274
7504,7,7,0.9990112,3,0.00061925984
7505,0,0,0.9995958,2,0.00015434115
7506,0,0,0.9999992,6,7.2924934e-07
7507,1,1,0.99989897,2,8.726614e-05
7508,2,2,0.9999991,1,7.859965e-07
7509,3,3,0.9999992,5,6.815741e-07
7510,4,4,0.9999954,7,2.1924338e-06
7511,5,5,0.99986076,3,0.00012989256
7512,6,6,0.9999942,5,4.757366e-06
7513,7,7,0.9999996,4,1.5869497e-07
7514,8,8,0.9998503,2,8.01908e-05
7515,9,9,0.99982405,8,0.00014612063
7516,0,0,0.999999,2,7.8333767e-07
7517,1,1,0.99998647,2,9.270805e-06
7518,2,2,0.9999873,8,1.1996534e-05
7519,3,3,0.9999698,5,2.9506971e-05
7520,4,4,0.99999005,2,7.5531552e-06
7521,5,5,0.9999948,3,4.304475e-06
7522,6,6,0.99998564,5,6.990834e-06
7523,7,7,0.99997646,1,8.938935e-06
7524,8,8,0.9998953,2,0.00010374771
7525,9,9,0.99999183,7,5.367156e-06
7526,0,0,0.9999985,2,1.167334e-06
7527,1,1,0.99998647,2,8.089349e-06
7528,2,2,0.999986,8,9.684107e-06
7529,3,3,0.9997947,5,0.00020192323
7530,4,4,0.99998087,8,1.1151086e-05
7531,5,5,0.99998766,3,1.2248336e-05
7532,6,6,0.99995106,4,4.397928e-05
7533,7,7,0.9999973,3,8.788418e-07
7534,8,8,0.99984884,2,0.00014943408
7535,9,9,0.99999505,8,3.978568e-06
7536,0,0,0.99999946,8,1.8778879e-07
7537,0,0,0.99999934,2,5.583474e-07
7538,7,7,0.9998904,9,5.5991226e-05
7539,2,2,0.99988776,1,0.00010688139
7540,6,6,0.99996704,4,2.8180035e-05
7541,5,5,0.99999315,3,6.549211e-06
7542,5,5,0.9999996,9,2.28866e-07
7543,3,3,0.9999997,5,2.8991755e-07
7544,7,7,0.99998003,9,6.8525087e-06
7545,8,8,0.9995859,3,0.00038973556
7546,6,6,0.99999815,4,1.0035606e-06
7547,6,6,0.9999991,0,3.0284895e-07
7548,6,6,0.9999891,4,1.0668624e-05
7549,6,6,0.9999936,5,2.4207286e-06
7550,4,4,0.999999,1,4.538789e-07
7551,3,3,0.9999915,5,8.494659e-06
7552,8,8,0.9999595,0,3.2006497e-05
7553,8,8,0.9999772,6,1.5018328e-05
7554,3,3,0.9999997,5,2.0522698e-07
7555,0,0,0.9999928,2,3.196341e-06
7556,1,1,0.9986074,2,0.0013484105
7557,9,9,0.99999636,8,1.6308502e-06
7558,0,0,0.9999276,2,5.519923e-05
7559,5,5,0.9999959,3,4.0057625e-06
7560,4,4,0.99966216,7,0.0003132633
7561,1,1,0.99998266,2,1.3795515e-05
7562,9,9,0.9999992,8,2.491731e-07
7563,1,1,0.9999828,2,1.6705555e-05
7564,2,2,0.9999991,7,6.8524594e-07
7565,7,7,0.99979734,4,0.00020225429
7566,0,0,0.9999884,2,9.598572e-06
7567,1,1,0.99996513,2,2.837317e-05
7568,3,3,0.9999892,5,8.867557e-06
7569,8,8,0.999815,2,0.00016719272
7570,2,2,0.99997944,1,1.8533285e-05
7571,9,9,0.9999898,4,4.449409e-06
7572,2,2,0.9999992,7,3.7189866e-07
7573,7,7,0.99891895,9,0.0009903681
7574,4,4,0.9766178,1,0.023283353
7575,2,2,0.9999997,7,1.7186845e-07
7576,6,6,0.9999997,5,1.3082571e-07
7577,5,5,0.9999971,3,2.4856913e-06
7578,5,5,0.9999992,3,7.746984e-07
7579,9,9,0.999957,8,2.3666676e-05
7580,9,9,0.99974227,4,0.00023561447
7581,1,1,0.99996716,2,3.0939864e-05
7582,1,1,0.99999815,7,9.043133e-07
7583,5,5,0.9999997,9,8.803769e-08
7584,7,7,0.9999674,2,1.4188626e-05
7585,6,6,0.9999998,5,5.9593944e-08
7586,8,8,0.9999946,9,5.1602233e-06
7587,2,2,0.9999971,1,2.3807263e-06
7588,9,9,0.99999875,8,7.599959e-07
7589,4,4,0.9999998,2,6.575069e-08
7590,3,3,0.9999998,5,8.741409e-08
7591,1,1,0.9999984,2,7.4537917e-07
7592,9,9,0.99997944,4,1.155804e-05
7593,0,0,0.999953,2,4.045202e-05
7594,9,9,0.9999965,3,1.2242061e-06
7595,3,3,0.9999798,8,1.3146785e-05
7596,6,6,0.9999998,4,1.0884254e-07
7597,8,8,0.9999986,3,1.091436e-06
7598,7,7,0.9999711,3,2.0905272e-05
7599,0,0,0.99999505,2,2.793749e-06
7600,1,1,0.99999756,2,1.7615813e-06
7601,0,0,0.9999997,2,2.4749764e-07
7602,5,5,0.9999991,3,8.6103734e-07
7603,8,8,0.9998955,2,3.5624296e-05
7604,2,2,0.9999992,8,2.6868935e-07
7605,7,7,0.9999518,9,4.6853518e-05
7606,7,7,0.98906183,9,0.0099361725
7607,0,0,0.9999997,6,2.0539635e-07
7608,1,1,0.9998107,2,0.00011348738
7609,2,2,0.99999994,0,6.839322e-09
7610,3,3,0.9999985,8,1.1394795e-06
7611,4,4,0.9999998,9,7.613769e-08
7612,5,5,0.9999998,3,7.9379184e-08
7613,6,6,0.9999998,8,1.2364308e-07
7614,7,7,0.9999271,3,4.6535082e-05
7615,8,8,0.99999994,9,9.7333495e-12
7616,9,9,0.999994,8,3.7774873e-06
7617,0,0,0.9999986,6,1.2261846e-06
7618,1,1,0.9999897,6,3.8907488e-06
7619,2,2,0.99999756,0,1.7185145e-06
7620,3,3,0.99997073,8,2.5453148e-05
7621,4,4,0.99999994,9,5.5273517e-08
7622,5,5,0.9999997,3,1.0072204e-07
7623,8,8,0.99999994,2,3.177059e-08
7624,9,9,0.99998754,8,1.1924358e-05
7625,0,0,0.99999815,6,1.771632e-06
7626,1,1,0.99997944,8,1.6453501e-05
7627,2,2,0.99999565,3,2.2553306e-06
7628,3,3,0.9999997,8,2.052534e-07
7629,4,4,0.9999998,5,1.0250645e-07
7630,5,5,0.999999,6,5.496808e-07
7631,6,6,0.99999744,5,2.3439852e-06
7632,7,7,0.9999891,3,8.8840525e-06
7633,8,8,0.99999994,2,1.5595296e-10
7634,9,9,0.9953013,8,0.004686834
7635,2,2,0.9999997,8,2.7772109e-07
7636,1,1,0.9998603,8,6.247342e-05
7637,2,2,0.99999434,0,5.620348e-06
7638,1,1,0.9996784,8,0.0001138713
7639,3,3,0.9999537,5,4.6078625e-05
7640,9,9,0.999991,8,8.579546e-06
7641,9,9,0.9736342,8,0.026330099
7642,8,8,0.99999994,6,1.7262164e-09
7643,5,5,0.9999998,3,6.7413225e-08
7644,3,3,0.99965143,5,0.00034846168
7645,7,7,0.9999632,2,3.4937824e-05
7646,0,0,0.9999996,2,3.7747157e-07
7647,7,7,0.9999953,3,4.4516573e-06
7648,7,7,0.99986005,3,0.00013371199
7649,5,5,0.9999973,6,2.4537076e-06
7650,7,7,0.9997928,3,0.00017022982
7651,9,9,0.93687016,8,0.06309359
7652,9,9,0.9997864,8,0.0002128878
7653,4,4,0.9999998,9,1.4325951e-07
7654,7,7,0.9999402,3,5.1845745e-05
7655,0,0,0.9999997,6,2.032097e-07
7656,3,3,0.99999064,8,7.916391e-06
7657,4,4,0.9999898,9,9.869111e-06
7658,1,1,0.99996823,8,1.6764507e-05
7659,5,5,0.99999946,3,4.9893146e-07
7660,8,8,0.99999994,6,3.601525e-10
7661,1,1,0.9999971,8,1.7288979e-06
7662,4,4,0.9999872,8,1.0050365e-05
7663,8,8,0.99999994,9,1.4218025e-10
7664,4,4,0.99999946,6,3.3709367e-07
7665,1,1,0.9999164,8,4.7433892e-05
7666,8,8,0.99999994,2,8.042483e-11
7667,6,6,0.99999994,5,1.9675392e-09
7668,6,6,0.999999,2,3.2092763e-07
7669,4,4,0.9999992,9,4.7038003e-07
7670,6,6,0.9999997,5,1.6690565e-07
7671,0,0,0.99997324,6,2.5861193e-05
7672,5,5,0.99999005,8,6.595611e-06
7673,5,5,0.99999493,9,4.1772837e-06
7674,3,3,0.9999998,5,6.9222544e-08
7675,3,3,0.99999887,5,7.58119e-07
7676,5,5,0.9999997,3,1.4241344e-07
7677,7,7,0.9996717,2,0.0002052733
7678,2,2,0.9999997,8,2.5358588e-07
7679,5,5,0.999994,3,3.4768993e-06
7680,9,9,0.99637294,8,0.003624985
7681,6,6,0.99999994,5,5.534565e-09
7682,9,9,0.99997324,8,2.6586127e-05
7683,2,2,0.99999505,0,4.781317e-06
7684,6,6,0.99999994,4,4.9335886e-09
7685,2,2,0.99999994,0,3.0111476e-08
7686,1,1,0.99999386,7,2.5502684e-06
7687,2,2,0.9999998,0,1.17831725e-07
7688,0,0,0.9999997,6,2.539167e-07
7689,8,8,0.9999928,0,2.7536844e-06
7690,3,3,0.9999991,8,6.829071e-07
7691,8,8,0.99999946,6,3.485615e-07
7692,3,3,0.9999636,5,3.3648546e-05
7693,0,0,0.999999,6,9.3971926e-07
7694,8,8,0.9999935,6,3.8795997e-06
7695,7,7,0.99998707,2,7.0387096e-06
7696,4,4,0.9999998,9,1.2661563e-07
7697,9,9,0.9994784,8,0.00051431736
7698,5,5,0.9999884,3,1.1433165e-05
7699,0,0,0.9999998,2,8.483913e-08
7700,9,9,0.9999934,8,4.5274523e-06
7701,7,7,0.99988157,2,8.198698e-05
7702,0,0,0.999958,6,4.1972457e-05
7703,0,0,0.9999998,6,5.6495747e-08
7704,4,4,0.99999565,9,2.8856603e-06
7705,6,6,0.99999994,5,3.6580683e-09
7706,0,0,0.99999887,6,7.996869e-07
7707,9,9,0.9999723,8,2.696743e-05
7708,1,1,0.9999965,7,2.7521821e-06
7709,6,6,0.99999994,8,1.6525735e-09
7710,2,2,0.99999994,0,4.9194114e-08
7711,7,7,0.99996144,2,3.1921634e-05
7712,6,6,0.9999997,4,2.0211769e-07
7713,8,8,0.99999815,5,1.5520847e-06
7714,3,3,0.9999823,8,1.3699096e-05
7715,5,5,0.9999997,3,2.1012025e-07
7716,2,2,0.9999998,8,1.02324194e-07
7717,1,1,0.9999859,8,6.414907e-06
7718,8,8,0.9999992,6,3.9479445e-07
7719,3,3,0.9999991,5,8.0393943e-07
7720,8,8,0.98835427,6,0.010712667
7721,6,6,0.99999994,5,1.66227e-08
7722,1,1,0.9999941,8,2.9753346e-06
7723,0,0,0.999996,6,3.853194e-06
7724,2,2,0.999976,0,2.1092697e-05
7725,1,1,0.99999815,7,6.587037e-07
7726,4,4,0.999993,7,4.943707e-06
7727,0,0,0.9999992,6,3.097256e-07
7728,1,1,0.99933535,2,0.00032282388
7729,2,2,0.99983716,8,0.00016082558
7730,3,3,0.99994415,5,5.409326e-05
7731,4,4,0.99999803,8,9.4326225e-07
7732,5,5,0.9972247,8,0.0027715166
7733,6,6,0.9999979,8,6.008195e-07
7734,7,7,0.99991673,9,4.701879e-05
7735,8,8,0.99973834,2,0.00024856933
7736,9,9,0.9791411,8,0.011944391
7737,0,0,0.99997824,2,1.9545516e-05
7738,1,1,0.99957484,2,0.00025742434
7739,2,2,0.99995977,3,3.6642625e-05
7740,3,3,0.9999998,5,7.0013414e-08
7741,4,4,0.9999996,8,2.8585754e-07
7742,5,5,0.99999994,3,1.2844438e-08
7743,6,6,0.9999942,4,4.1290596e-06
7744,7,7,0.9987054,2,0.0007450273
7745,8,8,0.99999994,2,3.6624126e-08
7746,9,9,0.99912465,8,0.00084057654
7747,0,0,0.9999699,2,1.5864034e-05
7748,1,1,0.99980164,2,9.211473e-05
7749,2,2,0.9999631,3,3.1590313e-05
7750,3,3,0.9999998,5,6.1387816e-08
7751,4,4,0.9999823,8,1.7678058e-05
7752,5,5,0.99999994,3,4.5921436e-08
7753,6,6,0.99999994,5,1.7924433e-08
7754,7,7,0.9999904,2,5.441747e-06
7755,8,8,0.9999977,2,2.083357e-06
7756,9,9,0.9956136,8,0.004314947
7757,7,7,0.99989015,2,6.837451e-05
7758,6,6,0.99999994,5,2.903923e-08
7759,4,4,0.9999998,7,8.396659e-08
7760,7,7,0.99996656,9,2.8752927e-05
7761,6,6,0.99999994,4,2.3186562e-08
7762,2,2,0.9999997,8,1.7330417e-07
7763,3,3,0.99999994,5,4.0239463e-08
7764,4,4,0.9999952,8,2.2425168e-06
7765,8,8,0.99999994,2,1.3227896e-08
7766,7,7,0.99996406,9,3.175502e-05
7767,8,8,0.99999994,3,4.4184354e-09
7768,6,6,0.99999946,4,2.821448e-07
7769,9,9,0.999934,8,6.5369524e-05
7770,8,8,0.99999994,2,4.2472898e-08
7771,3,3,0.9999997,5,1.8369097e-07
7772,2,2,0.9999363,3,5.982645e-05
7773,2,2,0.9996753,8,0.00027050293
7774,8,8,0.9999998,4,1.13615776e-07
7775,4,4,0.9999996,7,2.2812772e-07
7776,8,8,0.99999994,2,1.0957717e-08
7777,5,5,0.99998134,3,1.8519186e-05
7778,6,6,0.9999998,5,1.4446576e-07
7779,5,5,0.9999543,3,4.5696353e-05
7780,0,0,0.99999684,2,2.9747046e-06
7781,2,2,0.99936086,3,0.00061711296
7782,0,0,0.9999973,6,1.0070966e-06
7783,1,1,0.9973385,7,0.0010887694
7784,1,1,0.9993201,9,0.00024120882
7785,2,2,0.99999076,3,7.838136e-06
7786,9,9,0.99998003,8,1.3552488e-05
7787,6,6,0.99999994,4,4.203079e-08
7788,8,8,0.99999934,2,4.6646727e-07
7789,2,2,0.99999446,8,3.1907757e-06
7790,1,1,0.9992988,2,0.0003254103
7791,0,0,0.9999158,2,7.1119524e-05
7792,6,6,0.99999994,4,6.825157e-09
7793,5,5,0.9999978,8,2.087108e-06
7794,2,2,0.9999998,7,6.501083e-08
7795,9,9,0.99987197,8,0.00011101145
7796,7,7,0.9999797,3,1.0774698e-05
7797,5,5,0.99999076,8,4.807248e-06
7798,3,3,0.99999493,5,4.9535233e-06
7799,9,9,0.9995988,8,0.00036065414
7800,3,3,0.9931836,2,0.006810633
7801,7,7,0.99991316,9,3.0365207e-05
7802,1,1,0.9962988,2,0.0033560738
7803,8,8,0.9999711,3,2.1882792e-05
7804,3,3,0.99999005,8,5.2806818e-06
7805,8,8,0.99999994,5,6.021721e-09
7806,1,1,0.9986882,2,0.0012177227
7807,9,9,0.99998647,8,1.3000029e-05
7808,5,5,0.9999977,9,1.9205252e-06
7809,5,5,0.99999887,3,6.097952e-07
7810,0,0,0.9995449,6,0.00038267006
7811,1,1,0.999856,2,5.6693334e-05
7812,1,1,0.9950154,2,0.0021494646
7813,9,9,0.95386654,8,0.04606739
7814,8,8,0.99999994,3,1.9405384e-08
7815,2,2,0.99983716,3,0.0001593991
7816,6,6,0.9999998,5,6.6448e-08
7817,0,0,0.9999936,6,3.7809784e-06
7818,4,4,0.9999985,8,1.477186e-06
7819,5,5,0.9999998,8,1.2807651e-07
7820,0,0,0.99991804,2,5.4951845e-05
7821,3,3,0.9933961,2,0.006599483
7822,1,1,0.99607396,2,0.0038162882
7823,8,8,0.99993855,3,5.510595e-05
7824,6,6,0.9999986,5,9.3304817e-07
7825,7,7,0.9989817,3,0.0008394633
7826,5,5,0.9999065,3,7.702355e-05
7827,9,9,0.99999887,8,6.583851e-07
7828,9,9,0.9999539,8,4.4244098e-05
7829,3,3,0.9999996,8,2.7121988e-07
7830,0,0,0.9999648,6,3.1585936e-05
7831,3,3,0.99999505,2,3.940133e-06
7832,1,1,0.99997085,2,2.2680793e-05
7833,4,4,0.99999994,8,5.354249e-08
7834,4,4,0.99999803,8,1.7017562e-06
7835,0,0,0.99999696,2,2.806974e-06
7836,4,4,0.9999996,8,1.955419e-07
7837,9,9,0.9873714,8,0.012624999
7838,0,0,0.99807775,8,0.0013762265
7839,1,1,0.9906096,2,0.0064816554
7840,2,2,0.99997276,3,2.6503081e-05
7841,3,3,0.9983641,5,0.0016151795
7842,5,5,0.7010269,8,0.29354963
7843,6,6,0.99999934,4,2.9046845e-07
7844,7,7,0.999976,9,1.673601e-05
7845,8,8,0.9988156,2,0.0010967677
7846,0,0,0.9999283,2,6.65273e-05
7847,1,1,0.7501783,2,0.23147772
7848,2,2,0.999999,3,6.005594e-07
7849,3,3,0.992291,2,0.004896911
7850,5,5,0.98585325,8,0.012976766
7851,6,6,0.9998603,5,9.260839e-05
7852,7,7,0.9999412,9,3.947882e-05
7853,8,8,0.8740022,2,0.12584737
7854,9,9,0.99946535,4,0.0003512514
7855,0,0,0.99997324,2,1.6732645e-05
7856,1,1,0.6007548,2,0.3718642
7857,2,2,0.9999611,8,3.3787728e-05
7858,3,3,0.99983287,8,9.8087214e-05
7859,5,5,0.9995701,8,0.00028887377
7860,6,6,0.99989146,5,3.5947614e-05
7861,7,7,0.99993116,2,4.115678e-05
7862,8,8,0.99784505,2,0.002154256
7863,9,9,0.999841,5,9.047604e-05
7864,9,9,0.9999606,8,3.6340614e-05
7865,7,7,0.9998331,9,0.00015831481
7866,0,0,0.9999514,2,3.3843484e-05
7867,9,9,0.99994284,8,4.84365e-05
7868,0,0,0.9997716,8,0.00012605374
7869,1,1,0.9952285,2,0.0045442074
7870,5,5,0.99998873,9,7.4162003e-06
7871,8,8,0.9999898,2,1.0112299e-05
7872,8,8,0.9999693,2,2.9513627e-05
7873,0,0,0.99999505,9,2.1026872e-06
7874,9,9,0.9996199,8,0.0002022944
7875,3,3,0.9999127,5,8.669167e-05
7876,2,2,0.9999661,3,1.5276646e-05
7877,7,7,0.9999905,2,4.2595693e-06
7878,8,8,0.99999887,2,1.0896359e-06
7879,4,4,0.999999,2,8.8192536e-07
7880,6,6,0.99996704,4,2.8753848e-05
7881,1,1,0.99999815,2,6.987179e-07
7882,0,0,0.99998754,2,1.1980976e-05
7883,4,4,0.99999696,7,2.0928624e-06
7884,9,9,0.9997542,8,0.00023015152
7885,4,4,0.9999879,2,1.0820085e-05
7886,2,2,0.999999,4,8.849711e-07
7887,0,0,0.9999439,6,2.1663014e-05
7888,5,5,0.99997526,6,1.0333213e-05
7889,0,0,0.99998945,6,4.6120786e-06
7890,1,1,0.99993247,2,3.253874e-05
7891,6,6,0.99998516,8,1.0701618e-05
7892,9,9,0.999986,8,4.690656e-06
7893,3,3,0.9999102,5,8.164734e-05
7894,2,2,0.99998885,3,9.418384e-06
7895,9,9,0.9999388,8,4.2195476e-05
7896,1,1,0.9989498,2,0.0005820555
7897,6,6,0.99998075,5,1.6340606e-05
7898,0,0,0.99325365,6,0.0029002302
7899,1,1,0.94102824,0,0.026263963
7900,1,1,0.97517663,2,0.022696428
7901,8,8,0.99995834,2,4.102615e-05
7902,7,7,0.99910796,2,0.0004849706
7903,7,7,0.99967873,2,0.0002793987
7904,6,6,0.99998444,8,6.860274e-06
7905,3,3,0.9998792,5,6.09849e-05
7906,6,6,0.99999887,0,4.9410653e-07
7907,0,0,0.9999195,6,2.601512e-05
7908,7,7,0.9999884,9,5.5287014e-06
7909,2,2,0.99994177,8,5.1288444e-05
7910,4,4,0.99999744,8,1.7547736e-06
7911,1,1,0.9975281,2,0.0022341649
7912,7,7,0.9996506,9,0.00021414917
7913,0,0,0.9998886,2,7.112214e-05
7914,6,6,0.9999686,5,1.998366e-05
7915,7,7,0.9978375,9,0.002053782
7916,1,1,0.9767115,2,0.020871358
7917,2,2,0.9999998,0,1.14115295e-07
7918,5,5,0.9958428,6,0.00304007
7919,8,8,0.99962693,2,0.0003717459
7920,1,1,0.94817513,2,0.04988132
7921,8,8,0.9997816,3,0.00010228827
7922,2,2,0.99999934,8,3.4586446e-07
7923,8,8,0.99937505,2,0.00062437856
7924,7,7,0.99997693,9,1.13219485e-05
7925,6,6,0.9998935,8,5.897436e-05
7926,8,8,0.9994814,2,0.00051820127
7927,7,7,0.9982358,9,0.0011462191
7928,1,1,0.8568177,2,0.08980773
7929,6,6,0.9999948,4,1.6566893e-06
7930,2,2,0.999999,8,5.589609e-07
7931,9,9,0.9999966,8,2.0929735e-06
7932,3,3,0.9999985,5,1.3895603e-06
7933,0,0,0.9999053,2,8.526988e-05
7934,1,1,0.9999469,8,3.5582496e-05
7935,2,2,0.99999994,7,2.4928319e-08
7936,3,3,0.99999994,8,3.295513e-08
7937,4,4,0.9999649,8,3.4427827e-05
7938,5,5,0.9999997,6,2.797085e-07
7939,6,6,0.9999992,5,6.576599e-07
7940,7,7,0.9996835,3,0.0001863125
7941,8,8,0.99999267,2,7.159924e-06
7942,9,9,0.999876,8,0.000115151546
7943,0,0,0.9999948,9,2.186857e-06
7944,1,1,0.9998929,2,9.989434e-05
7945,2,2,0.9994796,3,0.0004774634
7946,3,3,0.9999909,8,8.796382e-06
7947,4,4,0.9999905,7,9.016425e-06
7948,5,5,0.9999998,3,8.2205695e-08
7949,6,6,0.9999992,5,6.282884e-07
7950,7,7,0.9969961,3,0.0018211273
7951,8,8,0.99999005,9,5.242356e-06
7952,9,9,0.9995974,8,0.0003361716
7953,0,0,0.99999946,2,3.9926087e-07
7954,1,1,0.99996954,2,1.4451831e-05
7955,2,2,0.99999946,8,3.5613016e-07
7956,3,3,0.99999994,5,1.239504e-09
7957,4,4,0.9999977,8,2.1679027e-06
7958,5,5,0.9999998,3,1.1930884e-07
7959,6,6,0.9999998,5,7.544396e-08
7960,7,7,0.99997896,3,1.3903265e-05
7961,8,8,0.99999994,9,3.4053418e-08
7962,9,9,0.99994785,8,4.8664173e-05
7963,8,8,0.9999997,9,8.3519666e-08
7964,9,9,0.9752769,8,0.024703724
7965,5,5,0.99999994,9,4.3454804e-09
7966,7,7,0.9992349,3,0.00043509883
7967,0,0,0.99998456,2,1.4552567e-05
7968,3,3,0.99999994,5,3.221179e-09
7969,1,1,0.99999744,2,1.4132312e-06
7970,6,6,0.99999934,5,5.86022e-07
7971,8,8,0.9975049,9,0.0024425343
7972,4,4,0.9999979,8,1.7987552e-06
7973,1,1,0.99995595,2,3.3371478e-05
7974,5,5,0.9999998,9,5.7781367e-08
7975,6,6,0.9999998,5,1.760493e-07
7976,4,4,0.99999946,7,2.7203325e-07
7977,2,2,0.99999994,7,2.9385683e-08
7978,7,7,0.9971083,2,0.0025878712
7979,8,8,0.9999991,2,8.668997e-07
7980,1,1,0.9998904,2,7.592356e-05
7981,3,3,0.9999997,5,2.8037243e-07
7982,4,4,0.9991885,8,0.00079916965
7983,3,3,0.9999854,5,1.450421e-05
7984,4,4,0.99999875,8,1.0532677e-06
7985,7,7,0.9969363,2,0.0020070572
7986,2,2,0.9999965,8,1.8589155e-06
7987,0,0,0.999251,2,0.0006342748
7988,5,5,0.99999887,3,9.0076514e-07
7989,0,0,0.9999923,2,2.862741e-06
7990,1,1,0.9994322,8,0.00029054182
7991,9,9,0.56605285,8,0.42950958
7992,2,2,0.99999994,8,1.992188e-08
7993,3,3,0.99999887,5,1.0412492e-06
7994,2,2,0.9999911,3,8.389823e-06
7995,3,3,0.99999994,5,3.297047e-08
7996,5,5,0.999999,8,8.7455993e-07
7997,5,5,0.99999887,3,9.652885e-07
7998,7,7,0.9973502,2,0.0010603223
7999,8,8,0.9999587,2,3.9798637e-05
8000,4,4,0.99887145,2,0.0010454315
8001,9,9,0.9999985,3,5.041195e-07
8002,9,9,0.9999346,8,2.8516102e-05
8003,7,7,0.9992017,2,0.00075825234
8004,1,1,0.9999066,2,8.861612e-05
8005,1,1,0.99999577,2,2.0272703e-06
8006,9,9,0.99999636,7,1.6713424e-06
8007,0,0,0.99993867,2,5.3261592e-05
8008,7,7,0.9941892,2,0.0050037475
8009,8,8,0.99999946,2,4.717949e-07
8010,3,3,0.9999935,8,5.7974803e-06
8011,4,4,0.9998045,7,0.00013339976
8012,8,8,0.9999955,2,3.9635315e-06
8013,6,6,0.99999994,8,6.856511e-09
8014,3,3,0.9999998,5,1.4955393e-07
8015,8,8,0.99998194,2,1.740627e-05
8016,0,0,0.99646544,2,0.0014785916
8017,9,9,0.99999815,4,1.205785e-06
8018,6,6,0.99999994,4,1.9140531e-08
8019,2,2,0.9999351,8,6.4521504e-05
8020,1,1,0.999549,4,0.00034413554
8021,0,0,0.99997085,6,1.3886642e-05
8022,1,1,0.9992522,2,0.00047221183
8023,0,0,0.99991614,2,5.4418437e-05
8024,6,6,0.99999994,4,1.0637147e-08
8025,2,2,0.99999994,3,5.3870464e-09
8026,3,3,0.9999998,5,7.778878e-08
8027,8,8,0.99999946,2,4.2652962e-07
8028,9,9,0.99895525,8,0.0009039007
8029,0,0,0.99971354,2,0.00026632115
8030,7,7,0.81660295,2,0.1529068
8031,2,2,0.9999992,7,4.987216e-07
8032,3,3,0.9999997,5,2.5788063e-07
8033,4,4,0.99999624,7,2.8027082e-06
8034,5,5,0.999999,3,9.756673e-07
8035,5,5,0.9999979,3,1.8639154e-06
8036,2,2,0.99999994,8,1.689452e-08
8037,8,8,0.9999972,2,1.4361926e-06
8038,5,5,0.99999565,8,3.5954288e-06
8039,4,4,0.9999984,8,1.4400099e-06
8040,6,6,0.99999994,5,1.7316387e-08
8041,6,6,0.9999998,5,1.09835014e-07
8042,6,6,0.99999994,5,3.5486487e-08
8043,7,7,0.99610794,2,0.0028704149
8044,9,9,0.9990854,8,0.0007124833
8045,1,1,0.9980087,2,0.0019132859
8046,8,8,0.99999994,9,4.76883e-08
8047,2,2,0.9995187,8,0.00042187466
8048,1,1,0.99998957,2,4.053261e-06
8049,5,5,0.99999994,6,2.1912854e-08
8050,3,3,0.9999998,5,1.038258e-07
8051,4,4,0.9999873,7,9.376337e-06
8052,7,7,0.9991033,3,0.00043507555
8053,9,9,0.99996287,8,3.475417e-05
8054,4,4,0.9999998,8,1.5455592e-07
8055,0,0,0.99995464,2,4.0669715e-05
8056,0,0,0.99998564,2,1.1395209e-05
8057,0,0,0.9998429,9,0.00011694341
8058,1,1,0.99972224,8,0.00017104135
8059,2,2,0.9649749,1,0.033388276
8060,3,3,0.99998957,8,9.164792e-06
8061,4,4,0.98787504,9,0.005752884
8062,5,5,0.999846,6,0.000116256466
8063,6,6,0.9999009,5,8.133075e-05
8064,7,7,0.9988965,9,0.0005337308
8065,8,8,0.9890603,0,0.0048775566
8066,9,9,0.99994713,3,2.2983673e-05
8067,0,0,0.9999561,2,3.6517147e-05
8068,1,1,0.9890826,8,0.010458028
8069,2,2,0.99649066,1,0.0034861218
8070,3,3,0.99999994,5,1.7448606e-08
8071,4,4,0.9852482,9,0.014363178
8072,5,5,0.99998933,3,1.0389772e-05
8073,6,6,0.9999984,5,8.2021745e-07
8074,7,7,0.99924386,9,0.00073891424
8075,8,8,0.9998472,0,0.000112585454
8076,9,9,0.99994177,8,5.4647728e-05
8077,0,0,0.999976,2,1.6912438e-05
8078,1,1,0.99233156,8,0.005424887
8079,2,2,0.9994172,1,0.00057955156
8080,3,3,0.99999994,8,4.4671964e-08
8081,4,4,0.9969101,6,0.002753586
8082,5,5,0.99999934,3,5.114271e-07
8083,6,6,0.9999997,5,2.0507242e-07
8084,9,9,0.99994355,4,5.3039785e-05
8085,0,0,0.9999985,2,7.252795e-07
8086,1,1,0.99973536,8,0.00017984032
8087,3,3,0.9999991,5,7.9992276e-07
8088,1,1,0.99984336,8,7.953161e-05
8089,5,5,0.99999994,8,6.4976837e-09
8090,1,1,0.99995166,8,1.4639685e-05
8091,2,2,0.9995504,1,0.00041894114
8092,4,4,0.99874634,7,0.00076567294
8093,9,9,0.999431,8,0.0002771121
8094,2,2,0.9587009,8,0.03921416
8095,4,4,0.9818009,6,0.009525219
8096,6,6,0.99999803,5,1.1045263e-06
8097,8,8,0.99996704,2,1.6435653e-05
8098,0,0,0.9997673,2,0.00022864087
8099,1,1,0.9999936,7,4.1727276e-06
8100,1,1,0.99990636,2,4.109027e-05
8101,9,9,0.9998984,8,5.932535e-05
8102,2,2,0.9955986,1,0.0030665423
8103,6,6,0.99997944,5,1.5092203e-05
8104,6,6,0.9996743,5,0.0002710894
8105,8,8,0.99968755,0,0.00011606889
8106,7,7,0.9945391,9,0.004148191
8107,4,4,0.9984405,9,0.0010005761
8108,2,2,0.9999998,1,1.0241167e-07
8109,9,9,0.99970186,8,0.00027007627
8110,7,7,0.9867694,9,0.012086386
8111,0,0,0.9996499,2,0.00029281952
8112,2,2,0.99997467,8,1.900448e-05
8113,1,1,0.999963,8,2.2917588e-05
8114,0,0,0.99998194,2,7.6262554e-06
8115,3,3,0.9785346,5,0.020634716
8116,6,6,0.99999934,5,5.3009217e-07
8117,0,0,0.9999967,2,2.5093275e-06
8118,1,1,0.999994,2,4.9767254e-06
8119,2,2,0.9999997,7,2.273268e-07
8120,3,3,0.99999994,8,5.1707335e-08
8121,4,4,0.9999983,7,1.4666059e-06
8122,5,5,0.9999996,9,3.5764273e-07
8123,6,6,0.9999655,4,3.2883534e-05
8124,7,7,0.999091,3,0.0008103897
8125,8,8,0.99998707,2,1.2823499e-05
8126,9,9,0.9999557,8,4.1008756e-05
8127,0,0,0.9999998,6,8.926033e-08
8128,1,1,0.9993687,6,0.00033753598
8129,2,2,0.99999756,7,1.6931175e-06
8130,3,3,0.9999997,5,2.1397638e-07
8131,4,4,0.99999577,8,4.1812173e-06
8132,5,5,0.99999934,6,3.2373242e-07
8133,6,6,0.999999,5,9.567286e-07
8134,7,7,0.9999251,2,3.6605343e-05
8135,8,8,0.99999994,2,2.1617653e-08
8136,9,9,0.99997026,8,2.4970828e-05
8137,0,0,0.9999952,2,4.529663e-06
8138,1,1,0.99929833,2,0.000690415
8139,2,2,0.9995759,7,0.00041225879
8140,3,3,0.99999994,5,2.5108983e-08
8141,4,4,0.9999998,8,3.344161e-08
8142,5,5,0.9999756,3,1.708161e-05
8143,6,6,0.9993586,5,0.000322788
8144,7,7,0.9992598,3,0.00067064964
8145,8,8,0.99999994,2,4.2238252e-10
8146,9,9,0.99951094,8,0.0004873283
8147,8,8,0.99999994,9,2.2304254e-08
8148,6,6,0.9999998,5,1.7178e-07
8149,5,5,0.9999922,9,7.058751e-06
8150,9,9,0.99999017,3,5.0804756e-06
8151,7,7,0.99949735,2,0.00047163336
8152,0,0,0.999991,2,8.377493e-06
8153,2,2,0.9999543,7,2.2736009e-05
8154,3,3,0.99999815,5,1.7555247e-06
8155,4,4,0.99999994,8,3.8239776e-08
8156,3,3,0.9998849,9,0.000109533146
8157,8,8,0.99999994,2,1.6326174e-08
8158,5,5,0.9999992,3,3.1064826e-07
8159,1,1,0.99997526,2,2.2248589e-05
8160,5,5,0.9789779,3,0.020023955
8161,2,2,0.99999934,7,5.268424e-07
8162,3,3,0.99999994,8,1.4173952e-09
8163,0,0,0.9999171,2,4.5639084e-05
8164,1,1,0.99767,2,0.0022976857
8165,2,2,0.99846095,1,0.001178231
8166,1,1,0.99997693,2,2.0487307e-05
8167,3,3,0.99999994,5,7.0831923e-09
8168,2,2,0.9987824,7,0.0011024447
8169,6,6,0.99999994,4,5.245313e-08
8170,5,5,0.99993867,6,3.6335834e-05
8171,3,3,0.9999798,5,2.0104502e-05
8172,0,0,0.9998885,2,0.000109479966
8173,7,7,0.99999577,3,1.8550323e-06
8174,2,2,0.9999662,3,3.3082793e-05
8175,7,7,0.9999228,2,4.0748237e-05
8176,4,4,0.99999875,8,1.1823475e-06
8177,6,6,0.99999994,5,4.3778943e-08
8178,4,4,0.9999941,2,5.773885e-06
8179,0,0,0.9999967,2,2.7337435e-06
8180,5,5,0.9999133,9,8.413162e-05
8181,9,9,0.9993647,8,0.00045048114
8182,9,9,0.9694093,4,0.02032011
8183,8,8,0.99998707,6,1.087983e-05
8184,9,9,0.9932033,8,0.006788982
8185,5,5,0.9999766,3,2.314245e-05
8186,3,3,0.99999994,8,1.37017855e-08
8187,1,1,0.99995476,2,3.0559666e-05
8188,7,7,0.9998684,2,8.431588e-05
8189,4,4,0.9999997,8,2.5019926e-07
8190,7,7,0.99993795,3,3.7227725e-05
8191,6,6,0.999996,5,3.472009e-06
8192,5,5,0.9999996,9,2.7322537e-07
8193,4,4,0.9999997,8,8.609693e-08
8194,0,0,0.99944746,2,0.00055248576
8195,0,0,0.99999386,2,3.6597298e-06
8196,6,6,0.99995416,4,3.0812873e-05
8197,6,6,0.99998254,5,7.69577e-06
8198,2,2,0.9999816,7,1.5521959e-05
8199,0,0,0.9999563,2,4.1161667e-05
8200,6,6,0.99999267,5,6.374645e-06
8201,3,3,0.9999998,5,6.64404e-08
8202,7,7,0.99998003,2,1.7875062e-05
8203,7,7,0.99994427,3,3.552774e-05
8204,4,4,0.99999803,2,1.864641e-06
8205,4,4,0.9999997,7,2.0156948e-07
8206,3,3,0.99999994,5,1.4300884e-08
8207,9,9,0.9999972,4,2.0359143e-06
8208,2,2,0.9999986,7,7.4809975e-07
8209,8,8,0.99999994,2,3.2644206e-08
8210,9,9,0.99997157,8,2.3795956e-05
8211,6,6,0.99999994,5,2.086354e-08
8212,0,0,0.99991184,2,8.470229e-05
8213,9,9,0.99995524,8,3.5123896e-05
8214,5,5,0.99999994,9,2.0567208e-08
8215,3,3,0.9999996,5,3.365396e-07
8216,8,8,0.99999946,2,3.7204953e-07
8217,8,8,0.9999762,9,2.3561375e-05
8218,7,7,0.9990422,3,0.00048936874
8219,1,1,0.9999967,2,2.8933073e-06
8220,4,4,0.99999946,8,4.5514477e-07
8221,0,0,0.9998772,2,0.000117126016
8222,4,4,0.99999994,8,1.5496513e-08
8223,8,8,0.9999996,2,3.5652303e-07
8224,5,5,0.99999994,9,3.6923623e-08
8225,2,2,0.9997269,3,0.00013670289
8226,3,3,0.9999985,8,1.3903756e-06
8227,9,9,0.99820024,8,0.0017696685
8228,0,0,0.99660313,2,0.003232243
8229,1,1,0.999991,7,7.0921096e-06
8230,9,9,0.99554026,8,0.004428306
8231,1,1,0.9999741,2,2.445016e-05
8232,5,5,0.9999992,3,4.4115902e-07
8233,1,1,0.9999952,7,2.1200503e-06
8234,7,7,0.99073815,3,0.009195012
8235,4,4,0.99999946,8,4.1680366e-07
8236,8,8,0.9999742,2,1.9280988e-05
8237,6,6,0.99999934,5,5.5619284e-07
8238,2,2,0.99999756,8,9.335652e-07
8239,1,1,0.99998635,2,8.038866e-06
8240,6,6,0.99995786,5,3.901383e-05
8241,8,8,0.9999973,2,2.5383124e-06
8242,8,8,0.9999991,6,5.24881e-07
8243,0,0,0.99958116,6,0.00014420293
8244,1,1,0.9984983,2,0.001315217
8245,2,2,0.9999332,3,2.3996516e-05
8246,3,3,0.9963074,5,0.0022542682
8247,4,4,0.9998567,8,0.00013919309
8248,7,7,0.99847084,3,0.001453065
8249,8,8,0.9999998,2,6.328636e-08
8250,9,9,0.99999493,8,2.6468017e-06
8251,0,0,0.9999588,2,3.4031327e-05
8252,1,1,0.9999909,7,5.0357053e-06
8253,2,2,0.9999992,7,6.959535e-07
8254,3,3,0.9999625,5,3.691364e-05
8255,4,4,0.9794711,2,0.019697908
8256,6,6,0.99283516,4,0.0069097294
8257,7,7,0.99880314,3,0.0011221933
8258,8,8,0.9999973,5,2.075822e-06
8259,9,9,0.9997245,5,0.0002698767
8260,0,0,0.9999595,2,2.0704814e-05
8261,1,1,0.99996537,2,3.250312e-05
8262,2,2,0.9999948,1,3.9280026e-06
8263,3,3,0.99999946,5,5.2080196e-07
8264,4,4,0.9999898,8,7.140319e-06
8265,7,7,0.98702127,2,0.008693784
8266,8,8,0.99999994,3,1.8366903e-08
8267,9,9,0.99556494,8,0.0030522444
8268,1,1,0.9998855,2,9.0938214e-05
8269,4,4,0.99999803,2,1.1723135e-06
8270,5,5,0.99999446,8,4.9188407e-06
8271,3,3,0.99999624,5,3.6397146e-06
8272,3,3,0.99953145,8,0.00046198076
8273,0,0,0.9961387,9,0.0023481548
8274,9,9,0.9999915,4,3.748285e-06
8275,5,5,0.98938346,6,0.008414801
8276,4,4,0.9999923,2,6.9438374e-06
8277,3,3,0.9499994,5,0.04349607
8278,0,0,0.98335683,2,0.016332269
8279,8,8,0.9999885,9,6.286224e-06
8280,4,4,0.99997574,8,2.3446553e-05
8281,6,6,0.99682677,1,0.0023607581
8282,7,7,0.993311,3,0.0061268113
8283,0,0,0.9988069,2,0.0011828354
8284,7,7,0.99425733,3,0.0043786787
8285,7,7,0.99995834,3,2.0505711e-05
8286,1,1,0.99975586,2,0.00015300004
8287,6,6,0.99956185,2,0.00040458766
8288,9,9,0.999929,4,5.382968e-05
8289,1,1,0.9999971,7,1.7063389e-06
8290,3,3,0.99989754,8,6.315688e-05
8291,6,6,0.99999887,4,3.837313e-07
8292,2,2,0.9999973,7,2.3642351e-06
8293,3,3,0.9999942,5,5.5096325e-06
8294,8,8,0.9999998,2,8.47463e-08
8295,2,2,0.9999996,7,1.5573941e-07
8296,3,3,0.99965644,5,0.00030971647
8297,8,8,0.99999887,9,9.1521196e-07
8298,9,9,0.9984276,5,0.0015579453
8299,5,5,0.9743716,8,0.025618346
8300,8,8,0.99999994,9,8.649688e-09
8301,8,8,0.9999997,9,2.1110202e-07
8302,7,7,0.9996225,3,0.00037188717
8303,1,1,0.99999315,2,2.538251e-06
8304,7,7,0.9988374,3,0.0007727789
8305,1,1,0.999934,2,4.1347113e-05
8306,1,1,0.99999756,2,1.9232891e-06
8307,0,0,0.9999582,2,3.848313e-05
8308,3,3,0.99998456,5,1.5050958e-05
8309,4,4,0.99999875,8,1.0421999e-06
8310,2,2,0.9992945,1,0.0006972531
8311,6,6,0.9980235,4,0.0019704683
8312,4,4,0.9999817,8,1.6544864e-05
8313,7,7,0.9986994,3,0.0007988726
8314,4,4,0.9999998,7,9.964149e-08
8315,2,2,0.9999955,7,3.941661e-06
8316,7,7,0.6038341,2,0.26549867
8317,4,4,0.9982375,8,0.0017350952
8318,2,2,0.99999875,8,1.0877276e-06
8319,9,9,0.99992174,5,4.123926e-05
8320,2,2,0.9999941,7,5.6340045e-06
8321,7,7,0.98736715,3,0.006165209
8322,9,9,0.9995515,5,0.00021611982
8323,2,2,0.99999505,8,4.572692e-06
8324,1,1,0.99988204,2,6.235275e-05
8325,0,0,0.9865677,6,0.011925919
8326,6,2,0.47192854,6,0.41221777
8327,5,5,0.9995267,8,0.0003032111
8328,3,3,0.9999998,5,1.6085411e-07
8329,4,4,0.9999959,1,2.285364e-06
8330,8,8,0.99997777,2,2.1444195e-05
8331,5,5,0.9999965,8,3.094524e-06
8332,9,9,0.99844074,7,0.0014270652
8333,6,6,0.99997073,4,2.1413001e-05
8334,9,9,0.9998855,4,0.00010723849
8335,0,0,0.9999675,4,2.7520724e-05
8336,6,6,0.9993083,4,0.0006869855
8337,3,3,0.9999998,5,1.3894116e-07
8338,0,0,0.99989635,2,8.778719e-05
8339,8,8,0.9947408,2,0.0036894074
8340,1,1,0.9999915,2,7.3446463e-06
8341,6,6,0.9999996,4,3.3375795e-07
8342,0,0,0.999486,2,0.00050114206
8343,0,0,0.9999259,2,7.299028e-05
8344,1,1,0.99978733,2,0.00018259637
8345,2,2,0.99999994,1,4.2480495e-09
8346,3,3,0.9999984,5,1.5539244e-06
8347,4,4,0.99999756,9,2.0521256e-06
8348,5,5,0.99999994,3,1.4732816e-09
8349,6,6,0.9999979,4,2.0589994e-06
8350,7,7,0.9999518,3,3.0543808e-05
8351,0,0,0.99667346,2,0.0032617871
8352,1,1,0.99995285,8,2.6041083e-05
8353,2,2,0.9999806,4,1.9033305e-05
8354,3,3,0.9999706,5,2.9368059e-05
8355,4,4,0.9999835,8,1.6073433e-05
8356,7,7,0.9998804,3,5.0201103e-05
8357,8,8,0.99999994,2,1.2768253e-08
8358,9,9,0.9999122,7,4.7979967e-05
8359,0,0,0.9999624,2,3.531533e-05
8360,1,1,0.99996024,2,2.820009e-05
8361,2,2,0.9999979,7,1.5117987e-06
8362,3,3,0.99949497,5,0.0005048289
8363,4,4,0.99999887,8,7.1262446e-07
8364,7,7,0.999138,3,0.00085106876
8365,2,2,0.99999994,8,2.419081e-09
8366,5,5,0.99999934,3,5.054259e-07
8367,1,1,0.9999842,2,1.4806676e-05
8368,6,6,0.9999996,5,2.1154537e-07
8369,4,4,0.99998695,8,9.078975e-06
8370,3,3,0.9999998,5,1.5575327e-07
8371,9,9,0.999996,4,2.2451059e-06
8372,9,9,0.9999493,4,4.7120113e-05
8373,0,0,0.99989814,2,0.00010060666
8374,9,9,0.9995976,8,0.00034528863
8375,7,7,0.9999867,4,6.7578158e-06
8376,1,1,0.9869371,8,0.005788043
8377,6,6,0.9999929,4,4.507572e-06
8378,4,4,0.9999464,8,4.8983424e-05
8379,3,3,0.99992377,8,5.9622762e-05
8380,6,6,0.9999998,4,1.14154375e-07
8381,2,2,0.9999799,1,1.188308e-05
8382,0,0,0.93974364,2,0.05997265
8383,9,9,0.99999326,5,3.6569436e-06
8384,8,8,0.99999994,2,2.2422043e-10
8385,6,6,0.9999997,4,2.933395e-07
8386,5,5,0.9999984,8,1.5333708e-06
8387,7,7,0.9999117,9,3.542921e-05
8388,0,0,0.99975455,2,0.0002197947
8389,0,0,0.9997797,2,0.0001999034
8390,1,1,0.9999985,7,9.867837e-07
8391,7,7,0.9999493,2,3.95904e-05
8392,4,4,0.9999886,8,1.1145761e-05
8393,3,3,0.99999946,5,4.1065687e-07
8394,2,2,0.9999998,7,8.866306e-08
8395,4,4,0.9999997,8,8.697751e-08
8396,1,1,0.9999446,2,4.3760607e-05
8397,3,3,0.99920315,5,0.00078794203
8398,7,7,0.9999612,2,1.9053568e-05
8399,6,6,0.99999994,5,1.7427984e-08
8400,4,4,0.9999996,2,2.7373395e-07
8401,7,7,0.99996823,2,2.6878432e-05
8402,7,7,0.9997276,2,0.00011581259
8403,7,7,0.99998826,3,5.3878707e-06
8404,9,9,0.9999953,4,2.4744147e-06
8405,8,8,0.999999,5,8.479267e-07
8406,4,4,0.9929933,9,0.006994413
8407,3,3,0.9999997,5,1.8130383e-07
8408,8,8,0.9352759,5,0.028571825
8409,2,2,0.99999946,1,3.2464635e-07
8410,8,8,0.99981475,6,0.0001452404
8411,3,3,0.9999979,5,1.6228996e-06
8412,5,5,0.99989873,3,9.812043e-05
8413,8,8,0.9999998,6,9.193809e-08
8414,0,0,0.9999587,2,3.5293513e-05
8415,5,5,0.999994,3,5.6768167e-06
8416,4,4,0.9974236,8,0.002512698
8417,7,7,0.999999,9,8.942679e-07
8418,1,1,0.9998691,8,9.785465e-05
8419,3,3,0.9999983,8,1.1723195e-06
8420,1,1,0.99999815,2,1.1626084e-06
8421,7,7,0.99992067,2,4.870557e-05
8422,9,9,0.99997896,5,1.9723284e-05
8423,6,6,0.9999985,4,9.878429e-07
8424,2,2,0.99999994,8,4.553495e-09
8425,0,0,0.99995226,2,3.8779952e-05
8426,9,9,0.9977158,4,0.002217279
8427,1,1,0.99999934,8,3.406839e-07
8428,7,7,0.9999971,9,2.158869e-06
8429,3,3,0.9999986,5,1.2606229e-06
8430,3,3,0.9999997,5,1.8291551e-07
8431,9,9,0.99999124,4,6.021529e-06
8432,1,1,0.9999986,2,9.276281e-07
8433,6,6,0.999999,4,9.820216e-07
8434,4,4,0.9999998,9,1.267796e-07
8435,3,3,0.99964976,5,0.00035019778
8436,9,9,0.99999887,8,9.230069e-07
8437,8,8,0.99999994,2,4.0435516e-11
8438,2,2,0.99999994,8,1.9981996e-09
8439,1,1,0.9999742,8,1.43316665e-05
8440,8,8,0.99999994,5,1.3207513e-10
8441,6,6,0.99999875,4,1.1763024e-06
8442,4,4,0.9999897,2,7.461127e-06
8443,1,1,0.99999195,2,6.427236e-06
8444,5,5,0.9999947,3,4.5211887e-06
8445,5,5,0.9999997,3,6.427034e-08
8446,6,6,0.99999994,5,2.9550986e-08
8447,5,5,0.9999997,3,1.15108726e-07
8448,0,0,0.9999928,6,7.101909e-06
8449,1,1,0.99995404,6,2.271472e-05
8450,2,2,0.99999994,8,3.6444273e-08
8451,3,3,0.9999996,5,2.2002715e-07
8452,4,4,0.9999941,7,5.860729e-06
8453,5,5,0.9999886,3,1.0820454e-05
8454,6,6,0.99999994,4,2.567456e-10
8455,7,7,0.9999834,3,1.2115876e-05
8456,8,8,0.9999948,6,4.2615743e-06
8457,9,9,0.9999996,3,2.721389e-07
8458,0,0,0.99999934,6,5.3935e-07
8459,1,1,0.9956245,2,0.0017653418
8460,2,2,0.9999991,8,7.69469e-07
8461,3,3,0.99999756,8,2.22544e-06
8462,4,4,0.9999823,7,1.0868796e-05
8463,5,5,0.9999971,3,2.8256975e-06
8464,6,6,0.99999994,4,2.4606137e-09
8465,7,7,0.9840101,3,0.015026887
8466,8,8,0.99999994,2,5.491819e-09
8467,9,9,0.9999992,8,3.194132e-07
8468,0,0,0.9999729,6,2.4883102e-05
8469,1,1,0.99865097,8,0.000646242
8470,2,2,0.99999994,8,2.1399284e-08
8471,3,3,0.99999994,5,3.894283e-09
8472,4,4,0.99992937,7,4.1686435e-05
8473,5,5,0.9999983,3,1.430741e-06
8474,6,6,0.99999994,5,5.554775e-09
8475,7,7,0.9995231,3,0.0003400821
8476,8,8,0.9999934,2,4.9284376e-06
8477,9,9,0.9999972,8,2.2759903e-06
8478,6,6,0.9999998,5,7.68189e-08
8479,9,9,0.99999434,8,4.239759e-06
8480,7,7,0.9999636,3,2.4663392e-05
8481,0,0,0.9999954,9,1.9709064e-06
8482,2,2,0.9999996,3,2.283872e-07
8483,3,3,0.9999998,8,1.0008816e-07
8484,4,4,0.99999994,9,3.6579863e-08
8485,3,3,0.999996,8,2.4668932e-06
8486,8,8,0.9999638,2,3.4702807e-05
8487,5,5,0.99999994,3,5.0155865e-08
8488,1,1,0.99994594,2,3.4758355e-05
8489,3,3,0.99999946,5,3.2115037e-07
8490,0,0,0.99998206,6,1.2473071e-05
8491,1,1,0.9938491,8,0.0044644033
8492,2,2,0.9999978,7,1.2661267e-06
8493,1,1,0.9945301,8,0.0038918469
8494,3,3,0.9999966,5,2.5125764e-06
8495,2,2,0.9999843,8,1.0472815e-05
8496,0,0,0.99997514,2,1.1413459e-05
8497,7,7,0.9900875,3,0.008446099
8498,2,2,0.9999748,1,9.170592e-06
8499,6,6,0.99999994,5,8.242672e-09
8500,4,4,0.99999994,2,5.150258e-09
8501,0,0,0.9999235,6,3.19745e-05
8502,5,5,0.99981713,3,0.00018175485
8503,9,9,0.9997673,5,0.00018643745
8504,9,9,0.99602735,5,0.003953189
8505,8,8,0.99999946,2,4.7472312e-07
8506,9,9,0.9999595,4,3.1506916e-05
8507,5,5,0.9999954,8,4.0166783e-06
8508,3,3,0.9986024,5,0.0013530198
8509,1,1,0.9311629,8,0.05470906
8510,7,7,0.97471154,3,0.017445643
8511,4,4,0.99989504,7,8.2758816e-05
8512,7,7,0.9830304,3,0.015732564
8513,0,0,0.9999978,5,9.4225146e-07
8514,0,0,0.99999875,9,1.072173e-06
8515,6,6,0.9999986,5,8.785697e-07
8516,6,6,0.9999996,8,4.0921276e-07
8517,6,6,0.9999992,8,5.01715e-07
8518,3,3,0.9999998,5,1.0558963e-07
8519,7,7,0.94730484,3,0.044495717
8520,4,4,0.6941681,9,0.2525395
8521,2,2,0.999991,8,6.136931e-06
8522,8,8,0.98558813,2,0.014384244
8523,9,9,0.99970055,5,0.00024172007
8524,8,8,0.99998444,2,1.5509291e-05
8525,7,7,0.96180975,3,0.035449237
8526,1,1,0.99974,2,0.00015627821
8527,4,4,0.682546,9,0.29262722
8528,0,0,0.99999815,6,1.4972602e-06
8529,4,4,0.99999887,9,6.7022614e-07
8530,8,8,0.999587,2,0.00041241045
8531,5,5,0.9999979,3,1.9817148e-06
8532,2,2,0.9999992,1,5.7976433e-07
8533,3,3,0.999996,8,3.9873844e-06
8534,9,9,0.9999537,4,2.5900896e-05
8535,0,0,0.9999983,2,1.5165936e-06
8536,1,1,0.9999564,4,2.2384334e-05
8537,9,9,0.9999953,4,2.3511352e-06
8538,1,1,0.9999408,8,3.973137e-05
8539,5,5,0.99999744,0,1.9445038e-06
8540,1,1,0.99987626,8,8.9178735e-05
8541,7,7,0.93561965,3,0.05661668
8542,6,6,0.9999538,5,4.2644348e-05
8543,1,1,0.9999878,4,6.0301795e-06
8544,2,2,0.9999996,3,3.2422992e-07
8545,1,1,0.999937,8,2.843367e-05
8546,6,6,0.9999936,5,4.969562e-06
8547,8,8,0.99999994,2,6.391763e-09
8548,0,0,0.999999,6,9.188949e-07
8549,1,1,0.99996907,8,2.2127017e-05
8550,2,2,0.9999947,7,5.11847e-06
8551,3,3,0.9999998,5,8.193723e-08
8552,4,4,0.9999996,2,3.0770923e-07
8553,5,5,0.99996036,3,3.93696e-05
8554,6,6,0.99999994,4,2.1686704e-08
8555,7,7,0.9999692,3,1.6187438e-05
8556,8,8,0.99999994,9,3.1271337e-09
8557,9,9,0.99999744,4,1.7873573e-06
8558,0,0,0.99982715,6,0.00017254519
8559,1,1,0.9999979,8,1.6042111e-06
8560,2,2,0.99999994,4,5.310087e-09
8561,3,3,0.9999998,5,7.108084e-08
8562,4,4,0.99999934,2,6.052734e-07
8563,5,5,0.9999742,9,2.5454936e-05
8564,6,6,0.9999991,0,6.184001e-07
8565,7,7,0.9933458,3,0.005632769
8566,8,8,0.99999994,3,1.3875089e-09
8567,0,0,0.99999696,2,2.5026459e-06
8568,1,1,0.99999744,8,9.030389e-07
8569,2,2,0.99999994,8,1.13998535e-08
8570,3,3,0.99999994,5,4.058762e-09
8571,5,5,0.9999996,3,2.5729153e-07
8572,6,6,0.9999998,4,7.734598e-08
8573,7,7,0.9999952,3,2.3219404e-06
8574,8,8,0.99999994,9,6.0663687e-09
8575,1,1,0.9997816,8,0.00015562213
8576,0,0,0.9999997,6,2.3901472e-07
8577,4,4,0.9999991,2,7.7734705e-07
8578,5,5,0.99999744,3,2.3927796e-06
8579,6,6,0.9999998,4,7.1606365e-08
8580,6,6,0.9999998,0,7.065991e-08
8581,3,3,0.99997026,8,2.9605018e-05
8582,4,4,0.9999998,2,7.5659386e-08
8583,4,4,0.9999979,2,1.4991643e-06
8584,2,2,0.9999954,3,4.3199525e-06
8585,8,8,0.99999994,3,2.3233687e-10
8586,1,1,0.99999017,8,7.6879805e-06
8587,0,0,0.99999934,6,5.457874e-07
8588,6,6,0.99999756,0,1.4035367e-06
8589,4,4,0.9999997,2,2.326702e-07
8590,9,9,0.99991876,8,7.994872e-05
8591,7,7,0.9991918,3,0.00064924185
8592,2,2,0.9999998,3,1.1640598e-07
8593,9,9,0.999971,8,2.5210125e-05
8594,2,2,0.9999966,8,2.61229e-06
8595,0,0,0.99999934,6,5.3596233e-07
8596,9,9,0.9995218,8,0.00037203875
8597,3,3,0.9998083,8,0.00019122363
8598,3,3,0.9999469,8,5.2499177e-05
8599,9,9,0.99999505,4,2.7852627e-06
8600,1,1,0.9999885,8,7.971162e-06
8601,5,5,0.99999446,3,5.2515866e-06
8602,2,2,0.9999997,3,2.0058765e-07
8603,3,3,0.99999315,8,6.230033e-06
8604,1,1,0.9999406,8,4.7738555e-05
8605,6,6,0.9999998,0,9.4399155e-08
8606,7,7,0.9988348,3,0.0007627612
8607,3,3,0.999441,5,0.0002947932
8608,7,7,0.99880403,3,0.0006097993
8609,8,8,0.99999994,9,1.1153037e-08
8610,4,4,0.9997139,2,0.00027200396
8611,0,0,0.99999887,6,9.667827e-07
8612,2,2,0.99999994,8,5.6186664e-09
8613,4,4,0.99999934,7,3.597804e-07
8614,0,0,0.9999997,2,1.8390183e-07
8615,2,2,0.9999829,8,1.5189795e-05
8616,4,4,0.99997514,7,1.4011014e-05
8617,7,7,0.9995211,2,0.00040936997
8618,8,8,0.99999994,9,3.5125775e-10
8619,0,0,0.9999997,2,1.6628731e-07
8620,7,7,0.999284,2,0.0006689747
8621,0,0,0.9999979,6,2.0228365e-06
8622,6,6,0.99999994,1,1.5734424e-08
8623,9,9,0.9999737,8,1.988756e-05
8624,3,3,0.9998992,5,0.00010069709
8625,2,2,0.99999994,8,7.7564e-09
8626,4,4,0.999999,2,9.4370137e-07
8627,8,8,0.99999994,9,9.560919e-09
8628,6,6,0.9999953,0,4.1033363e-06
8629,0,0,0.99999934,2,5.4060246e-07
8630,5,5,0.99999994,9,7.791928e-09
8631,7,7,0.99819213,2,0.0014285732
8632,5,5,0.9999998,3,1.4864094e-07
8633,1,1,0.9999724,8,9.970864e-06
8634,0,0,0.99999934,6,4.8079653e-07
8635,8,8,0.99999994,9,3.5563055e-08
8636,1,1,0.9999594,8,2.5560548e-05
8637,6,6,0.9998176,4,0.00018229445
8638,7,7,0.99993306,2,5.810993e-05
8639,2,2,0.9999998,3,1.0472537e-07
8640,9,9,0.9999793,4,1.5859208e-05
8641,7,7,0.9998138,3,0.00012924109
8642,9,9,0.9999979,8,2.0471496e-06
8643,5,5,0.9999997,3,2.5246527e-07
8644,6,6,0.9999997,0,1.8911156e-07
8645,5,5,0.9999996,3,2.1682096e-07
8646,2,2,0.99999994,0,1.4302493e-08
8647,6,6,0.9999998,8,5.6162687e-08
8648,2,2,0.99999875,8,1.1016016e-06
8649,8,8,0.99999994,9,1.106961e-10
8650,1,1,0.9998817,8,7.954337e-05
8651,7,7,0.99995846,2,3.459018e-05
8652,5,5,0.99999934,3,5.7715835e-07
8653,5,5,0.9996501,3,0.00034956192
8654,7,7,0.9979883,2,0.0012510493
8655,3,3,0.9999966,5,3.2559872e-06
8656,5,5,0.9999911,3,8.794488e-06
8657,0,0,0.999999,6,4.135291e-07
8658,1,1,0.9999768,8,1.9825944e-05
8659,1,1,0.9999878,8,5.6670233e-06
8660,3,3,0.99999994,5,8.480495e-09
8661,8,8,0.9999996,9,3.565074e-07
8662,4,4,0.9999582,2,4.1689702e-05
8663,9,9,0.99999315,8,6.652765e-06
8664,4,4,0.99905235,2,0.000946904
8665,5,5,0.99998313,3,1.6784481e-05
8666,1,1,0.99985886,8,9.9490695e-05
8667,8,8,0.99999994,6,1.01833715e-08
8668,6,6,0.99999994,4,1.6639607e-08
8669,8,8,0.99999994,9,4.830573e-10
8670,9,9,0.99999934,8,5.4672614e-07
8671,0,0,0.99999815,2,1.6192037e-06
8672,1,1,0.99999446,2,5.0311633e-06
8673,2,2,0.9999996,3,1.537554e-07
8674,3,3,0.99999934,5,3.7453648e-07
8675,4,4,0.99999994,8,4.6687763e-08
8676,5,5,0.99999994,3,3.1581607e-08
8677,6,6,0.99999994,4,4.065976e-09
8678,7,7,0.99993914,2,5.1999836e-05
8679,8,8,0.9999992,5,5.785724e-07
8680,9,9,0.9999921,4,5.764784e-06
8681,0,0,0.99970174,2,0.00028045347
8682,1,1,0.99998695,8,5.9261415e-06
8683,2,2,0.99999994,8,1.0299165e-08
8684,3,3,0.9999991,8,6.60705e-07
8685,4,4,0.9999998,8,1.5471224e-07
8686,5,5,0.9999984,3,1.2160366e-06
8687,6,6,0.9999997,4,1.2195238e-07
8688,7,7,0.9994434,2,0.00045843003
8689,8,8,0.99999994,5,4.321146e-10
8690,9,9,0.9999979,8,1.285597e-06
8691,0,0,0.99852496,8,0.0011132091
8692,1,1,0.99999636,8,2.1992985e-06
8693,2,2,0.99999994,4,1.1445803e-08
8694,3,3,0.9999998,5,1.0064293e-07
8695,4,4,0.9999991,8,8.318897e-07
8696,5,5,0.99999875,8,7.361485e-07
8697,6,6,0.99999994,4,1.0090796e-08
8698,7,7,0.99999195,9,3.1427257e-06
8699,8,8,0.99999994,5,2.3482745e-09
8700,9,9,0.99999267,4,6.214898e-06
8701,3,3,0.9999998,5,7.808281e-08
8702,5,5,0.9999998,8,1.3155262e-07
8703,3,3,0.99998933,8,1.0142765e-05
8704,2,2,0.9999992,7,7.137687e-07
8705,9,9,0.99999493,4,4.173378e-06
8706,3,3,0.9999998,8,1.1192849e-07
8707,2,2,0.99999994,7,2.1548854e-09
8708,1,1,0.99999386,2,4.092009e-06
8709,4,4,0.99999934,8,5.354494e-07
8710,5,5,0.9999997,6,1.0392386e-07
8711,5,5,0.9999998,3,1.04654085e-07
8712,2,2,0.9999992,3,5.8133674e-07
8713,3,3,0.9999992,5,6.592549e-07
8714,2,2,0.9999996,8,2.2131783e-07
8715,1,1,0.99998873,2,4.0554078e-06
8716,3,3,0.9999998,5,1.2163044e-07
8717,9,9,0.999976,4,2.317225e-05
8718,7,7,0.99950725,3,0.00038667716
8719,2,2,0.9999992,1,6.8890034e-07
8720,1,1,0.9999998,8,1.17790265e-07
8721,2,2,0.99999946,7,3.8601453e-07
8722,8,8,0.9999978,5,1.8813937e-06
8723,9,9,0.9996598,8,0.00033993777
8724,1,1,0.99999803,2,1.0408443e-06
8725,8,8,0.99999994,3,8.166213e-09
8726,8,8,0.99999994,9,5.9493782e-08
8727,7,7,0.99994177,3,4.0661704e-05
8728,8,8,0.9999998,9,9.151487e-08
8729,1,1,0.9999834,2,1.3776356e-05
8730,0,0,0.9999917,4,3.8326284e-06
8731,0,0,0.99999887,2,6.352694e-07
8732,6,6,0.9999998,4,9.549496e-08
8733,7,7,0.9998529,2,0.0001360403
8734,7,7,0.99995345,2,2.670949e-05
8735,8,8,0.9999891,9,1.0324372e-05
8736,7,7,0.99985814,9,0.00012757718
8737,5,5,0.99999994,6,3.5959484e-08
8738,0,0,0.999635,4,0.0002558604
8739,6,6,0.9999998,5,1.00323824e-07
8740,1,1,0.9999972,8,1.6267538e-06
8741,5,5,0.9999998,3,9.63376e-08
8742,7,7,0.9965615,2,0.0034183487
8743,4,4,0.9999998,8,1.619624e-07
8744,6,6,0.999999,5,4.9414666e-07
8745,1,1,0.9999986,2,8.6919573e-07
8746,2,2,0.99999994,3,7.793147e-09
8747,5,5,0.99999994,9,1.8591018e-09
8748,0,0,0.9999992,2,6.304948e-07
8749,7,7,0.99992925,3,5.3769454e-05
8750,9,9,0.99999136,4,6.573102e-06
8751,9,9,0.99999887,8,4.3119266e-07
8752,0,0,0.9999986,2,6.238619e-07
8753,3,3,0.9999992,8,4.6149282e-07
8754,4,4,0.99999994,8,1.3556575e-08
8755,4,4,0.9999992,2,4.9002875e-07
8756,8,8,0.9999954,9,4.005982e-06
8757,4,4,0.99999875,8,1.2021804e-06
8758,1,1,0.99999386,2,3.7991963e-06
8759,8,8,0.99999744,9,2.3018183e-06
8760,6,6,0.99999994,8,1.6238564e-08
8761,5,5,0.9999997,8,7.677861e-08
8762,9,9,0.9999934,8,5.910765e-06
8763,0,0,0.99999565,2,2.436562e-06
8764,0,0,0.99999124,2,8.3849445e-06
8765,0,0,0.9998524,2,0.00012862009
8766,3,3,0.99999994,5,2.2241636e-08
8767,7,7,0.9999736,2,1.8486311e-05
8768,1,1,0.99999386,2,5.2719565e-06
8769,6,6,0.9999992,0,4.262977e-07
8770,4,4,0.9999929,8,6.78161e-06
8771,6,6,0.99999994,4,7.1452444e-09
8772,0,0,0.99999636,2,1.4163493e-06
8773,4,4,0.9999911,8,8.16047e-06
8774,5,5,0.99999994,3,3.232524e-08
8775,4,4,0.9999873,8,1.2580186e-05
8776,1,1,0.9999389,2,4.3307617e-05
8777,3,3,0.99999994,5,2.1668553e-08
8778,8,8,0.9999996,9,2.3468004e-07
8779,6,6,0.99999994,5,1.299183e-08
8780,3,3,0.99999994,5,7.21104e-10
8781,9,9,0.9939987,8,0.0059911585
8782,9,9,0.99997896,8,2.0912496e-05
8783,5,5,0.9999992,8,5.902758e-07
8784,9,9,0.99999696,4,2.1520564e-06
8785,3,3,0.9999971,5,2.7209553e-06
8786,7,7,0.99965453,3,0.00019118546
8787,8,8,0.9999997,9,2.4379258e-07
8788,5,5,0.9999847,3,1.5256168e-05
8789,6,6,0.99999994,4,3.4270002e-08
8790,4,4,0.9999998,8,7.759525e-08
8791,7,7,0.99962515,3,0.0003072717
8792,6,6,0.999999,4,9.974539e-07
8793,2,2,0.99999994,3,1.3795771e-08
8794,2,2,0.99999994,7,2.9094116e-08
8795,0,0,0.999971,2,1.5947935e-05
8796,9,9,0.99999946,4,3.4175358e-07
8797,4,4,0.9999916,8,8.167108e-06
8798,0,0,0.9999936,9,3.3976096e-06
8799,1,1,0.9999984,8,8.294175e-07
8800,2,2,0.99999994,8,2.1804891e-10
8801,3,3,0.99999994,5,5.0235236e-08
8802,4,4,0.99999994,2,4.0775144e-10
8803,5,5,0.99999994,8,6.0887184e-09
8804,6,6,0.99999803,4,1.8532153e-06
8805,7,7,0.9999785,3,1.4953521e-05
8806,8,8,0.9999986,4,7.497725e-07
8807,9,9,0.99998647,5,8.49153e-06
8808,0,0,0.999999,2,6.6188045e-07
8809,1,1,0.99999636,4,1.2172675e-06
8810,2,2,0.9999996,7,2.3045324e-07
8811,3,3,0.9999998,5,8.5095515e-08
8812,4,4,0.9999978,8,1.793368e-06
8813,5,5,0.99999994,8,1.4734088e-08
8814,6,6,0.9999996,4,3.042543e-07
8815,7,7,0.9998481,3,0.00012630383
8816,8,8,0.99998945,2,9.954787e-06
8817,9,9,0.9999984,5,1.0037905e-06
8818,0,0,0.9999171,2,8.19924e-05
8819,1,1,0.9999842,7,1.2180104e-05
8820,2,2,0.9999996,8,2.203955e-07
8821,3,3,0.9999996,5,4.0962234e-07
8822,4,4,0.9999942,8,5.621586e-06
8823,5,5,0.9999998,8,4.3881098e-08
8824,6,6,0.999999,4,4.4026118e-07
8825,7,7,0.99977875,3,0.00021173693
8826,8,8,0.9999986,2,1.2797105e-06
8827,9,9,0.99999875,5,6.495905e-07
8828,6,6,0.99999994,5,4.5290015e-08
8829,4,4,0.9999997,9,2.1489232e-07
8830,2,2,0.99999994,8,3.053501e-08
8831,6,6,0.99999994,4,4.0674674e-08
8832,4,4,0.9999997,8,7.43748e-08
8833,7,7,0.9999966,9,1.7084631e-06
8834,5,5,0.99999994,8,1.8794573e-08
8835,5,5,0.99999994,6,2.0715653e-10
8836,4,4,0.9999953,7,4.4713147e-06
8837,7,7,0.99990195,2,9.053024e-05
8838,2,2,0.99999994,8,3.140361e-09
8839,9,9,0.99997765,8,1.0811267e-05
8840,3,3,0.99999994,8,9.3749035e-09
8841,9,9,0.99999946,4,4.862312e-07
8842,3,3,0.99999136,5,8.547446e-06
8843,8,8,0.99999934,2,4.7972844e-07
8844,2,2,0.99999994,8,3.0215208e-08
8845,0,0,0.9999997,2,1.4421053e-07
8846,9,9,0.9999905,8,6.186376e-06
8847,5,5,0.9999936,6,3.304868e-06
8848,6,6,0.9999997,4,1.9744657e-07
8849,0,0,0.9999984,9,6.979921e-07
8850,1,1,0.9999986,8,7.027506e-07
8851,0,0,0.9999879,2,1.1041754e-05
8852,6,6,0.99999994,4,9.787799e-09
8853,5,5,0.9999985,8,1.3899778e-06
8854,3,3,0.99999994,5,4.3693106e-08
8855,5,5,0.99999994,9,5.62598e-09
8856,3,3,0.9999978,5,2.1899502e-06
8857,8,8,0.99999946,2,4.3588685e-07
8858,0,0,0.9999985,2,9.509709e-07
8859,0,0,0.99999803,9,1.1257763e-06
8860,3,3,0.9999997,5,2.9460867e-07
8861,4,4,0.9999996,8,2.0661852e-07
8862,1,1,0.99999064,2,6.9490193e-06
8863,5,5,0.9999998,6,8.21477e-08
8864,3,3,0.9999997,5,2.6084356e-07
8865,0,0,0.99997026,2,2.4209205e-05
8866,8,8,0.9999998,2,7.224676e-08
8867,3,3,0.99999934,5,5.872864e-07
8868,0,0,0.9999953,6,2.0223606e-06
8869,6,6,0.9999997,8,1.4438544e-07
8870,2,2,0.99999994,8,6.265096e-10
8871,7,7,0.99992687,2,5.578811e-05
8872,8,8,0.9999997,2,2.1138911e-07
8873,1,1,0.9999723,2,2.4726369e-05
8874,7,7,0.9998929,2,5.8099948e-05
8875,1,1,0.9999884,2,1.0965533e-05
8876,3,3,0.9999977,5,2.2290915e-06
8877,8,8,0.99999994,2,2.0818382e-08
8878,5,5,0.9999998,3,1.2197451e-07
8879,4,4,0.99999994,8,7.472044e-09
8880,2,2,0.99999994,8,2.5096092e-09
8881,0,0,0.99999887,2,9.783114e-07
8882,9,9,0.9983265,8,0.0009281234
8883,7,7,0.9999798,3,8.845023e-06
8884,6,6,0.99999994,4,7.868274e-09
8885,7,7,0.99707,3,0.0025455768
8886,4,4,0.99999994,8,3.6223618e-08
8887,1,1,0.9999555,7,2.7353479e-05
8888,6,6,0.9999997,4,2.5834217e-07
8889,2,2,0.99999684,8,3.1563836e-06
8890,6,6,0.99999255,4,7.247804e-06
8891,7,7,0.9999688,3,2.7551143e-05
8892,1,1,0.99992675,2,6.788877e-05
8893,9,9,0.9999992,8,4.4088563e-07
8894,8,8,0.99999994,2,2.0879334e-09
8895,0,0,0.9999997,2,2.552888e-07
8896,6,6,0.99999744,4,2.4939127e-06
8897,9,9,0.99964106,8,0.00035718142
8898,4,4,0.99999684,8,3.0234055e-06
8899,9,9,0.999999,4,5.635518e-07
8900,9,9,0.9999979,4,1.9442487e-06
8901,6,6,0.9999961,8,2.7579274e-06
8902,2,2,0.9999972,8,2.5583522e-06
8903,3,3,0.999999,5,9.053133e-07
8904,7,7,0.99994797,2,4.7845337e-05
8905,1,1,0.99999243,7,3.149481e-06
8906,9,9,0.99962646,8,0.00035283828
8907,2,2,0.99999994,7,6.8187678e-09
8908,2,2,0.9999998,8,6.237606e-08
8909,5,5,0.99999994,9,2.0959185e-08
8910,3,3,0.99999946,5,4.564571e-07
8911,7,7,0.9999276,3,6.1767285e-05
8912,8,8,0.9999276,2,7.210124e-05
8913,0,0,0.9999065,6,9.23612e-05
8914,1,1,0.99999946,2,2.652632e-07
8915,2,2,0.99999994,8,1.9503345e-08
8916,3,3,0.99999994,5,8.230905e-09
8917,4,4,0.99999934,8,5.413934e-07
8918,7,7,0.9999971,3,1.5807582e-06
8919,8,8,0.99999994,9,1.9611231e-11
8920,9,9,0.99999934,8,3.1988517e-07
8921,0,0,0.9999868,2,1.2850637e-05
8922,1,1,0.9999992,4,3.5064255e-07
8923,2,2,0.9999986,3,7.186081e-07
8924,3,3,0.9999998,5,7.053791e-08
8925,4,4,0.99999994,2,2.740152e-10
8926,7,7,0.99978733,3,0.00018477888
8927,8,8,0.99999994,2,2.2215858e-08
8928,9,9,0.9999992,8,4.854166e-07
8929,0,0,0.99999875,8,5.919261e-07
8930,1,1,0.9999992,4,3.9334006e-07
8931,7,7,0.999993,0,1.8995668e-06
8932,8,8,0.99999934,2,5.5668266e-07
8933,9,9,0.99999946,8,4.9623236e-07
8934,8,8,0.99999994,9,3.011027e-08
8935,9,9,0.9999978,3,1.595925e-06
8936,2,2,0.99999994,4,2.2685753e-09
8937,6,6,0.99999994,5,2.845302e-08
8938,1,1,0.9999986,7,7.066155e-07
8939,3,3,0.99999994,5,3.0080937e-08
8940,5,5,0.9999992,3,7.26346e-07
8941,4,4,0.9999977,2,2.1211274e-06
8942,8,8,0.99994487,9,5.472895e-05
8943,2,2,0.9999991,7,6.28877e-07
8944,6,6,0.9999848,5,1.4438647e-05
8945,4,4,0.99999946,8,4.3073342e-07
8946,3,3,0.9999996,5,3.5570017e-07
8947,4,4,0.9999971,8,2.9008484e-06
8948,5,5,0.99999946,8,2.5567175e-07
8949,9,9,0.99999946,8,2.269074e-07
8950,2,2,0.9999997,1,2.678539e-07
8951,0,0,0.9999977,6,1.0777549e-06
8952,3,3,0.99694926,5,0.0029230723
8953,9,9,0.9999929,8,6.767454e-06
8954,4,4,0.9999959,8,2.6543773e-06
8955,9,9,0.99999887,5,5.6326854e-07
8956,7,7,0.9998986,2,8.127396e-05
8957,3,3,0.9999998,5,6.689193e-08
8958,8,8,0.99999994,9,2.8290838e-08
8959,7,7,0.9999972,3,1.995672e-06
8960,4,4,0.99999994,8,1.05176134e-08
8961,4,4,0.9999892,8,9.113418e-06
8962,9,9,0.99993473,8,6.106674e-05
8963,8,8,0.9998942,9,0.000102442136
8964,5,5,0.99999624,9,3.5864996e-06
8965,8,8,0.99999994,2,2.4847004e-08
8966,2,2,0.9999997,1,1.765535e-07
8967,6,6,0.9999961,5,3.5226622e-06
8968,6,6,0.99999994,5,1.0064616e-08
8969,2,2,0.99999994,4,2.0678526e-08
8970,3,3,0.99999994,5,6.1180776e-09
8971,1,1,0.99999875,4,6.45154e-07
8972,3,3,0.99999994,5,1.6248625e-09
8973,2,2,0.99999994,1,1.1564565e-08
8974,7,7,0.99998826,3,6.8692893e-06
8975,3,3,0.999937,5,3.8422393e-05
8976,1,1,0.99999875,4,9.982064e-07
8977,9,9,0.9999998,4,6.676e-08
8978,0,0,0.99998945,2,8.879584e-06
8979,1,1,0.9999953,4,3.1426403e-06
8980,1,1,0.9999384,7,3.857382e-05
8981,3,3,0.9999853,5,1.4480893e-05
8982,5,5,0.9999985,8,5.461045e-07
8983,0,0,0.9999184,2,7.738303e-05
8984,7,7,0.99996716,2,1.2723234e-05
8985,8,8,0.99999994,2,1.1647817e-09
8986,1,1,0.9999967,7,1.9940824e-06
8987,5,5,0.99999994,3,3.3899763e-08
8988,1,1,0.9999991,4,5.207779e-07
8989,4,4,0.99999994,8,3.9789857e-08
8990,6,6,0.9999998,5,1.254494e-07
8991,0,0,0.99997956,2,2.0059339e-05
8992,0,0,0.9999698,2,3.002774e-05
8993,4,4,0.9999997,8,5.7963383e-08
8994,9,9,0.99999934,4,2.9853763e-07
8995,1,1,0.99999803,4,1.1751781e-06
8996,6,6,0.99999815,4,1.487118e-06
8997,6,6,0.99999577,4,2.200579e-06
8998,9,9,0.99991876,4,5.0268423e-05
8999,0,0,0.9999973,2,2.4568312e-06
9000,7,7,0.9996544,3,0.00033251304
9001,6,6,0.99999267,4,7.293429e-06
9002,1,1,0.9999986,2,5.796965e-07
9003,1,1,0.9999983,2,6.6881336e-07
9004,0,0,0.99998385,8,1.2015923e-05
9005,1,1,0.99984694,7,7.338856e-05
9006,2,2,0.999994,8,2.5916675e-06
9007,3,3,0.99999994,5,1.8295784e-08
9008,4,4,0.99999934,6,3.687657e-07
9009,7,2,0.9865446,7,0.013437058
9010,2,2,0.9994167,8,0.000555572
9011,3,3,0.9999998,5,1.1964782e-07
9012,4,4,0.99944675,8,0.00050287193
9013,5,5,0.99998885,6,7.717022e-06
9014,6,6,0.9991855,5,0.00045815157
9015,7,2,0.8415432,7,0.15521015
9016,0,0,0.99393463,8,0.005574253
9017,1,1,0.999676,2,0.0001275289
9018,2,2,0.9999555,3,1.9213887e-05
9019,7,7,0.7037577,2,0.2961768
9020,8,8,0.99999994,9,1.8322082e-08
9021,6,6,0.9999718,4,2.7809527e-05
9022,3,3,0.9998916,5,0.00010148165
9023,9,9,0.999909,4,5.6351935e-05
9024,7,7,0.6873757,2,0.31255928
9025,1,1,0.99995154,8,3.5817306e-05
9026,9,9,0.9999539,4,3.6805195e-05
9027,3,3,0.9999997,5,2.4392003e-07
9028,9,9,0.9999775,4,9.139151e-06
9029,6,6,0.9999743,5,2.2249757e-05
9030,1,1,0.99999744,2,1.3925876e-06
9031,7,7,0.99991685,2,8.260126e-05
9032,2,2,0.99998945,8,9.474695e-06
9033,4,4,0.99997014,8,2.8815482e-05
9034,4,4,0.9999942,8,5.728827e-06
9035,5,5,0.99998325,8,1.5649948e-05
9036,7,7,0.9787511,2,0.021125162
9037,0,0,0.9999445,2,4.1875053e-05
9038,0,0,0.9999394,6,3.8172664e-05
9039,1,1,0.9999837,7,1.0957495e-05
9040,6,6,0.9997959,5,0.00020322266
9041,6,6,0.999846,5,0.0001376025
9042,8,8,0.99999994,2,1.1144828e-08
9043,2,2,0.9998953,8,8.8323795e-05
9044,7,7,0.9990885,2,0.0009110934
9045,7,7,0.9992209,2,0.0007686922
9046,2,2,0.99992687,8,4.782726e-05
9047,4,4,0.99998444,8,1.5395248e-05
9048,2,2,0.99999994,1,1.325755e-08
9049,1,1,0.99999183,2,3.5058194e-06
9050,6,6,0.99997205,5,2.7520085e-05
9051,1,1,0.99353015,2,0.005060928
9052,0,0,0.99990326,6,6.4231645e-05
9053,6,6,0.9999992,4,4.139893e-07
9054,9,9,0.9964768,7,0.0033318892
9055,8,8,0.99999994,2,9.725365e-09
9056,3,3,0.9999998,5,6.6522695e-08
9057,9,9,0.99989897,3,6.408336e-05
9058,6,6,0.99998707,4,1.2317911e-05
9059,3,3,0.999999,5,8.994313e-07
9060,0,0,0.9999992,2,4.0358285e-07
9061,1,1,0.98784375,8,0.010632573
9062,2,2,0.99972796,8,0.00021935455
9063,3,3,0.99999875,8,1.1612749e-06
9064,4,4,0.9999998,8,1.5405016e-07
9065,5,5,0.99999994,3,1.5187341e-11
9066,6,6,0.99999994,5,5.0626532e-08
9067,7,7,0.99997157,9,2.2352655e-05
9068,8,8,0.9999961,9,3.6403599e-06
9069,9,9,0.99949425,4,0.00048700493
9070,0,0,0.9999952,6,3.8390544e-06
9071,1,1,0.8663426,2,0.067914054
9072,2,2,0.99996835,8,1.9542453e-05
9073,3,3,0.99999386,8,5.090368e-06
9074,4,4,0.9999998,8,7.069037e-08
9075,5,5,0.99999994,8,5.683019e-10
9076,6,6,0.9999998,5,1.06427116e-07
9077,7,7,0.99999565,2,3.617327e-06
9078,8,8,0.99999994,3,2.8925632e-08
9079,9,9,0.9994117,8,0.00030964948
9080,0,0,0.9999973,2,2.0366e-06
9081,1,1,0.9997606,8,0.00013892046
9082,2,2,0.99997073,8,2.5229265e-05
9083,3,3,0.99999994,5,1.2943839e-09
9084,4,4,0.99985766,7,9.6901385e-05
9085,5,5,0.9999959,9,2.7000222e-06
9086,6,6,0.9999998,5,9.505447e-08
9087,7,7,0.99999505,3,1.9463396e-06
9088,8,8,0.9999998,5,7.301046e-08
9089,9,9,0.9999854,5,8.833078e-06
9090,1,1,0.9999389,8,2.8739578e-05
9091,6,6,0.99999994,5,1.3944767e-08
9092,8,8,0.9999998,9,9.369008e-08
9093,9,9,0.9997654,4,0.00021737855
9094,9,9,0.999983,4,1.35671025e-05
9095,0,0,0.9999998,6,8.4319836e-08
9096,1,1,0.9996966,2,0.00029191282
9097,2,2,0.99999994,1,2.4083368e-08
9098,4,4,0.99998957,7,1.0426003e-05
9099,4,4,0.9999986,7,9.572567e-07
9100,3,3,0.99999994,8,1.4766527e-08
9101,7,7,0.9999755,2,1.5903994e-05
9102,4,4,0.9999972,8,1.7100925e-06
9103,4,4,0.9988781,6,0.0009277781
9104,4,4,0.99999875,7,1.0488784e-06
9105,0,0,0.9999705,6,1.7030561e-05
9106,3,3,0.99999994,8,4.857774e-10
9107,8,8,0.99999994,3,4.6541664e-09
9108,7,7,0.9999997,4,8.7574946e-08
9109,5,5,0.99999994,8,6.9718975e-10
9110,8,8,0.9999533,9,4.6154433e-05
9111,2,2,0.9999668,8,3.2961503e-05
9112,1,1,0.9963639,2,0.0025333022
9113,7,7,0.9999991,9,5.10285e-07
9114,5,5,0.99999934,6,5.105032e-07
9115,3,3,0.9999973,5,2.464634e-06
9116,8,8,0.9999997,9,1.7220101e-07
9117,5,5,0.9999991,3,6.8114184e-07
9118,2,2,0.9999955,8,3.0420447e-06
9119,5,5,0.9999985,8,1.1586707e-06
9120,1,1,0.9999954,8,1.87748e-06
9121,1,1,0.99999756,8,1.2760702e-06
9122,6,6,0.9999996,5,4.1529478e-07
9123,2,2,0.99978065,8,0.00018530317
9124,1,1,0.9999978,8,9.0270686e-07
9125,3,3,0.99999994,8,3.8725285e-09
9126,8,8,0.99999994,9,3.5414796e-09
9127,6,6,0.9999997,5,2.8394885e-07
9128,4,4,0.99845654,6,0.0012501075
9129,2,2,0.9999519,8,4.3229607e-05
9130,6,6,0.99999887,0,9.806251e-07
9131,2,2,0.9999978,1,1.3307558e-06
9132,5,5,0.99999994,8,1.4465043e-08
9133,5,5,0.99999696,8,3.017898e-06
9134,0,0,0.999975,2,2.1750468e-05
9135,2,2,0.9999997,1,2.1454954e-07
9136,8,8,0.99999815,9,1.5980975e-06
9137,0,0,0.9999973,2,1.203957e-06
9138,6,6,0.99999994,5,4.747322e-08
9139,8,8,0.9999978,5,1.3402775e-06
9140,1,1,0.9999432,2,2.4060371e-05
9141,7,7,0.99996656,4,3.3048276e-05
9142,9,9,0.99998087,8,1.6771484e-05
9143,1,1,0.9999855,8,7.798325e-06
9144,9,9,0.9999848,8,7.6292968e-06
9145,2,2,0.9999985,8,6.8687797e-07
9146,6,6,0.99999946,5,3.9176598e-07
9147,7,7,0.9999996,9,1.79808e-07
9148,6,6,0.99999803,5,1.7501152e-06
9149,6,6,0.9999948,5,5.045127e-06
9150,8,8,0.999988,6,9.421682e-06
9151,7,7,0.9999992,9,7.3915334e-07
9152,4,4,0.9999967,8,2.88699e-06
9153,9,9,0.9999854,5,1.0088586e-05
9154,2,2,0.999993,3,4.691096e-06
9155,1,1,0.99946725,8,0.00024926357
9156,3,3,0.999996,5,3.917981e-06
9157,3,3,0.99999994,8,4.0976236e-09
9158,0,0,0.99950415,9,0.00030907211
9159,5,5,0.99999994,6,2.6632028e-09
9160,5,5,0.99999994,9,1.4973054e-08
9161,8,8,0.99999934,6,3.3317463e-07
9162,0,0,0.9999718,6,2.4508212e-05
9163,3,3,0.9998831,8,0.000113038244
9164,7,7,0.9999977,9,1.579287e-06
9165,9,9,0.9999947,5,4.341579e-06
9166,7,7,0.9999997,4,1.4594858e-07
9167,0,0,0.9999997,2,1.8984846e-07
9168,2,2,0.99997264,8,2.3275581e-05
9169,7,7,0.99995774,9,3.7376987e-05
9170,9,9,0.9996286,5,0.00031909652
9171,1,1,0.9997449,2,0.00011761541
9172,7,7,0.9999997,4,2.3711196e-07
9173,8,8,0.99999994,9,1.5090057e-08
9174,0,0,0.9999985,6,1.2981694e-06
9175,3,3,0.9999996,8,3.6902298e-07
9176,5,5,0.99999994,8,2.532151e-08
9177,3,3,0.99999994,8,2.6697127e-09
9178,6,6,0.99999994,5,6.9829604e-09
9179,0,0,0.99999756,2,1.6638934e-06
9180,1,1,0.9999954,2,1.9299343e-06
9181,2,2,0.9999998,7,4.859382e-08
9182,3,3,0.9999991,5,7.7964785e-07
9183,4,4,0.99999946,7,2.2438303e-07
9184,5,5,0.99999994,8,3.3807815e-08
9185,6,6,0.9999564,5,1.8262315e-05
9186,7,7,0.9999966,4,1.4234179e-06
9187,8,8,0.99999803,9,1.5057284e-06
9188,9,9,0.999957,8,3.7832804e-05
9189,0,0,0.999996,2,3.6101565e-06
9190,1,1,0.9999971,4,1.2460399e-06
9191,2,2,0.99998945,7,4.795794e-06
9192,3,3,0.9999985,5,1.4710286e-06
9193,4,4,0.9999971,2,2.867807e-06
9194,5,5,0.9999992,6,4.3130674e-07
9195,6,6,0.9999326,5,5.2120686e-05
9196,7,7,0.9999849,2,1.1164146e-05
9197,8,8,0.9999997,9,1.0450109e-07
9198,9,9,0.99995273,8,4.6267975e-05
9199,0,0,0.9999656,8,2.8823817e-05
9200,1,1,0.9999761,2,2.03234e-05
9201,2,2,0.99999565,8,3.7516768e-06
9202,3,3,0.999996,5,2.8302793e-06
9203,4,4,0.9999867,2,1.287684e-05
9204,7,7,0.99998266,3,8.715297e-06
9205,8,8,0.999996,2,3.248935e-06
9206,9,9,0.9999915,8,8.246594e-06
9207,6,6,0.9999885,8,7.699854e-06
9208,4,4,0.9980273,7,0.0016299651
9209,2,2,0.9999847,8,9.31893e-06
9210,6,6,0.9997928,8,0.000119134034
9211,4,4,0.9997647,9,0.00018500727
9212,7,7,0.99999565,9,3.1380414e-06
9213,8,8,0.99999994,2,1.4579662e-08
9214,9,9,0.99997336,4,1.813672e-05
9215,2,2,0.9999922,7,5.5451183e-06
9216,9,9,0.9996865,8,0.00016340837
9217,3,3,0.99999946,2,2.554478e-07
9218,9,9,0.9999818,8,1.0832201e-05
9219,3,3,0.9999992,5,7.08437e-07
9220,0,0,0.99999946,2,2.4826872e-07
9221,0,0,0.9998935,2,0.00010365337
9222,1,1,0.9999575,7,3.2087024e-05
9223,0,0,0.9999711,8,1.3293713e-05
9224,4,4,0.9999998,8,6.660636e-08
9225,2,2,0.99991673,3,4.056498e-05
9226,6,6,0.9999977,4,1.0331784e-06
9227,3,3,0.99988693,8,9.686948e-05
9228,5,5,0.99999994,3,4.9781594e-08
9229,3,3,0.9999998,5,1.0382342e-07
9230,0,0,0.99998397,9,1.0672711e-05
9231,3,3,0.9999952,5,4.7915923e-06
9232,4,4,0.9999998,8,1.6330712e-07
9233,1,1,0.99996597,2,2.1311242e-05
9234,5,5,0.99999994,9,2.5687175e-08
9235,3,3,0.9999998,5,6.92273e-08
9236,0,0,0.9999909,2,8.491438e-06
9237,8,8,0.9999977,2,2.1189358e-06
9238,3,3,0.9999992,5,5.354871e-07
9239,0,0,0.9999984,2,1.5495323e-06
9240,6,6,0.9999942,8,5.379154e-06
9241,1,1,0.9999799,4,1.1088731e-05
9242,7,7,0.9999897,3,8.054656e-06
9243,8,8,0.9999942,9,4.687318e-06
9244,0,0,0.9999983,8,1.064468e-06
9245,9,9,0.9999363,4,4.8840382e-05
9246,2,2,0.9999985,7,1.3219064e-06
9247,6,6,0.999999,5,6.160702e-07
9248,7,7,0.99998766,9,9.354334e-06
9249,1,1,0.99999744,7,1.5658148e-06
9250,9,9,0.99999267,8,6.269439e-06
9251,6,6,0.9999915,8,7.153554e-06
9252,9,9,0.9995293,4,0.00021616202
9253,4,4,0.99776655,8,0.0017781336
9254,9,9,0.9998586,8,0.00014116276
9255,9,9,0.9999463,8,4.8577855e-05
9256,6,6,0.9999494,8,3.2989738e-05
9257,7,7,0.99971664,2,0.0002703256
9258,1,1,0.9999866,4,8.528148e-06
9259,2,2,0.9999892,8,9.981098e-06
9260,5,5,0.9999998,3,6.5304995e-08
9261,3,3,0.9999996,5,3.5242454e-07
9262,7,7,0.99997705,2,1.4131735e-05
9263,8,8,0.99999946,2,3.3697057e-07
9264,0,0,0.9999992,2,6.7025e-07
9265,1,1,0.99984384,8,0.00010810971
9266,2,2,0.9999996,8,4.074565e-07
9267,4,4,0.9999997,9,2.2078386e-07
9268,5,5,0.9999947,8,3.7249847e-06
9269,6,6,0.99999994,5,1.6497651e-08
9270,7,7,0.99992937,3,3.7215654e-05
9271,8,8,0.99999994,3,5.6902833e-11
9272,9,9,0.9999986,4,9.405913e-07
9273,0,0,0.9999241,2,7.406255e-05
9274,1,1,0.9999946,4,1.827457e-06
9275,3,3,0.9999984,5,1.1265371e-06
9276,4,4,0.99999994,9,9.783576e-10
9277,5,5,0.9999992,9,6.3961676e-07
9278,6,6,0.99999994,4,3.030195e-08
9279,7,7,0.99998647,2,6.060769e-06
9280,8,8,0.99645215,5,0.0017845334
9281,0,0,0.9999656,2,2.240733e-05
9282,1,1,0.9998379,8,0.00013579041
9283,3,3,0.9999998,8,8.8903526e-08
9284,4,4,0.99999994,5,1.4813072e-08
9285,7,7,0.9999878,3,8.150472e-06
9286,8,8,0.99999994,2,7.1412796e-09
9287,9,9,0.99999887,8,7.182287e-07
9288,7,7,0.9999601,3,2.641015e-05
9289,5,5,0.9999971,9,2.3021116e-06
9290,5,5,0.9999972,9,2.5446043e-06
9291,1,1,0.99998826,8,4.7020785e-06
9292,9,9,0.9999984,4,5.404906e-07
9293,9,9,0.997952,8,0.002031335
9294,7,7,0.9999153,3,3.8874645e-05
9295,1,1,0.9999544,8,3.5500158e-05
9296,0,0,0.9993811,6,0.00026859026
9297,0,0,0.9999556,2,4.070673e-05
9298,5,5,0.99999994,9,3.2754206e-09
9299,9,9,0.99999744,4,2.0261004e-06
9300,7,7,0.99999946,2,1.5903326e-07
9301,1,1,0.99997324,8,1.1591802e-05
9302,7,7,0.9999977,3,9.27705e-07
9303,2,2,0.99996215,8,3.7400507e-05
9304,2,2,0.9999996,8,3.204336e-07
9305,3,3,0.9999965,8,2.9098153e-06
9306,6,6,0.99999994,5,1.6103707e-09
9307,8,8,0.99999994,3,4.152304e-09
9308,3,3,0.99993867,8,4.2855456e-05
9309,2,2,0.999981,8,1.8915041e-05
9310,0,0,0.9999972,2,1.8797426e-06
9311,0,0,0.99992937,2,6.8881935e-05
9312,6,6,0.99999994,5,9.799381e-09
9313,1,1,0.99999183,8,5.478774e-06
9314,7,7,0.9995058,3,0.00045414598
9315,5,5,0.9999743,9,2.1673572e-05
9316,8,8,0.99991924,5,7.955221e-05
9317,6,6,0.9999996,5,3.1072062e-07
9318,2,2,0.99993855,8,5.8196765e-05
9319,9,9,0.9999904,4,9.096861e-06
9320,4,4,0.99999624,9,3.3611623e-06
9321,8,8,0.99999994,3,4.2393863e-10
9322,8,8,0.99999994,2,1.5496091e-09
9323,7,7,0.99999267,9,3.2394414e-06
9324,1,1,0.99982953,8,0.0001377398
9325,0,0,0.9998698,9,0.00010252076
9326,8,8,0.99999994,3,3.259891e-08
9327,7,7,0.99994165,3,2.9280292e-05
9328,7,7,0.9998648,3,9.016518e-05
9329,5,5,0.99999946,9,3.6757515e-07
9330,8,8,0.99999994,2,3.3238488e-09
9331,5,5,0.99999505,9,4.0111872e-06
9332,3,3,0.99997765,8,1.4571784e-05
9333,4,4,0.9999998,9,6.1204375e-08
9334,6,6,0.99999994,5,2.2659558e-08
9335,1,1,0.99996215,4,1.6671773e-05
9336,1,1,0.9999855,8,4.7297694e-06
9337,5,5,0.99999684,9,3.0030544e-06
9338,5,5,0.9999996,8,1.688027e-07
9339,0,0,0.99981713,2,0.00013613614
9340,7,7,0.9998431,3,9.8549914e-05
9341,2,2,0.9999916,8,8.268669e-06
9342,3,3,0.9999575,5,3.6500383e-05
9343,6,6,0.9999996,5,3.010689e-07
9344,4,4,0.9999986,9,1.1686952e-06
9345,1,1,0.9999922,8,5.6449653e-06
9346,2,2,0.9998811,0,6.253242e-05
9347,4,4,0.99999946,9,3.1243513e-07
9348,1,1,0.9999991,8,5.1050944e-07
9349,5,5,0.9999998,9,7.7820246e-08
9350,4,4,0.9999972,9,1.9448648e-06
9351,2,2,0.9999996,8,3.3070899e-07
9352,0,0,0.9999997,6,1.1107905e-07
9353,4,4,0.9999992,9,7.189135e-07
9354,8,8,0.9999997,3,1.9872756e-07
9355,6,6,0.99999994,5,7.673335e-09
9356,1,1,0.9999946,2,2.86745e-06
9357,9,9,0.99999386,8,3.2960934e-06
9358,0,0,0.9999797,2,1.827877e-05
9359,2,2,0.99999994,8,8.2354745e-09
9360,5,5,0.9999979,9,2.032827e-06
9361,6,6,0.99999994,5,1.700313e-09
9362,9,9,0.9999886,4,9.392369e-06
9363,3,3,0.9999948,8,4.9407513e-06
9364,6,6,0.99999315,4,5.68419e-06
9365,3,3,0.9999997,5,8.961395e-08
9366,6,6,0.9999984,4,1.541126e-06
9367,0,0,0.9999966,2,3.3477309e-06
9368,1,1,0.99997205,8,1.1783015e-05
9369,2,2,0.99995965,3,2.1079142e-05
9370,3,3,0.99999994,8,4.022166e-08
9371,4,4,0.99999994,9,3.0287215e-08
9372,5,5,0.9999942,3,5.7128905e-06
9373,6,6,0.99999994,4,2.7237081e-09
9374,7,7,0.99999744,9,2.2669185e-06
9375,8,8,0.9998431,6,0.0001345128
9376,9,9,0.99999624,8,2.6230136e-06
9377,0,0,0.9999947,6,4.1130147e-06
9378,1,1,0.9999867,8,5.892513e-06
9379,2,2,0.9999991,8,7.8327275e-07
9380,3,3,0.9999997,8,2.3773939e-07
9381,4,4,0.99999875,9,1.1974536e-06
9382,5,5,0.99789906,8,0.002089813
9383,6,6,0.9999998,0,1.2651412e-07
9384,7,7,0.9999915,9,6.8083114e-06
9385,8,8,0.9998862,6,0.00010588969
9386,9,9,0.99999124,4,3.7728075e-06
9387,0,0,0.9999711,6,2.8780165e-05
9388,1,1,0.9993349,2,0.000291097
9389,2,2,0.99999994,8,1.6168216e-09
9390,3,3,0.99999994,8,4.3433698e-08
9391,5,5,0.9999575,3,4.1932788e-05
9392,6,6,0.999986,4,1.3452875e-05
9393,7,7,0.9998431,9,0.00012257344
9394,8,8,0.9999992,5,7.052398e-07
9395,1,1,0.9999561,4,1.49204225e-05
9396,0,0,0.9999923,2,5.2984656e-06
9397,9,9,0.9999977,4,1.4118185e-06
9398,5,5,0.99999493,3,5.0030885e-06
9399,7,7,0.9999992,9,4.2960966e-07
9400,5,5,0.9999948,3,4.9553605e-06
9401,1,1,0.99998564,8,5.6471417e-06
9402,8,8,0.99999994,5,1.6510265e-09
9403,6,6,0.99999994,5,1.19411805e-08
9404,9,9,0.9999992,8,3.191757e-07
9405,0,0,0.99999124,6,8.473183e-06
9406,4,4,0.99999446,9,4.6488735e-06
9407,1,1,0.99995166,4,2.1444086e-05
9408,9,9,0.9999791,4,1.9643956e-05
9409,3,3,0.99999994,8,9.363717e-09
9410,8,8,0.9999996,5,2.8529053e-07
9411,4,4,0.99997205,9,1.5892265e-05
9412,4,4,0.9999909,8,8.563556e-06
9413,7,7,0.99851805,2,0.000989058
9414,0,0,0.9999997,2,1.842424e-07
9415,1,1,0.9999723,8,1.0755635e-05
9416,9,9,0.9999878,4,1.0463587e-05
9417,2,2,0.99999994,8,1.462665e-08
9418,8,8,0.99999994,2,1.6252168e-08
9419,7,7,0.9999873,3,6.1482842e-06
9420,8,8,0.99999994,3,7.295819e-10
9421,2,2,0.99984956,0,0.0001458174
9422,5,5,0.9996101,3,0.00038901216
9423,9,9,0.9957146,4,0.004273344
9424,6,6,0.99999994,5,7.016217e-09
9425,0,0,0.98518676,6,0.014804051
9426,6,6,0.99997216,4,2.7330572e-05
9427,5,5,0.9999967,6,1.8896038e-06
9428,5,5,0.99999994,3,8.9012415e-09
9429,3,3,0.99999994,8,3.0404482e-08
9430,3,3,0.9999998,5,6.509024e-08
9431,3,3,0.9999998,8,7.025822e-08
9432,9,9,0.99999195,8,7.1303048e-06
9433,8,8,0.9999923,2,5.32974e-06
9434,1,1,0.99997324,7,1.418388e-05
9435,1,1,0.9999574,8,1.6155245e-05
9436,0,0,0.9999954,9,1.6574172e-06
9437,6,6,0.999999,4,7.64751e-07
9438,1,1,0.999991,2,6.9143694e-06
9439,0,0,0.9999675,9,2.5735764e-05
9440,0,0,0.9999861,6,1.2662672e-05
9441,6,6,0.99999994,0,3.6741458e-08
9442,2,2,0.99999434,8,5.074502e-06
9443,1,1,0.9999849,4,5.865892e-06
9444,1,1,0.9999035,8,4.413222e-05
9445,3,3,0.99999994,5,1.6895155e-09
9446,2,2,0.99641085,3,0.0019276867
9447,7,7,0.99998456,5,7.391576e-06
9448,7,7,0.99928284,2,0.00067341066
9449,8,8,0.99999994,9,1.5274663e-08
9450,8,8,0.9999921,6,4.1755393e-06
9451,7,7,0.99999434,9,2.8067818e-06
9452,8,8,0.99999994,5,8.658932e-09
9453,4,4,0.9999998,9,1.5713961e-07
9454,6,6,0.9999998,4,6.5617265e-08
9455,0,0,0.9999779,9,2.045646e-05
9456,2,2,0.99986196,3,0.00011118983
9457,0,0,0.99999183,6,5.129118e-06
9458,7,7,0.99999577,9,1.8792595e-06
9459,0,0,0.99999934,6,4.2667034e-07
9460,3,3,0.99999994,8,1.3650964e-09
9461,6,6,0.99999994,5,2.4533792e-08
9462,8,8,0.99999994,2,4.2424844e-10
9463,7,7,0.99998766,9,5.620477e-06
9464,1,1,0.99996084,8,1.709084e-05
9465,5,5,0.9999998,3,6.693289e-08
9466,9,9,0.999993,8,2.4411306e-06
9467,9,9,0.9999878,4,8.584012e-06
9468,3,3,0.9999985,8,1.4359836e-06
9469,7,7,0.99768317,9,0.0015611353
9470,2,2,0.99999994,8,1.658979e-08
9471,4,4,0.9999983,9,1.7213895e-06
9472,9,9,0.9999955,4,2.64969e-06
9473,4,4,0.9999934,9,3.6444105e-06
9474,3,3,0.99999183,5,5.2756777e-06
9475,6,6,0.99999994,4,6.9900197e-10
9476,2,2,0.99999994,8,1.9880465e-08
9477,2,2,0.9999953,7,4.113452e-06
9478,5,5,0.9998362,8,0.000121767276
9479,3,3,0.9999798,8,2.018989e-05
9480,2,2,0.99999946,3,3.809774e-07
9481,5,5,0.9999984,8,1.2795919e-06
9482,5,5,0.99999887,3,6.3841964e-07
9483,9,9,0.9999569,5,3.7313344e-05
9484,4,4,0.99998873,8,6.4462756e-06
9485,1,1,0.9999984,2,4.891478e-07
9486,7,7,0.99932045,3,0.00062255305
9487,2,2,0.9999973,0,1.5210882e-06
9488,0,0,0.99994725,6,4.9434453e-05
9489,1,1,0.999963,8,1.8679299e-05
9490,2,2,0.999353,7,0.000511024
9491,3,3,0.999952,7,4.216466e-05
9492,4,4,0.994718,9,0.005095669
9493,5,5,0.99996835,8,3.1241885e-05
9494,6,6,0.9999972,5,1.3066149e-06
9495,7,7,0.998656,3,0.00083723076
9496,8,8,0.9999998,2,1.0394984e-07
9497,9,9,0.9955609,8,0.00443688
9498,0,0,0.999993,2,3.776684e-06
9499,1,1,0.9999694,7,1.5159417e-05
9500,2,2,0.9990055,3,0.00088699674
9501,3,3,0.9999985,9,7.287753e-07
9502,4,4,0.9999997,8,1.3941766e-07
9503,5,5,0.9999586,9,4.022052e-05
9504,6,6,0.99999994,5,4.4374314e-08
9505,7,7,0.9974394,3,0.002065882
9506,8,8,0.9999998,2,1.2918004e-07
9507,9,9,0.99901813,8,0.0009802321
9508,0,0,0.999481,8,0.0005043009
9509,1,1,0.9982878,2,0.0016663313
9510,2,2,0.99999756,8,2.0413784e-06
9511,3,3,0.9999592,5,3.976796e-05
9512,4,4,0.9959251,8,0.0036914654
9513,5,5,0.9999384,8,5.709416e-05
9514,6,6,0.99999994,5,3.142112e-08
9515,7,7,0.9946195,3,0.0033905024
9516,8,8,0.99999994,2,1.539149e-09
9517,9,9,0.9934981,8,0.00583094
9518,1,1,0.9999209,2,6.3169005e-05
9519,0,0,0.99999946,2,4.818992e-07
9520,1,1,0.9999859,8,5.24449e-06
9521,2,2,0.9999923,8,7.2681732e-06
9522,7,7,0.9999694,4,2.226404e-05
9523,5,5,0.99999636,9,3.5221458e-06
9524,3,3,0.9999997,5,8.517214e-08
9525,4,4,0.9999996,8,3.4105003e-07
9526,4,4,0.9999004,8,9.621479e-05
9527,0,0,0.9990653,6,0.00093370734
9528,0,0,0.9999967,2,2.9140706e-06
9529,6,6,0.9999998,5,8.596814e-08
9530,9,9,0.7513282,8,0.2486355
9531,6,6,0.99999946,0,3.783917e-07
9532,6,6,0.99999446,0,3.976491e-06
9533,5,5,0.9999916,8,8.174541e-06
9534,7,7,0.9995213,2,0.00024250327
9535,2,2,0.9999873,8,1.2253682e-05
9536,3,3,0.99979997,9,0.00019412834
9537,4,4,0.99999887,8,9.480256e-07
9538,4,4,0.9949519,9,0.002575914
9539,9,9,0.9968768,8,0.0025140366
9540,1,1,0.8740439,2,0.07294458
9541,4,4,0.99978614,8,0.0001530543
9542,0,0,0.9998811,8,0.000112729904
9543,7,7,0.9999848,3,9.384544e-06
9544,9,9,0.99934894,8,0.0005609981
9545,5,5,0.9999996,3,2.1343077e-07
9546,7,7,0.9999978,3,5.8611556e-07
9547,2,2,0.9999997,8,2.0288283e-07
9548,3,3,0.999996,8,3.829214e-06
9549,1,1,0.9998534,8,6.186728e-05
9550,4,4,0.9999979,7,1.4563138e-06
9551,4,4,0.9999965,8,3.034488e-06
9552,0,0,0.99999624,6,1.7789731e-06
9553,9,9,0.9993884,8,0.00060254935
9554,9,9,0.9992907,8,0.00049462926
9555,6,6,0.99999994,5,2.1667065e-08
9556,1,1,0.99132395,2,0.008622789
9557,8,8,0.99999994,2,2.6508285e-08
9558,3,3,0.9999985,8,7.3363435e-07
9559,3,3,0.9999998,8,8.919481e-08
9560,7,7,0.99968696,2,0.00026278655
9561,3,3,0.99999994,8,1.4936145e-08
9562,9,9,0.99739444,8,0.0022915776
9563,8,8,0.99999934,2,6.173491e-07
9564,8,8,0.99998385,2,1.6149928e-05
9565,4,4,0.9999991,8,5.7848683e-07
9566,7,7,0.9999322,9,3.4838227e-05
9567,7,7,0.9981425,3,0.0015366612
9568,6,6,0.9999998,5,1.3074241e-07
9569,2,2,0.9999332,7,4.179981e-05
9570,1,1,0.999994,8,4.0590116e-06
9571,9,9,0.9056334,8,0.09381251
9572,8,8,0.99999803,2,1.8924376e-06
9573,7,7,0.99987847,3,0.000109222325
9574,8,8,0.99999994,2,3.891066e-10
9575,8,8,0.9999997,2,2.570262e-07
9576,7,7,0.9996804,2,0.00022041397
9577,2,2,0.9999488,8,5.08463e-05
9578,2,2,0.9999997,8,2.0899988e-07
9579,3,3,0.99999887,5,1.0717406e-06
9580,9,9,0.9948312,8,0.005149562
9581,3,3,0.99999994,5,5.671154e-09
9582,3,3,0.9999997,5,1.988178e-07
9583,5,5,0.99996537,3,3.126018e-05
9584,5,5,0.9999985,9,7.2297297e-07
9585,0,0,0.9999873,2,4.429347e-06
9586,7,7,0.99893206,3,0.0007685231
9587,9,9,0.98624384,4,0.012305577
9588,5,5,0.999866,9,0.00013320151
9589,6,6,0.99999994,4,1.2088578e-08
9590,5,5,0.99999994,6,1.2314197e-08
9591,1,1,0.9983027,2,0.0016523656
9592,4,4,0.9999637,8,3.5049037e-05
9593,1,1,0.9999804,2,1.6395936e-05
9594,1,1,0.9993062,2,0.0005357301
9595,2,2,0.99997336,7,2.4344348e-05
9596,8,8,0.99997216,9,1.5739084e-05
9597,2,2,0.99999255,8,7.279239e-06
9598,6,6,0.99999994,4,3.578999e-08
9599,1,1,0.99982667,2,0.00012757888
9600,5,5,0.9999719,8,2.6798545e-05
9601,0,0,0.9992147,2,0.0007851521
9602,1,1,0.99829555,2,0.0016839128
9603,2,2,0.99999803,1,1.7406176e-06
9604,3,3,0.9999998,5,6.57295e-08
9605,4,4,0.99989754,2,9.858781e-05
9606,5,5,0.99999696,9,1.6699873e-06
9607,6,6,0.9979702,4,0.0008121181
9608,7,7,0.99770665,3,0.0017180707
9609,8,8,0.99999994,2,2.901819e-08
9610,9,9,0.9981413,5,0.0014248594
9611,0,0,0.99994165,2,5.8157886e-05
9612,1,1,0.97126603,2,0.028467111
9613,2,2,0.99931806,3,0.00054352265
9614,3,3,0.9997966,5,0.00020334127
9615,4,4,0.99957603,5,0.00038643077
9616,5,5,0.9999997,8,1.736776e-07
9617,6,6,0.9984331,0,0.0009410065
9618,7,7,0.99849975,2,0.0014924092
9619,8,8,0.99999744,9,1.5509812e-06
9620,9,9,0.9940844,5,0.004003565
9621,0,0,0.99991864,8,5.3976088e-05
9622,1,1,0.9971849,7,0.0014504921
9623,2,2,0.9999766,7,2.2153448e-05
9624,3,3,0.99999994,5,4.0214143e-08
9625,4,4,0.99887764,9,0.0010781316
9626,5,5,0.9999977,8,9.682792e-07
9627,6,6,0.981679,5,0.012944792
9628,7,7,0.8714274,2,0.111649126
9629,8,8,0.9999916,2,8.252007e-06
9630,8,8,0.9999998,2,9.157634e-08
9631,0,0,0.99999803,6,7.74781e-07
9632,6,6,0.9995341,2,0.00019883644
9633,0,0,0.99999684,2,2.5213674e-06
9634,0,0,0.74137914,1,0.19603923
9635,2,2,0.99999994,1,1.884055e-08
9636,3,3,0.9758985,5,0.024099164
9637,7,7,0.7398693,3,0.24607697
9638,9,9,0.7873961,7,0.15071838
9639,4,4,0.99975395,5,0.0001829291
9640,7,7,0.99944675,3,0.00051694637
9641,1,1,0.9997568,2,0.00011488554
9642,9,7,0.9723328,9,0.022354424
9643,1,1,0.96766347,8,0.009203114
9644,7,7,0.98039865,2,0.010474907
9645,1,1,0.9979043,7,0.0010400573
9646,4,4,0.99982166,7,0.00015388112
9647,0,0,0.99999887,2,6.5832484e-07
9648,0,0,0.99999946,2,3.1756537e-07
9649,1,1,0.9994888,7,0.00027418276
9650,7,7,0.99998754,3,7.2135167e-06
9651,5,5,0.9999905,3,5.9055756e-06
9652,7,7,0.9986505,2,0.0011987251
9653,1,1,0.99591523,7,0.0017999356
9654,3,3,0.99999994,5,5.6287416e-08
9655,3,3,0.99911463,5,0.00077805703
9656,3,3,0.99989384,5,0.00010459896
9657,1,1,0.9989305,2,0.0010565423
9658,6,6,0.99781936,0,0.0020354919
9659,9,9,0.99996406,8,2.6651072e-05
9660,7,7,0.99652153,3,0.002776405
9661,1,1,0.9969771,9,0.001977854
9662,3,3,0.9999824,8,1.7398295e-05
9663,0,0,0.97171104,2,0.02828408
9664,2,2,0.9253917,3,0.05507909
9665,6,6,0.99987054,4,5.736409e-05
9666,0,0,0.99861604,2,0.0010078351
9667,8,8,0.99999815,2,1.8013976e-06
9668,9,9,0.9999886,3,6.4133583e-06
9669,4,4,0.76906127,7,0.220518
9670,3,3,0.99999994,5,3.7404785e-08
9671,5,5,0.99999946,8,3.865867e-07
9672,4,4,0.8279104,2,0.16454361
9673,8,8,0.9999998,9,6.061618e-08
9674,1,1,0.99977326,2,0.00021335247
9675,5,5,0.9999997,3,1.4729316e-07
9676,9,9,0.98835236,3,0.011356673
9677,0,0,0.99959785,2,0.0003165239
9678,6,6,0.99851596,0,0.0012717873
9679,6,3,0.5807044,6,0.32668516
9680,3,3,0.9999997,8,2.4145675e-07
9681,8,8,0.9999997,3,2.4364195e-07
9682,1,1,0.9997926,2,0.0001874686
9683,4,4,0.99990386,7,4.655105e-05
9684,7,7,0.9999803,2,7.4636328e-06
9685,5,5,0.9999992,9,6.3617233e-07
9686,2,2,0.9999954,1,3.877924e-06
9687,0,0,0.99991673,8,3.346916e-05
9688,0,0,0.9997847,8,0.00013496056
9689,1,1,0.99999684,4,1.3045612e-06
9690,7,7,0.9999259,2,4.7625446e-05
9691,8,8,0.9999965,7,1.9450415e-06
9692,9,7,0.4596717,9,0.26415506
9693,6,6,0.99579895,5,0.0035883887
9694,8,8,0.99998075,2,1.4163494e-05
9695,8,8,0.99989754,2,9.490269e-05
9696,2,2,0.99988204,1,0.000111957226
9697,3,3,0.9999905,5,9.234725e-06
9698,6,6,0.5377693,1,0.1768061
9699,1,1,0.99741054,2,0.0015202045
9700,2,2,0.99821746,8,0.0011978294
9701,9,9,0.99912643,8,0.0004121359
9702,5,5,0.9999991,8,6.9329565e-07
9703,2,2,0.99989325,1,0.000103325976
9704,0,0,0.9999985,8,1.1006667e-06
9705,1,1,0.9999998,2,1.13787976e-07
9706,2,2,0.99990183,1,4.1781004e-05
9707,3,3,0.99999994,5,1.3612379e-09
9708,4,4,0.9999955,1,2.48473e-06
9709,5,5,0.99080557,6,0.007320342
9710,6,6,0.99999267,8,4.106026e-06
9711,7,7,0.999999,1,7.9562335e-07
9712,8,8,0.999851,5,0.00011664786
9713,9,9,0.99996716,7,1.4953665e-05
9714,0,0,0.9998405,6,0.00014961934
9715,1,1,0.9999996,4,1.6700642e-07
9716,2,2,0.9994821,1,0.00045894273
9717,3,3,0.99999994,5,3.3914898e-08
9718,4,4,0.99999994,1,3.9487267e-09
9719,5,5,0.9993319,3,0.00033110386
9720,6,6,0.99950284,5,0.0002881206
9721,7,7,0.99999446,9,2.6553585e-06
9722,8,8,0.99999934,2,5.506916e-07
9723,9,9,0.99961096,8,0.00038125226
9724,0,0,0.99999374,2,5.7304856e-06
9725,1,1,0.99999875,4,6.238192e-07
9726,2,2,0.9999792,1,1.10766005e-05
9727,3,3,0.99999994,5,1.6134429e-08
9728,4,4,0.999981,8,1.1845991e-05
9729,5,6,0.99651533,5,0.0019126342
9730,6,6,0.9999042,5,9.1853195e-05
9731,7,7,0.9999158,9,4.4322354e-05
9732,8,8,0.99999994,5,6.5667666e-10
9733,9,9,0.9984957,8,0.0014464997
9734,7,7,0.99998754,5,5.76913e-06
9735,4,4,0.83152354,7,0.16660854
9736,6,6,0.9992091,5,0.00041082103
9737,1,1,0.99999803,7,1.0087113e-06
9738,4,4,0.9998324,1,0.00016208278
9739,0,0,0.99978447,8,0.00013007478
9740,9,9,0.99925375,7,0.00051028875
9741,9,9,0.9968991,7,0.002633408
9742,3,3,0.99985766,8,0.0001411532
9743,7,7,0.9999803,1,1.7894305e-05
9744,8,8,0.9999165,2,8.318075e-05
9745,4,4,0.9192176,2,0.078305736
9746,7,7,0.99998516,1,7.997335e-06
9747,5,5,0.999994,3,4.675031e-06
9748,8,8,0.99999994,2,5.3700298e-08
9749,5,5,0.99326324,0,0.0039015538
9750,3,3,0.9999818,5,1.0346849e-05
9751,2,2,0.9999613,3,1.9304787e-05
9752,2,2,0.9999977,7,9.066522e-07
9753,0,0,0.9999861,8,1.0232632e-05
9754,5,5,0.9743164,6,0.014588065
9755,8,8,0.99996096,5,3.895744e-05
9756,6,6,0.99998146,8,1.0372484e-05
9757,0,0,0.99997073,2,2.635646e-05
9758,3,3,0.9999947,5,5.2005075e-06
9759,8,8,0.99999994,2,1.7254733e-08
9760,1,1,0.9999959,7,2.2009738e-06
9761,0,0,0.999986,2,1.2777109e-05
9762,3,3,0.9946733,8,0.004649268
9763,0,0,0.9999687,8,2.7103984e-05
9764,4,4,0.9749341,9,0.006075857
9765,7,7,0.9999861,3,1.0193001e-05
9766,4,4,0.9999965,1,1.9281372e-06
9767,9,9,0.9993301,8,0.00054922176
9768,2,2,0.99908245,8,0.00067752064
9769,9,9,0.99752384,8,0.0024752228
9770,5,0,0.9563738,5,0.04071273
9771,7,7,0.99999756,9,9.1716186e-07
9772,1,1,0.9999986,2,9.254279e-07
9773,7,7,0.9999874,4,1.0260045e-05
9774,1,1,0.999999,4,7.111431e-07
9775,6,6,0.99999624,4,1.3913447e-06
9776,6,6,0.99999255,5,7.0454644e-06
9777,5,5,0.99920696,6,0.00028519862
9778,6,6,0.99999267,5,6.0116795e-06
9779,2,2,0.9999617,8,1.9252597e-05
9780,8,8,0.9999953,2,3.7085188e-06
9781,7,7,0.99985266,2,7.2373325e-05
9782,6,6,0.99598706,5,0.0039648185
9783,4,4,0.9999582,7,1.8121387e-05
9784,9,9,0.9999978,7,1.0486244e-06
9785,9,9,0.9999679,8,2.6026279e-05
9786,5,5,0.9999884,3,9.867337e-06
9787,3,3,0.99999803,8,1.7772958e-06
9788,7,7,0.99996334,2,3.337863e-05
9789,4,4,0.9996112,9,0.00015836014
9790,3,3,0.9999997,2,6.8199405e-08
9791,0,0,0.99997586,2,2.2811602e-05
9792,4,9,0.90782326,7,0.04520007
9793,6,6,0.9954945,5,0.0037897176
9794,6,6,0.9999929,8,6.090096e-06
9795,1,1,0.9999761,7,2.3300803e-05
9796,1,1,0.9999899,2,8.429979e-06
9797,3,3,0.99999934,8,3.0885403e-07
9798,2,2,0.999999,7,5.2868137e-07
9799,1,1,0.9999706,7,2.2684573e-05
9800,0,0,0.9794844,8,0.015986014
9801,0,0,0.9999972,2,2.6626842e-06
9802,1,1,0.99999934,4,2.61799e-07
9803,2,2,0.99997514,8,2.0465888e-05
9804,3,3,0.9999873,5,1.2578015e-05
9805,4,4,0.99999994,8,1.5079442e-08
9806,7,7,0.99948317,2,0.00029564125
9807,8,8,0.99999994,2,2.1566318e-10
9808,9,9,0.9991985,5,0.0007124396
9809,0,0,0.999996,8,2.7415688e-06
9810,1,1,0.9999986,7,1.1235653e-06
9811,2,2,0.9976946,8,0.0015914722
9812,3,3,0.9999996,5,3.7397407e-07
9813,4,4,0.99999696,9,1.6422304e-06
9814,5,5,0.99999374,6,3.2078565e-06
9815,6,6,0.99994034,5,5.634763e-05
9816,7,7,0.9979947,3,0.0009335344
9817,8,8,0.99999994,6,2.5405543e-08
9818,0,0,0.9999668,2,2.2104547e-05
9819,1,1,0.9999921,7,4.5915826e-06
9820,2,2,0.99995166,3,3.5781086e-05
9821,3,3,0.99999994,5,2.2584135e-08
9822,4,4,0.99999994,8,2.7865126e-09
9823,7,7,0.99995273,3,3.9157887e-05
9824,8,8,0.99999994,5,5.2432725e-08
9825,9,9,0.9999977,4,9.611509e-07
9826,0,0,0.9997095,2,0.00026286865
9827,8,8,0.99999994,9,1.0882154e-08
9828,3,3,0.9984379,5,0.0015614472
9829,9,9,0.999983,4,6.716811e-06
9830,5,5,0.9999984,8,5.714786e-07
9831,5,5,0.9990192,6,0.00092569017
9832,2,2,0.9983942,1,0.0014215391
9833,6,6,0.9999328,8,4.2717737e-05
9834,8,8,0.9998145,6,0.00016299674
9835,4,4,0.99999887,6,6.2045694e-07
9836,1,1,0.99999493,7,2.938215e-06
9837,7,7,0.99876285,2,0.0006943076
9838,1,1,0.9999841,7,1.1589396e-05
9839,2,2,0.51822436,7,0.33816138
9840,3,3,0.99786484,5,0.0021046493
9841,5,5,0.99987966,6,0.00010652985
9842,6,6,0.999608,5,0.0003386658
9843,9,9,0.999988,3,4.668414e-06
9844,1,1,0.99999684,2,1.7433998e-06
9845,1,1,0.99999064,2,6.5209374e-06
9846,1,1,0.99999267,2,3.2904331e-06
9847,2,2,0.99811167,7,0.001618732
9848,1,1,0.9999929,7,3.065849e-06
9849,2,2,0.9999897,3,6.5827453e-06
9850,0,8,0.5808098,0,0.38264796
9851,7,7,0.9998703,3,0.000111538575
9852,7,7,0.9992287,3,0.00072123314
9853,5,5,0.99999386,8,3.9534943e-06
9854,8,8,0.9999991,5,7.877923e-07
9855,2,2,0.99977565,8,0.00015516579
9856,9,9,0.9918669,5,0.008122199
9857,8,8,0.9999892,5,6.670025e-06
9858,6,6,0.98607427,8,0.013334143
9859,7,7,0.999942,2,3.9401555e-05
9860,3,3,0.9999909,5,9.001316e-06
9861,4,4,0.99999994,6,1.780514e-08
9862,6,6,0.9970218,8,0.0021705683
9863,8,8,0.99994105,6,3.537019e-05
9864,7,7,0.9994883,9,0.00034509532
9865,0,0,0.9999922,2,4.95112e-06
9866,4,4,0.9999997,6,1.2372847e-07
9867,2,2,0.9999117,8,6.956146e-05
9868,7,7,0.9998081,3,0.0001717917
9869,7,7,0.99997836,3,1.6468413e-05
9870,5,5,0.9999935,6,5.83982e-06
9871,4,4,0.9999998,6,1.2432189e-07
9872,3,3,0.99999994,5,2.5635146e-08
9873,4,4,0.99999946,2,3.3139247e-07
9874,2,2,0.99854475,3,0.0009790662
9875,8,8,0.9999929,9,6.7971623e-06
9876,1,1,0.99999505,7,2.1081366e-06
9877,5,5,0.99999946,8,3.3246624e-07
9878,1,1,0.99999887,7,6.3013755e-07
9879,0,0,0.73886913,2,0.25704342
9880,2,2,0.99996644,8,3.2900287e-05
9881,3,3,0.99997514,5,2.4851546e-05
9882,3,3,0.99997145,5,2.8435708e-05
9883,5,5,0.9989105,6,0.00044165485
9884,7,7,0.9998572,9,0.000103506376
9885,0,0,0.99997956,8,1.2008574e-05
9886,6,6,0.9995691,5,0.0002334497
9887,8,8,0.99997777,5,1.8111254e-05
9888,6,6,0.88865185,8,0.083697625
9889,3,3,0.99999994,8,2.0025006e-08
9890,9,9,0.99783915,8,0.0017028543
9891,9,9,0.99811524,3,0.0009266518
9892,8,8,0.9960146,5,0.0032149274
9893,2,2,0.9995678,8,0.0003949704
9894,7,7,0.9998667,9,0.00010135687
9895,7,7,0.99999434,3,2.4365727e-06
9896,1,1,0.9999996,7,2.409964e-07
9897,0,0,0.99998003,2,1.9888275e-05
9898,1,1,0.9999997,7,7.7509306e-08
9899,7,7,0.99878025,3,0.0011689954
9900,8,8,0.99999994,5,1.7628947e-08
9901,9,9,0.9999983,8,6.606307e-07
9902,0,0,0.9989479,2,0.0010410108
9903,1,1,0.99991196,4,4.823141e-05
9904,2,2,0.85113215,8,0.14877717
9905,3,3,0.99895406,7,0.00041016995
9906,4,4,0.9928323,1,0.0026880468
9907,5,5,0.9999978,8,1.2901597e-06
9908,6,6,0.99999887,5,8.153536e-07
9909,7,7,0.9999755,2,1.3811147e-05
9910,8,8,0.9999997,5,1.8849649e-07
9911,0,0,0.9990666,2,0.0009320182
9912,1,1,0.99999756,7,1.0183659e-06
9913,2,2,0.99996895,8,1.3984361e-05
9914,3,3,0.9999984,5,1.2670213e-06
9915,4,4,0.9999792,1,1.8879182e-05
9916,7,7,0.9975199,2,0.0024186368
9917,8,8,0.99999994,2,2.5806446e-09
9918,9,9,0.9995778,8,0.00036427454
9919,7,7,0.9999973,2,1.2781367e-06
9920,8,8,0.99999994,9,2.0186635e-09
9921,6,6,0.9999903,8,6.095955e-06
9922,4,9,0.6803224,4,0.31749204
9923,1,1,0.9999992,4,3.13497e-07
9924,9,9,0.99967253,7,0.00018203938
9925,3,3,0.9999868,5,9.83884e-06
9926,8,8,0.9999991,2,8.19809e-07
9927,4,4,0.9999983,2,1.3391552e-06
9928,4,4,0.99999994,9,5.323273e-08
9929,7,7,0.9994789,3,0.00037439392
9930,0,0,0.99999994,2,3.8253564e-08
9931,1,1,0.99999505,7,3.983219e-06
9932,9,9,0.99993926,8,4.9903854e-05
9933,2,2,0.99999994,8,1.7496296e-08
9934,8,8,0.99999994,5,2.5233413e-09
9935,7,7,0.99884564,9,0.00052797294
9936,8,8,0.99999994,5,8.508703e-09
9937,2,2,0.999999,8,9.00135e-07
9938,6,6,0.9999905,5,6.6848584e-06
9939,0,0,0.9999506,2,4.2597912e-05
9940,6,6,0.99932665,0,0.0005925274
9941,5,5,0.9998974,6,9.163602e-05
9942,3,3,0.99999946,5,5.200178e-07
9943,3,3,0.9999897,5,9.991674e-06
9944,3,3,0.9999847,8,8.210957e-06
9945,9,9,0.9999711,8,1.4927108e-05
9946,1,1,0.999994,7,3.483215e-06
9947,4,4,0.99999934,7,2.8518082e-07
9948,0,0,0.9949701,8,0.0033996312
9949,6,6,0.99999934,4,5.4106147e-07
9950,1,1,0.999999,7,5.213876e-07
9951,0,0,0.99999005,8,6.9448615e-06
9952,0,0,0.9999748,2,2.4518946e-05
9953,6,6,0.99997836,4,1.39290705e-05
9954,2,2,0.9999985,8,1.253546e-06
9955,1,1,0.9999991,2,4.778621e-07
9956,1,1,0.99992996,2,6.699499e-05
9957,7,7,0.9999246,2,4.0906234e-05
9958,7,7,0.999993,9,3.7080717e-06
9959,8,8,0.9999606,9,2.7613863e-05
9960,4,4,0.9999965,9,2.9905755e-06
9961,6,6,0.9999997,4,2.0518178e-07
9962,0,0,0.9998441,2,0.00014629953
9963,7,7,0.9993686,2,0.00046893474
9964,0,0,0.9999196,2,7.75296e-05
9965,3,3,0.99999565,5,4.3175405e-06
9966,6,6,0.9999767,4,2.3082675e-05
9967,8,8,0.99999994,3,1.5723029e-11
9968,7,7,0.9993796,3,0.0006088257
9969,1,1,0.99999875,7,6.2439887e-07
9970,5,5,0.99970007,3,0.00029947973
9971,2,2,0.99999994,3,1.8973294e-08
9972,4,4,0.9999884,9,6.78515e-06
9973,9,9,0.99998385,8,1.3768941e-05
9974,4,4,0.9999979,9,6.0789654e-07
9975,3,3,0.99968374,2,0.00025187182
9976,6,6,0.53955233,4,0.4573753
9977,4,4,0.9997467,7,0.00024050377
9978,1,1,0.99998754,7,8.70802e-06
9979,7,7,0.9999723,3,2.3543538e-05
9980,2,2,0.999978,8,1.4568899e-05
9981,6,6,0.99865794,0,0.000795227
9982,5,5,0.97821116,6,0.019134127
9983,0,0,0.9999984,2,1.4307767e-06
9984,1,1,0.999671,8,0.0002715978
9985,2,2,0.9998866,7,5.427244e-05
9986,3,3,0.9999978,5,1.37528e-06
9987,4,4,0.99999994,8,1.654517e-08
9988,5,5,0.99999815,3,1.8061971e-06
9989,6,6,0.9999978,5,1.7420751e-06
9990,7,7,0.9999016,3,7.058384e-05
9991,8,8,0.99999994,5,1.8241602e-08
9992,9,9,0.999914,4,7.334961e-05
9993,0,0,0.9998584,2,8.711908e-05
9994,1,1,0.99998647,2,8.548709e-06
9995,2,2,0.9999996,8,2.1138827e-07
9996,3,3,0.9999693,5,3.067881e-05
9997,4,4,0.99999756,8,2.3556788e-06
9998,5,5,0.99753964,8,0.0023572668
9999,6,6,0.9999923,4,4.6032947e-06
